{
    "0.0": {
        "A_cpg": 9.806077891697329e-09, 
        "u_A_cpg": 8.968631035854875e-10, 
        "B_cpg_2": 232.70233532704992, 
        "u_B_cpg_2": 0.16431594742253586
    }, 
    "45.0": {
        "A_cpg": 7.524054290376557e-09, 
        "u_A_cpg": 8.784204819908353e-10, 
        "B_cpg_2": 232.71970838665604, 
        "u_B_cpg_2": 0.18286395504662106
    }, 
    "80.0": {
        "A_cpg": 5.331825453259681e-09, 
        "u_A_cpg": 1.7484826008451734e-09, 
        "B_cpg_2": 235.67853367674329, 
        "u_B_cpg_2": 0.8051616740304522
    }, 
    "120.0": {
        "A_cpg": -9.333053932745668e-10, 
        "u_A_cpg": 3.523437119769136e-09, 
        "B_cpg_2": 239.91092450517172, 
        "u_B_cpg_2": 2.63365298693199
    }, 
    "140.0": {
        "A_cpg": 5.305190616715943e-09, 
        "u_A_cpg": 4.017278996646666e-09, 
        "B_cpg_2": 246.0348956138926, 
        "u_B_cpg_2": 3.8010972156296474
    }, 
    "170.0": {
        "A_cpg": 1.4421107579062686e-08, 
        "u_A_cpg": 4.97059647038022e-09, 
        "B_cpg_2": 261.4454088740144, 
        "u_B_cpg_2": 5.600946548574278
    }, 
    "200.0": {
        "A_cpg": -3.2634619242942863e-09, 
        "u_A_cpg": 4.026198034838494e-09, 
        "B_cpg_2": 313.2717637658601, 
        "u_B_cpg_2": 7.958014789207937
    }, 
    "350.0": {
        "A_cpg": -1.4077656330441893e-08, 
        "u_A_cpg": 1.1619877695626729e-08, 
        "B_cpg_2": 440.5790113829942, 
        "u_B_cpg_2": 21.98845217884042
    }, 
    "450.0": {
        "B_cpg_2": 858.4125557427174, 
        "u_B_cpg_2": 120.74021804851938
    }
}