{
    "0.0": {
        "A_cpg": 36.529689622711516, 
        "u_A_cpg": 0.024162435789252246, 
        "B_cpg_2": 6.765748569398801e-06, 
        "u_B_cpg_2": 1.3679456440638346e-06
    }, 
    "1.6": {
        "A_cpg": 36.83452529480357, 
        "u_A_cpg": 0.051818889552567624, 
        "B_cpg_2": -8.333969427916564e-07, 
        "u_B_cpg_2": 2.903752500666524e-06
    }, 
    "3.0": {
        "A_cpg": 36.97082462791625, 
        "u_A_cpg": 0.06065695087351949, 
        "B_cpg_2": 5.4495533290829015e-06, 
        "u_B_cpg_2": 4.7919836066834515e-06
    }
}