{
    "0.0": {
        "A_cpg": 23.634162546072684, 
        "u_A_cpg": 0.005575155917785559, 
        "B_cpg_2": -3.761661075750341e-06, 
        "u_B_cpg_2": 1.921237275179584e-06
    }, 
    "10.0": {
        "A_cpg": 23.63402107381747, 
        "u_A_cpg": 0.0027083842207921796, 
        "B_cpg_2": -7.327210762147722e-06, 
        "u_B_cpg_2": 1.6800057011186526e-06
    }, 
    "20.0": {
        "A_cpg": 23.63862874877188, 
        "u_A_cpg": 0.004248651723734526, 
        "B_cpg_2": -7.0947638731936105e-06, 
        "u_B_cpg_2": 1.9205834391749564e-06
    }, 
    "30.0": {
        "A_cpg": 23.649562320508977, 
        "u_A_cpg": 0.00776687724714687, 
        "B_cpg_2": -9.435373414947438e-06, 
        "u_B_cpg_2": 1.8128000912070155e-06
    }, 
    "45.0": {
        "A_cpg": 23.685492861952813, 
        "u_A_cpg": 0.009536472741292526, 
        "B_cpg_2": -2.039131880318325e-06, 
        "u_B_cpg_2": 2.1517138435420558e-06
    }, 
    "60.0": {
        "A_cpg": 23.714993915354032, 
        "u_A_cpg": 0.02198958850056282, 
        "B_cpg_2": -1.8639797459016778e-06, 
        "u_B_cpg_2": 2.271391409503144e-06
    }, 
    "80.0": {
        "A_cpg": 23.69288445595155, 
        "u_A_cpg": 0.03484042151278233, 
        "B_cpg_2": 4.908729640373823e-07, 
        "u_B_cpg_2": 2.2212820783972214e-06
    }, 
    "120.0": {
        "A_cpg": 23.81427064325481, 
        "u_A_cpg": 0.05613604026989279, 
        "B_cpg_2": -2.343808233576095e-06, 
        "u_B_cpg_2": 2.4923209706017965e-06
    }, 
    "200.0": {
        "A_cpg": 28.02249719989745, 
        "u_A_cpg": 0.1839599095855227, 
        "B_cpg_2": 9.036431949810097e-07, 
        "u_B_cpg_2": 3.8339001772005325e-06
    }
}