{
    "0.0": {
        "A_cpg": 33.68015564485509, 
        "u_A_cpg": 0.08436247792920883, 
        "B_cpg_2": 7.373998344859379e-07, 
        "u_B_cpg_2": 2.549264478544596e-06
    }, 
    "0.5": {
        "A_cpg": 33.50058664808778, 
        "u_A_cpg": 0.0769592637915335, 
        "B_cpg_2": 2.9778655852868556e-06, 
        "u_B_cpg_2": 2.5746125429550947e-06
    }, 
    "0.9": {
        "A_cpg": 33.019318594346004, 
        "u_A_cpg": 0.06535481654918679, 
        "B_cpg_2": -2.129814787251539e-06, 
        "u_B_cpg_2": 2.367221889889457e-06
    }, 
    "1.3": {
        "A_cpg": 32.92959194834792, 
        "u_A_cpg": 0.049330729237821384, 
        "B_cpg_2": 3.1042155440880613e-06, 
        "u_B_cpg_2": 2.065142935867363e-06
    }, 
    "1.7": {
        "A_cpg": 32.8833592153377, 
        "u_A_cpg": 0.024478914904925986, 
        "B_cpg_2": 1.9001597248073512e-06, 
        "u_B_cpg_2": 1.152906948701009e-06
    }, 
    "2.5": {
        "A_cpg": 32.950101501672435, 
        "u_A_cpg": 0.017545593404079456, 
        "B_cpg_2": 4.9377153940871215e-06, 
        "u_B_cpg_2": 8.537360836222902e-07
    }
}