{
    "0.0": {
        "A_cpdc": -0.03218067030140716, 
        "u_A_cpdc": 1.0602276157580288e-05, 
        "A_cdp": 0.12871988960050323, 
        "u_A_cdp": 4.2496364242740734e-05, 
        "A_c3pl1": -0.06436091310090199, 
        "u_A_c3pl1": 2.13413795488579e-05, 
        "A_c3pl2": -0.06436091310090199, 
        "u_A_c3pl2": 2.13413795488579e-05, 
        "A_ctp": -0.12939235352592543, 
        "u_A_ctp": 4.266934119983084e-05, 
        "A_ctg": 1.212210656589831, 
        "u_A_ctg": 0.0011773861250506134, 
        "A_cll1221": 0.06436083317854861, 
        "u_A_cll1221": 2.130695079505565e-05, 
        "B_cpdc_2": 0.0002803273481607877, 
        "u_B_cpdc_2": 3.582222470029584e-05, 
        "B_cdp_2": 0.003976258347822404, 
        "u_B_cdp_2": 4.1152692088275004e-05, 
        "B_c3pl1_2": 0.001035728615413295, 
        "u_B_c3pl1_2": 3.999426326462387e-05, 
        "B_c3pl2_2": 0.001035728615413295, 
        "u_B_c3pl2_2": 3.999426326462387e-05, 
        "B_ctp_2": 0.003967598049799994, 
        "u_B_ctp_2": 3.540867554014217e-05, 
        "B_ctg_2": 0.3461561260972183, 
        "u_B_ctg_2": 0.0005105554262287793, 
        "B_cll1221_2": 0.0009054046105775858, 
        "u_B_cll1221_2": 3.140718760162261e-05, 
        "B_cpdc_cdp": -0.001919013270749972, 
        "u_B_cpdc_cdp": 1.2914433513775674e-05, 
        "B_cpdc_c3pl1": 0.0009908403304380164, 
        "u_B_cpdc_c3pl1": 1.3731965353347925e-05, 
        "B_cpdc_c3pl2": 0.0009908403304380164, 
        "u_B_cpdc_c3pl2": 1.3731965353347925e-05, 
        "B_cpdc_ctp": 0.001955474137737376, 
        "u_B_cpdc_ctp": 1.4663541071010235e-05, 
        "B_cpdc_ctg": -0.018338635352131073, 
        "u_B_cpdc_ctg": 2.128585934624648e-05, 
        "B_cpdc_cll1221": -0.0009339986901017334, 
        "u_B_cpdc_cll1221": 1.3802188015920769e-05, 
        "B_cdp_c3pl1": -0.00392128848624641, 
        "u_B_cdp_c3pl1": 1.9657240527123746e-05, 
        "B_cdp_c3pl2": -0.00392128848624641, 
        "u_B_cdp_c3pl2": 1.9657240527123746e-05, 
        "B_cdp_ctp": -0.007842287912632239, 
        "u_B_cdp_ctp": 1.3906917598638173e-05, 
        "B_cdp_ctg": 0.07345975003702165, 
        "u_B_cdp_ctg": 7.381983078998719e-05, 
        "B_cdp_cll1221": 0.003937357142720571, 
        "u_B_cdp_cll1221": 1.3480327542051653e-05, 
        "B_c3pl1_c3pl2": 0.0019410654685429799, 
        "u_B_c3pl1_c3pl2": 2.1238787995552848e-05, 
        "B_c3pl1_ctp": 0.003906790736699308, 
        "u_B_c3pl1_ctp": 1.3267558184195143e-05, 
        "B_c3pl1_ctg": -0.036768619528948984, 
        "u_B_c3pl1_ctg": 3.7471072931429844e-05, 
        "B_c3pl1_cll1221": -0.0019331596347805647, 
        "u_B_c3pl1_cll1221": 5.284986440273918e-06, 
        "B_c3pl2_ctp": 0.003906790736699308, 
        "u_B_c3pl2_ctp": 1.3267558184195143e-05, 
        "B_c3pl2_ctg": -0.036768619528948984, 
        "u_B_c3pl2_ctg": 3.7471072931429844e-05, 
        "B_c3pl2_cll1221": -0.0019331596347805647, 
        "u_B_c3pl2_cll1221": 5.284986440273918e-06, 
        "B_ctp_ctg": -0.0739126099340814, 
        "u_B_ctp_ctg": 7.120601944468516e-05, 
        "B_ctp_cll1221": -0.0039047728378294906, 
        "u_B_ctp_cll1221": 1.3796794034294302e-05, 
        "B_ctg_cll1221": 0.036736140269589684, 
        "u_B_ctg_cll1221": 4.0396159343447634e-05
    }, 
    "30.0": {
        "A_cpdc": -0.03218643977759232, 
        "u_A_cpdc": 1.9896402551697204e-05, 
        "A_cdp": 0.12874581883717076, 
        "u_A_cdp": 7.96362086203107e-05, 
        "A_c3pl1": -0.06437319850324945, 
        "u_A_c3pl1": 3.999196636089429e-05, 
        "A_c3pl2": -0.06437319850324945, 
        "u_A_c3pl2": 3.999196636089429e-05, 
        "A_ctp": -0.12941833394045846, 
        "u_A_ctp": 7.993792058386278e-05, 
        "A_ctg": 1.2164220302357294, 
        "u_A_ctg": 0.001702670945982874, 
        "A_cll1221": 0.064373134262213, 
        "u_A_cll1221": 3.987787586199526e-05, 
        "B_cpdc_2": 0.000243148095670664, 
        "u_B_cpdc_2": 5.8600412734060756e-05, 
        "B_cdp_2": 0.0038750267504338433, 
        "u_B_cdp_2": 7.543166281269079e-05, 
        "B_c3pl1_2": 0.0010360642175560792, 
        "u_B_c3pl1_2": 7.638793764717517e-05, 
        "B_c3pl2_2": 0.0010360642175560792, 
        "u_B_c3pl2_2": 7.638793764717517e-05, 
        "B_ctp_2": 0.004041349294022248, 
        "u_B_ctp_2": 5.680399432075499e-05, 
        "B_ctg_2": 0.348336058430129, 
        "u_B_ctg_2": 0.000951723200880706, 
        "B_cll1221_2": 0.0009463964925339476, 
        "u_B_cll1221_2": 5.231187236858647e-05, 
        "B_cpdc_cdp": -0.001931063905042672, 
        "u_B_cpdc_cdp": 2.6988374879313643e-05, 
        "B_cpdc_c3pl1": 0.0009656030256788364, 
        "u_B_cpdc_c3pl1": 2.476994505379744e-05, 
        "B_cpdc_c3pl2": 0.0009656030256788364, 
        "u_B_cpdc_c3pl2": 2.476994505379744e-05, 
        "B_cpdc_ctp": 0.001982290506188767, 
        "u_B_cpdc_ctp": 3.151661317941244e-05, 
        "B_cpdc_ctg": -0.018428993416608263, 
        "u_B_cpdc_ctg": 3.1877368545361736e-05, 
        "B_cpdc_cll1221": -0.0009655460942305787, 
        "u_B_cpdc_cll1221": 2.473315458820313e-05, 
        "B_cdp_c3pl1": -0.0039134394698362015, 
        "u_B_cdp_c3pl1": 3.101546728565344e-05, 
        "B_cdp_c3pl2": -0.0039134394698362015, 
        "u_B_cdp_c3pl2": 3.101546728565344e-05, 
        "B_cdp_ctp": -0.007826879339008577, 
        "u_B_cdp_ctp": 2.404996639456531e-05, 
        "B_cdp_ctg": 0.0737162854958965, 
        "u_B_cdp_ctg": 0.00010429367384688797, 
        "B_cdp_cll1221": 0.003926310039954004, 
        "u_B_cdp_cll1221": 2.4717276256553072e-05, 
        "B_c3pl1_c3pl2": 0.0019119429511951001, 
        "u_B_c3pl1_c3pl2": 3.669679280593956e-05, 
        "B_c3pl1_ctp": 0.003919832086693183, 
        "u_B_c3pl1_ctp": 2.225216998837039e-05, 
        "B_c3pl1_ctg": -0.03690284886653114, 
        "u_B_c3pl1_ctg": 5.41000606639918e-05, 
        "B_c3pl1_cll1221": -0.0019759262422000398, 
        "u_B_c3pl1_cll1221": 1.7713451858653404e-05, 
        "B_c3pl2_ctp": 0.003919832086693183, 
        "u_B_c3pl2_ctp": 2.225216998837039e-05, 
        "B_c3pl2_ctg": -0.03690284886653114, 
        "u_B_c3pl2_ctg": 5.41000606639918e-05, 
        "B_c3pl2_cll1221": -0.0019759262422000398, 
        "u_B_c3pl2_cll1221": 1.7713451858653404e-05, 
        "B_ctp_ctg": -0.07411905422333, 
        "u_B_ctp_ctg": 0.00010357967828059401, 
        "B_ctp_cll1221": -0.00390707510167282, 
        "u_B_ctp_cll1221": 2.4779334791931446e-05, 
        "B_ctg_cll1221": 0.03686449175903141, 
        "u_B_ctg_cll1221": 5.914231917949002e-05
    }, 
    "45.0": {
        "A_cpdc": -0.03220203895701897, 
        "u_A_cpdc": 1.300170214323957e-05, 
        "A_cdp": 0.12880300671534559, 
        "u_A_cdp": 5.20120188134692e-05, 
        "A_c3pl1": -0.06440325028648135, 
        "u_A_c3pl1": 2.6085047993924507e-05, 
        "A_c3pl2": -0.06440325028648135, 
        "u_A_c3pl2": 2.6085047993924507e-05, 
        "A_ctp": -0.12947677952724115, 
        "u_A_ctp": 5.239501258335716e-05, 
        "A_ctg": 1.2204287303240577, 
        "u_A_ctg": 0.003101694867813664, 
        "A_cll1221": 0.06440176940371152, 
        "u_A_cll1221": 2.6132489620983043e-05, 
        "B_cpdc_2": 0.00031892961270353946, 
        "u_B_cpdc_2": 5.759070275217916e-05, 
        "B_cdp_2": 0.00402599838416456, 
        "u_B_cdp_2": 6.485518242700329e-05, 
        "B_c3pl1_2": 0.0011099319492593705, 
        "u_B_c3pl1_2": 6.476500525726359e-05, 
        "B_c3pl2_2": 0.0011099319492593705, 
        "u_B_c3pl2_2": 6.476500525726359e-05, 
        "B_ctp_2": 0.004025875025347686, 
        "u_B_ctp_2": 5.542986942466736e-05, 
        "B_ctg_2": 0.35163343724121604, 
        "u_B_ctg_2": 0.002463815190442771, 
        "B_cll1221_2": 0.000979883813426336, 
        "u_B_cll1221_2": 5.146700230077568e-05, 
        "B_cpdc_cdp": -0.001918496882503367, 
        "u_B_cpdc_cdp": 2.2083110011542185e-05, 
        "B_cpdc_c3pl1": 0.0009739305284633286, 
        "u_B_cpdc_c3pl1": 2.3679818564073957e-05,