{
    "-0.5": {
        "B_cpg_2": 207.35720959578114, 
        "u_B_cpg_2": 4.136633220067097, 
        "B_cpdc_cpg": -0.5809375328082019, 
        "u_B_cpdc_cpg": 0.0006212187386111402, 
        "B_cdp_cpg": 2.3237525935428045, 
        "u_B_cdp_cpg": 0.002476753588077186, 
        "B_cpg_c3pl1": -1.1618751603206345, 
        "u_B_cpg_c3pl1": 0.0012316322282479141, 
        "B_cpg_c3pl2": -1.1618751603206345, 
        "u_B_cpg_c3pl2": 0.0012316322282479141, 
        "B_cpg_ctp": -2.335873125094669, 
        "u_B_cpg_ctp": 0.002476989265337637, 
        "B_cpg_ctg": 21.901164480605583, 
        "u_B_cpg_ctg": 0.023427038698107642, 
        "B_cpg_cll1221": 1.1618762020671718, 
        "u_B_cpg_cll1221": 0.0012241931689877192
    }, 
    "0.5": {
        "A_cpg": 2.207089790123567e-09, 
        "u_A_cpg": 9.604646348841743e-09, 
        "B_cpg_2": 212.8869144522186, 
        "u_B_cpg_2": 7.7372082962404205, 
        "B_cpdc_cpg": -0.5827728386486362, 
        "u_B_cpdc_cpg": 0.001386625769670476, 
        "B_cdp_cpg": 2.3310943821704186, 
        "u_B_cdp_cpg": 0.00554225804472014, 
        "B_cpg_c3pl1": -1.1655468492621266, 
        "u_B_cpg_c3pl1": 0.002771700956122153, 
        "B_cpg_c3pl2": -1.1655468492621266, 
        "u_B_cpg_c3pl2": 0.002771700956122153, 
        "B_cpg_ctp": -2.3432538756346752, 
        "u_B_cpg_ctp": 0.005571786755755058, 
        "B_cpg_ctg": 22.038695562496052, 
        "u_B_cpg_ctg": 0.11590561313833159, 
        "B_cpg_cll1221": 1.1655468167075473, 
        "u_B_cpg_cll1221": 0.0027723653033782467
    }, 
    "1.5": {
        "A_cpg": -7.410810464027127e-10, 
        "u_A_cpg": 2.892483470790817e-10, 
        "B_cpg_2": 204.52203160832659, 
        "u_B_cpg_2": 0.14894082302384248, 
        "B_cpdc_cpg": -0.5821675118722714, 
        "u_B_cpdc_cpg": 3.45873795905959e-05, 
        "B_cdp_cpg": 2.328670387865568, 
        "u_B_cdp_cpg": 0.00013833674351547903, 
        "B_cpg_c3pl1": -1.1643349240628589, 
        "u_B_cpg_c3pl1": 6.916249543187635e-05, 
        "B_cpg_c3pl2": -1.1643349240628589, 
        "u_B_cpg_c3pl2": 6.916249543187635e-05, 
        "B_cpg_ctp": -2.340817476333234, 
        "u_B_cpg_ctp": 0.00013905905754090233, 
        "B_cpg_ctg": 21.95187568497388, 
        "u_B_cpg_ctg": 0.0046210677088014745, 
        "B_cpg_cll1221": 1.1643351209949668, 
        "u_B_cpg_cll1221": 6.9157313019329e-05
    }, 
    "2.5": {
        "A_cpg": 6.469559200855137e-10, 
        "u_A_cpg": 6.318257824165345e-10, 
        "B_cpg_2": 273.3434192775895, 
        "u_B_cpg_2": 1.3534462418944129, 
        "B_cpdc_cpg": -0.58828538885263, 
        "u_B_cpdc_cpg": 0.0004605953155832983, 
        "B_cdp_cpg": 2.3531418801379473, 
        "u_B_cdp_cpg": 0.0018423833324675925, 
        "B_cpg_c3pl1": -1.1765708562683475, 
        "u_B_cpg_c3pl1": 0.0009211878371380476, 
        "B_cpg_c3pl2": -1.1765708562683475, 
        "u_B_cpg_c3pl2": 0.0009211878371380476, 
        "B_cpg_ctp": -2.365416702593953, 
        "u_B_cpg_ctp": 0.001851992829677173, 
        "B_cpg_ctg": 22.716498247984948, 
        "u_B_cpg_ctg": 0.05445580259996738, 
        "B_cpg_cll1221": 1.1765710238695999, 
        "u_B_cpg_cll1221": 0.0009212013021012302
    }, 
    "3.5": {
        "A_cpg": -1.4093266791133615e-09, 
        "u_A_cpg": 9.980686443044568e-10, 
        "B_cpg_2": 280.77158537513805, 
        "u_B_cpg_2": 2.6355056797726197, 
        "B_cpdc_cpg": -0.5914039573388563, 
        "u_B_cpdc_cpg": 0.0012131492107551414, 
        "B_cdp_cpg": 2.365615722684676, 
        "u_B_cdp_cpg": 0.0048526146208405065, 
        "B_cpg_c3pl1": -1.1828076800020644, 
        "u_B_cpg_c3pl1": 0.0024263040763486524, 
        "B_cpg_c3pl2": -1.1828076800020644, 
        "u_B_cpg_c3pl2": 0.0024263040763486524, 
        "B_cpg_ctp": -2.3779557149704584, 
        "u_B_cpg_ctp": 0.004877923028112595, 
        "B_cpg_ctg": 23.734943495549448, 
        "u_B_cpg_ctg": 0.12376770113096813, 
        "B_cpg_cll1221": 1.1828077546715892, 
        "u_B_cpg_cll1221": 0.002426312801191664
    }
}