{
    "450.0": {
        "A_cpg": 65.51250478478234, 
        "u_A_cpg": 1.3678911834225986, 
        "B_cpg_2": -5.9533146081402014e-05, 
        "u_B_cpg_2": 2.4317196880443522e-05
    }, 
    "500.0": {
        "A_cpg": 69.10705522154491, 
        "u_A_cpg": 1.5715928199287312, 
        "B_cpg_2": -4.6697432762894006e-05, 
        "u_B_cpg_2": 3.5738459392493436e-05
    }, 
    "550.0": {
        "A_cpg": 74.91046980004312, 
        "u_A_cpg": 1.4767636412534397, 
        "B_cpg_2": 3.807001477719066e-05, 
        "u_B_cpg_2": 4.7499782340463246e-05
    }, 
    "600.0": {
        "A_cpg": 81.08618953437778, 
        "u_A_cpg": 3.2227201885554906, 
        "B_cpg_2": -7.239224041072518e-06, 
        "u_B_cpg_2": 6.098924893115821e-05
    }, 
    "675.0": {
        "A_cpg": 86.49055773736758, 
        "u_A_cpg": 4.2957720615318165, 
        "B_cpg_2": 2.1957405915233575e-05, 
        "u_B_cpg_2": 9.194089635669353e-05
    }, 
    "800.0": {
        "A_cpg": 121.10454459204199, 
        "u_A_cpg": 8.477103148197001, 
        "B_cpg_2": 0.00023886624337163937, 
        "u_B_cpg_2": 0.000125295224620783
    }
}