{
    "0.0": {
        "A_cpg": -2.983963815350898e-09, 
        "u_A_cpg": 6.637539319885562e-10, 
        "B_cpg_2": 403.2911739605263, 
        "u_B_cpg_2": 1.322428754247604, 
        "B_cpdc_cpg": -1.0624736738059963, 
        "u_B_cpdc_cpg": 0.0006111022005280325, 
        "B_cdp_cpg": 4.249894177376039, 
        "u_B_cdp_cpg": 0.0024443779031742916, 
        "B_cpg_c3pl1": -2.1249469251570896, 
        "u_B_cpg_c3pl1": 0.0012221928126227813, 
        "B_cpg_c3pl2": -2.1249469251570896, 
        "u_B_cpg_c3pl2": 0.0012221928126227813, 
        "B_cpg_ctp": -4.272063547767576, 
        "u_B_cpg_ctp": 0.0024571246816727068, 
        "B_cpg_ctg": 40.86770973155852, 
        "u_B_cpg_ctg": 0.07936555291268331, 
        "B_cpg_cll1221": 2.1249469524122433, 
        "u_B_cpg_cll1221": 0.0012221891174717876
    }, 
    "1.6": {
        "A_cpg": -3.670455629264331e-09, 
        "u_A_cpg": 1.884682345644901e-09, 
        "B_cpg_2": 507.4410425531801, 
        "u_B_cpg_2": 4.08866403093081, 
        "B_cpdc_cpg": -1.0739952279091896, 
        "u_B_cpdc_cpg": 0.0015729382564244308, 
        "B_cdp_cpg": 4.295979494725133, 
        "u_B_cdp_cpg": 0.0062917421984850785, 
        "B_cpg_c3pl1": -2.1479900528993525, 
        "u_B_cpg_c3pl1": 0.0031458734505729375, 
        "B_cpg_c3pl2": -2.1479900528993525, 
        "u_B_cpg_c3pl2": 0.0031458734505729375, 
        "B_cpg_ctp": -4.318389729312002, 
        "u_B_cpg_ctp": 0.006324565857499604, 
        "B_cpg_ctg": 42.021131165379046, 
        "u_B_cpg_ctg": 0.15248894125608528, 
        "B_cpg_cll1221": 2.1479891874146726, 
        "u_B_cpg_cll1221": 0.003145882024931435
    }, 
    "3.0": {
        "A_cpg": 3.1500731892186994e-10, 
        "u_A_cpg": 4.0041941751654544e-09, 
        "B_cpg_2": 665.5183482039587, 
        "u_B_cpg_2": 7.676236577064847, 
        "B_cpdc_cpg": -1.0716813996641104, 
        "u_B_cpdc_cpg": 0.0016808442662506577, 
        "B_cdp_cpg": 4.286726419164716, 
        "u_B_cdp_cpg": 0.00672335297397073, 
        "B_cpg_c3pl1": -2.1433633109001793, 
        "u_B_cpg_c3pl1": 0.0033616835426575264, 
        "B_cpg_c3pl2": -2.1433633109001793, 
        "u_B_cpg_c3pl2": 0.0033616835426575264, 
        "B_cpg_ctp": -4.309087408928841, 
        "u_B_cpg_ctp": 0.006758465635676426, 
        "B_cpg_ctg": 41.35026952906122, 
        "u_B_cpg_ctg": 0.15701681346000027, 
        "B_cpg_cll1221": 2.1433626598085955, 
        "u_B_cpg_cll1221": 0.0033617024267945353
    }
}