{
    "0.0": {
        "A_cpg": 4.9834273602959746e-09, 
        "u_A_cpg": 1.2174038321685126e-09, 
        "B_cpg_2": 175.19771642480072, 
        "u_B_cpg_2": 0.6166541335444773
    }, 
    "5.0": {
        "A_cpg": 4.632238064100908e-09, 
        "u_A_cpg": 8.54014053460212e-10, 
        "B_cpg_2": 174.46229213230382, 
        "u_B_cpg_2": 0.06796684902911655
    }, 
    "10.0": {
        "A_cpg": 5.371923216620719e-09, 
        "u_A_cpg": 8.221906486931312e-10, 
        "B_cpg_2": 174.35451218191236, 
        "u_B_cpg_2": 0.05640867414594041
    }, 
    "15.0": {
        "A_cpg": 4.2234923156676145e-09, 
        "u_A_cpg": 8.825927360791391e-10, 
        "B_cpg_2": 174.43105953084958, 
        "u_B_cpg_2": 0.05033817607210611
    }, 
    "20.0": {
        "A_cpg": 5.200064531344441e-09, 
        "u_A_cpg": 9.3728709077141e-10, 
        "B_cpg_2": 174.34684647895628, 
        "u_B_cpg_2": 0.05644304532044514
    }, 
    "25.0": {
        "A_cpg": 5.167596521190267e-09, 
        "u_A_cpg": 1.0370671728137506e-09, 
        "B_cpg_2": 174.43715008074474, 
        "u_B_cpg_2": 0.11113326900341311
    }, 
    "30.0": {
        "A_cpg": 3.4582388808681416e-09, 
        "u_A_cpg": 1.1236711504168263e-09, 
        "B_cpg_2": 174.4627827946398, 
        "u_B_cpg_2": 0.06771025492966455
    }, 
    "35.0": {
        "A_cpg": 3.3067033765816632e-09, 
        "u_A_cpg": 8.913847134324803e-10, 
        "B_cpg_2": 174.60615000606987, 
        "u_B_cpg_2": 0.08053785957831924
    }, 
    "45.0": {
        "A_cpg": 1.2356501746975321e-09, 
        "u_A_cpg": 8.953945185155981e-10, 
        "B_cpg_2": 175.29836672598907, 
        "u_B_cpg_2": 0.14662578511294375
    }, 
    "60.0": {
        "A_cpg": 1.344462837264275e-09, 
        "u_A_cpg": 9.676486844883943e-10, 
        "B_cpg_2": 176.49850048222527, 
        "u_B_cpg_2": 0.591548748040632
    }, 
    "80.0": {
        "A_cpg": -6.033289687443201e-10, 
        "u_A_cpg": 1.2129700389911231e-09, 
        "B_cpg_2": 176.69651730675972, 
        "u_B_cpg_2": 0.48859910009028157
    }, 
    "100.0": {
        "A_cpg": -2.3367521328430107e-09, 
        "u_A_cpg": 1.5638660348128733e-09, 
        "B_cpg_2": 177.76612316918315, 
        "u_B_cpg_2": 0.7945293899958518
    }, 
    "120.0": {
        "A_cpg": -1.5105873722032528e-09, 
        "u_A_cpg": 1.8334272840928597e-09, 
        "B_cpg_2": 177.37551928126751, 
        "u_B_cpg_2": 0.9667162536985378
    }, 
    "140.0": {
        "A_cpg": -1.3322476569110887e-09, 
        "u_A_cpg": 1.7642556892022646e-09, 
        "B_cpg_2": 179.0215192534598, 
        "u_B_cpg_2": 1.4746922679487784
    }, 
    "170.0": {
        "A_cpg": -6.754636389171266e-10, 
        "u_A_cpg": 2.1213013115372258e-09, 
        "B_cpg_2": 187.32883703454252, 
        "u_B_cpg_2": 3.0128521937058874
    }, 
    "200.0": {
        "A_cpg": 6.622145661715513e-10, 
        "u_A_cpg": 2.136518656303959e-09, 
        "B_cpg_2": 200.94470112433578, 
        "u_B_cpg_2": 3.7334945792385907
    }, 
    "250.0": {
        "A_cpg": -5.328361054699656e-09, 
        "u_A_cpg": 2.8033651515746025e-09, 
        "B_cpg_2": 236.13087641208728, 
        "u_B_cpg_2": 4.508938855494624
    }, 
    "350.0": {
        "A_cpg": 5.279873637709952e-09, 
        "u_A_cpg": 4.740328357043092e-09, 
        "B_cpg_2": 314.4193126862654, 
        "u_B_cpg_2": 8.542802872299687
    }, 
    "450.0": {
        "A_cpg": -6.030843090055753e-09, 
        "u_A_cpg": 1.5705078680278698e-08, 
        "B_cpg_2": 597.7661130317225, 
        "u_B_cpg_2": 66.02177441853932
    }
}