{
    "0.0": {
        "A_chgtil": -0.46830420196282335, 
        "u_A_chgtil": 1.1234107922858079, 
        "A_chg": 39.56030990737907, 
        "u_A_chg": 0.05140389651159223, 
        "B_chgtil_2": 384.8185927708493, 
        "u_B_chgtil_2": 21.410312723273556, 
        "B_chg_2": 391.2875761428275, 
        "u_B_chg_2": 1.0285956277276072, 
        "B_chgtil_chg": -9.277046488551262, 
        "u_B_chgtil_chg": 22.184045390663577
    }, 
    "10.0": {
        "A_chgtil": 0.42342829983885844, 
        "u_A_chgtil": 0.5526792524514048, 
        "A_chg": 39.74611065371337, 
        "u_A_chg": 0.08761612483214075, 
        "B_chgtil_2": 376.39052876415025, 
        "u_B_chgtil_2": 12.543077094538104, 
        "B_chg_2": 395.19681099590855, 
        "u_B_chg_2": 1.8454496066184969, 
        "B_chgtil_chg": 9.639408896079829, 
        "u_B_chgtil_chg": 11.410929288103402
    }, 
    "20.0": {
        "A_chgtil": -0.4145699319137553, 
        "u_A_chgtil": 0.4743822063824555, 
        "A_chg": 39.75271363252027, 
        "u_A_chg": 0.06676294788896046, 
        "B_chgtil_2": 387.7517083263459, 
        "u_B_chgtil_2": 9.548376403084038, 
        "B_chg_2": 395.2929414152428, 
        "u_B_chg_2": 1.427372349264292, 
        "B_chgtil_chg": -9.092696413181276, 
        "u_B_chgtil_chg": 9.538425877969807
    }, 
    "30.0": {
        "A_chgtil": 1.424468572674155, 
        "u_A_chgtil": 0.6713392504805366, 
        "A_chg": 39.867723081738944, 
        "u_A_chg": 0.04790196581162905, 
        "B_chgtil_2": 433.8864386562281, 
        "u_B_chgtil_2": 30.293214433481534, 
        "B_chg_2": 397.59309152847663, 
        "u_B_chg_2": 1.0164507965095642, 
        "B_chgtil_chg": 29.130653323325244, 
        "u_B_chgtil_chg": 13.49008573526731
    }, 
    "45.0": {
        "A_chgtil": -0.4109533570821889, 
        "u_A_chgtil": 0.4041028113580088, 
        "A_chg": 40.147398944718596, 
        "u_A_chg": 0.06096688874192136, 
        "B_chgtil_2": 412.60587834415264, 
        "u_B_chgtil_2": 9.173435242399826, 
        "B_chg_2": 403.3018593025118, 
        "u_B_chg_2": 1.2931060010476996, 
        "B_chgtil_chg": -8.27432911847298, 
        "u_B_chgtil_chg": 8.29385107077795
    }, 
    "60.0": {
        "A_chgtil": 0.02430074684403247, 
        "u_A_chgtil": 0.2538537628580062, 
        "A_chg": 40.38381210989413, 
        "u_A_chg": 0.06752716153335232, 
        "B_chgtil_2": 395.96740094561386, 
        "u_B_chgtil_2": 4.46247763610852, 
        "B_chg_2": 408.1289252648929, 
        "u_B_chg_2": 1.4287928068390783, 
        "B_chgtil_chg": 0.5701370496026701, 
        "u_B_chgtil_chg": 5.157962342927468
    }, 
    "80.0": {
        "A_chgtil": -0.0048433811344147535, 
        "u_A_chgtil": 0.3952501746350455, 
        "A_chg": 40.96897644826927, 
        "u_A_chg": 0.17980496297988274, 
        "B_chgtil_2": 427.8918375848688, 
        "u_B_chgtil_2": 10.527957450396398, 
        "B_chg_2": 420.45639269662956, 
        "u_B_chg_2": 2.4299740241785224, 
        "B_chgtil_chg": 0.028433807423955224, 
        "u_B_chgtil_chg": 8.741926364808691
    }, 
    "120.0": {
        "A_chgtil": 0.14821392606371026, 
        "u_A_chgtil": 0.3393623829685536, 
        "A_chg": 42.832451688763115, 
        "u_A_chg": 0.24513577567684033, 
        "B_chgtil_2": 468.21844764775454, 
        "u_B_chgtil_2": 11.682942687874016, 
        "B_chg_2": 463.53130217556725, 
        "u_B_chg_2": 5.9339206024917415, 
        "B_chgtil_chg": 3.4865857090872003, 
        "u_B_chgtil_chg": 8.04402132945464
    }, 
    "200.0": {
        "A_chgtil": -1.2166432264676705, 
        "u_A_chgtil": 0.7293921475936858, 
        "A_chg": 30.616844407234456, 
        "u_A_chg": 1.7499548216420546, 
        "B_chgtil_2": 412.68553897614504, 
        "u_B_chgtil_2": 27.673651968315415, 
        "B_chg_2": 403.0170664573397, 
        "u_B_chg_2": 23.872497568452456, 
        "B_chgtil_chg": -6.913665658232824, 
        "u_B_chgtil_chg": 6.904605896355983
    }
}