{
    "450.0": {
        "A_cpg": 41.67208802089956, 
        "u_A_cpg": 1.78300392492303, 
        "B_cpg_2": -5.548371706837956e-05, 
        "u_B_cpg_2": 5.56142185014144e-05
    }, 
    "500.0": {
        "A_cpg": 35.49784140525958, 
        "u_A_cpg": 7.62445367681762, 
        "B_cpg_2": -1.4720168771461372e-05, 
        "u_B_cpg_2": 4.8503223953719826e-05
    }, 
    "550.0": {
        "A_cpg": 38.35587389819072, 
        "u_A_cpg": 4.529394594639365, 
        "B_cpg_2": -2.5760302295034315e-05, 
        "u_B_cpg_2": 5.918019769830597e-05
    }, 
    "600.0": {
        "A_cpg": 48.001436214507, 
        "u_A_cpg": 2.3115653907975586, 
        "B_cpg_2": -0.00017664206246276995, 
        "u_B_cpg_2": 6.145308587240364e-05
    }, 
    "675.0": {
        "A_cpg": 53.69651620851697, 
        "u_A_cpg": 3.708535369283781, 
        "B_cpg_2": 1.717353891459274e-05, 
        "u_B_cpg_2": 0.0001271692117206968
    }, 
    "800.0": {
        "A_cpg": 75.96802497666552, 
        "u_A_cpg": 1.7134201358080836, 
        "B_cpg_2": 0.0002576030055879009, 
        "u_B_cpg_2": 0.00012880150530478104
    }
}