{
    "0.0": {
        "A_cpg": 1.1834683300070287e-08, 
        "u_A_cpg": 8.945055121869617e-10, 
        "B_cpg_2": 270.46977223040597, 
        "u_B_cpg_2": 0.4936476131252455, 
        "B_cpdc_cpg": -0.7679409542171961, 
        "u_B_cpdc_cpg": 7.332045562082182e-05, 
        "B_cdp_cpg": 3.0717625513668305, 
        "u_B_cdp_cpg": 0.00029339229676503964, 
        "B_cpg_c3pl1": -1.535881396207411, 
        "u_B_cpg_c3pl1": 0.0001466361462780404, 
        "B_cpg_c3pl2": -1.535881396207411, 
        "u_B_cpg_c3pl2": 0.0001466361462780404, 
        "B_cpg_ctp": -3.087785862890405, 
        "u_B_cpg_ctp": 0.0002949309199267744, 
        "B_cpg_ctg": 28.95247194523153, 
        "u_B_cpg_ctg": 0.003852579173042316, 
        "B_cpg_cll1221": 1.5358815796134908, 
        "u_B_cpg_cll1221": 0.000146568466604516
    }, 
    "10.0": {
        "A_cpg": 1.0450171379322438e-08, 
        "u_A_cpg": 7.793765113064866e-10, 
        "B_cpg_2": 274.1570576480595, 
        "u_B_cpg_2": 0.6680985178785102, 
        "B_cpdc_cpg": -0.767838456592203, 
        "u_B_cpdc_cpg": 8.121330526404718e-05, 
        "B_cdp_cpg": 3.0713528817601667, 
        "u_B_cdp_cpg": 0.00032491393507938314, 
        "B_cpg_c3pl1": -1.5356765651706938, 
        "u_B_cpg_c3pl1": 0.00016247059731856877, 
        "B_cpg_c3pl2": -1.5356765651706938, 
        "u_B_cpg_c3pl2": 0.00016247059731856877, 
        "B_cpg_ctp": -3.0873740945018255, 
        "u_B_cpg_ctp": 0.0003266209814138287, 
        "B_cpg_ctg": 28.949145385801636, 
        "u_B_cpg_ctg": 0.004501850531175022, 
        "B_cpg_cll1221": 1.5356767372653868, 
        "u_B_cpg_cll1221": 0.00016246458327051635
    }, 
    "20.0": {
        "A_cpg": 1.0630161573761368e-08, 
        "u_A_cpg": 9.489201610537604e-10, 
        "B_cpg_2": 284.5422427983387, 
        "u_B_cpg_2": 1.2370137386350015, 
        "B_cpdc_cpg": -0.7678526559646078, 
        "u_B_cpdc_cpg": 0.00014960164886599958, 
        "B_cdp_cpg": 3.071409588781838, 
        "u_B_cdp_cpg": 0.0005983605484003905, 
        "B_cpg_c3pl1": -1.5357048475034403, 
        "u_B_cpg_c3pl1": 0.0002992367310536757, 
        "B_cpg_c3pl2": -1.5357048475034403, 
        "u_B_cpg_c3pl2": 0.0002992367310536757, 
        "B_cpg_ctp": -3.0874311045766594, 
        "u_B_cpg_ctp": 0.0006015112515756559, 
        "B_cpg_ctg": 28.956391565201884, 
        "u_B_cpg_ctg": 0.010468395117851614, 
        "B_cpg_cll1221": 1.5357050056058323, 
        "u_B_cpg_cll1221": 0.0002992457114550395
    }, 
    "30.0": {
        "A_cpg": 8.127171684743587e-09, 
        "u_A_cpg": 1.0126751257617508e-09, 
        "B_cpg_2": 310.18382704225064, 
        "u_B_cpg_2": 1.618712543359011, 
        "B_cpdc_cpg": -0.7679591011967777, 
        "u_B_cpdc_cpg": 0.00014215048310476462, 
        "B_cdp_cpg": 3.071835625201954, 
        "u_B_cdp_cpg": 0.0005685871641371839, 
        "B_cpg_c3pl1": -1.5359180368179461, 
        "u_B_cpg_c3pl1": 0.0002843249696209451, 
        "B_cpg_c3pl2": -1.5359180368179461, 
        "u_B_cpg_c3pl2": 0.0002843249696209451, 
        "B_cpg_ctp": -3.0878595726663027, 
        "u_B_cpg_ctp": 0.0005715995605355872, 
        "B_cpg_ctg": 28.97066269998646, 
        "u_B_cpg_ctg": 0.008702192277069486, 
        "B_cpg_cll1221": 1.5359180483162522, 
        "u_B_cpg_cll1221": 0.0002843531065891042
    }, 
    "45.0": {
        "A_cpg": 7.802143822422799e-09, 
        "u_A_cpg": 1.4732433406622226e-09, 
        "B_cpg_2": 374.6176467226452, 
        "u_B_cpg_2": 2.549315136926647, 
        "B_cpdc_cpg": -0.7690074042413273, 
        "u_B_cpdc_cpg": 0.00043257244784991155, 
        "B_cdp_cpg": 3.0760293406574184, 
        "u_B_cdp_cpg": 0.0017302760540985793, 
        "B_cpg_c3pl1": -1.538014433493373, 
        "u_B_cpg_c3pl1": 0.0008651537220795208, 
        "B_cpg_c3pl2": -1.538014433493373, 
        "u_B_cpg_c3pl2": 0.0008651537220795208, 
        "B_cpg_ctp": -3.0920749675154173, 
        "u_B_cpg_ctp": 0.0017393502738916875, 
        "B_cpg_ctg": 29.096276811726682, 
        "u_B_cpg_ctg": 0.0283717199388337, 
        "B_cpg_cll1221": 1.538014671973399, 
        "u_B_cpg_cll1221": 0.0008651371038163036
    }, 
    "60.0": {
        "A_cpg": 3.249583627336456e-09, 
        "u_A_cpg": 1.6608281970803808e-09, 
        "B_cpg_2": 404.9625044942196, 
        "u_B_cpg_2": 2.3807216333406753, 
        "B_cpdc_cpg": -0.7695734800254757, 
        "u_B_cpdc_cpg": 0.0008572062918305847, 
        "B_cdp_cpg": 3.0782949734351055, 
        "u_B_cdp_cpg": 0.003428817264389885, 
        "B_cpg_c3pl1": -1.539147377873122, 
        "u_B_cpg_c3pl1": 0.0017144132533408142, 
        "B_cpg_c3pl2": -1.539147377873122, 
        "u_B_cpg_c3pl2": 0.0017144132533408142, 
        "B_cpg_ctp": -3.0943521076617757, 
        "u_B_cpg_ctp": 0.003446705824723017, 
        "B_cpg_ctg": 29.235848511066415, 
        "u_B_cpg_ctg": 0.05401068601553133, 
        "B_cpg_cll1221": 1.5391473164286855, 
        "u_B_cpg_cll1221": 0.0017143967905631325
    }, 
    "80.0": {
        "A_cpg": 1.953815552304127e-09, 
        "u_A_cpg": 1.5626810983130472e-09, 
        "B_cpg_2": 393.6683249753693, 
        "u_B_cpg_2": 2.2296874846800128, 
        "B_cpdc_cpg": -0.7689213994760931, 
        "u_B_cpdc_cpg": 0.0009860264851138955, 
        "B_cdp_cpg": 3.0756855573489057, 
        "u_B_cdp_cpg": 0.003944067377293867, 
        "B_cpg_c3pl1": -1.5378425097740678, 
        "u_B_cpg_c3pl1": 0.0019720465374499945, 
        "B_cpg_c3pl2": -1.5378425097740678, 
        "u_B_cpg_c3pl2": 0.0019720465374499945, 
        "B_cpg_ctp": -3.091729363874893, 
        "u_B_cpg_ctp": 0.003964699171180163, 
        "B_cpg_ctg": 29.302210574535092, 
        "u_B_cpg_ctg": 0.06445510503548335, 
        "B_cpg_cll1221": 1.5378428959326529, 
        "u_B_cpg_cll1221": 0.001972039981470726
    }, 
    "120.0": {
        "A_cpg": -6.271655535002136e-10, 
        "u_A_cpg": 1.4697044824542338e-09, 
        "B_cpg_2": 312.40589277326495, 
        "u_B_cpg_2": 2.8693973289753294, 
        "B_cpdc_cpg": -0.7708252419865402, 
        "u_B_cpdc_cpg": 0.0022819318584945637, 
        "B_cdp_cpg": 3.0833011635793133, 
        "u_B_cdp_cpg": 0.00912772256556685, 
        "B_cpg_c3pl1": -1.5416507196221052, 
        "u_B_cpg_c3pl1": 0.004563866453177661, 
        "B_cpg_c3pl2": -1.5416507196221052, 
        "u_B_cpg_c3pl2": 0.004563866453177661, 
        "B_cpg_ctp": -3.0993851565528514, 
        "u_B_cpg_ctp": 0.009175335753922716, 
        "B_cpg_ctg": 30.320573779726388, 
        "u_B_cpg_ctg": 0.15228698069624022, 
        "B_cpg_cll1221": 1.5416506262517369, 
        "u_B_cpg_cll1221": 0.004563859880989965
    }, 
    "200.0": {
        "A_cpg": -1.7822331302443676e-09, 
        "u_A_cpg": 2.911884231276107e-09, 
        "B_cpg_2": 49.14291035367625, 
        "u_B_cpg_2": 17.94578227406564, 
        "B_cpdc_cpg": -0.8640214518590277, 
        "u_B_cpdc_cpg": 0.006311990468719109, 
        "B_cdp_cpg": 3.4560848708905794, 
        "u_B_cdp_cpg": 0.025248279286716652, 
        "B_cpg_c3pl1": -1.7280423948188857, 
        "u_B_cpg_c3pl1": 0.012624083401313432, 
        "B_cpg_c3pl2": -1.7280423948188857, 
        "u_B_cpg_c3pl2": 0.012624083401313432, 
        "B_cpg_ctp": -3.4741137957555606, 
        "u_B_cpg_ctp": 0.02537989191619025, 
        "B_cpg_ctg": 43.56769766768893, 
        "u_B_cpg_ctg": 1.057933994251064, 
        "B_cpg_cll1221": 1.728042600089139, 
        "u_B_cpg_cll1221": 0.012624131896317696
    }
}