{
    "450.0": {
        "A_cpg": -1.8300731253166365e-09, 
        "u_A_cpg": 1.6065241511314154e-08, 
        "B_cpg_2": -390.2391759570847, 
        "u_B_cpg_2": 33.212271734254436, 
        "B_cpdc_cpg": -0.8667258502482014, 
        "u_B_cpdc_cpg": 0.04264821741842361, 
        "B_cdp_cpg": 3.466894636880002, 
        "u_B_cdp_cpg": 0.17059023155451228, 
        "B_cpg_c3pl1": -1.733445844872722, 
        "u_B_cpg_c3pl1": 0.08529533154124816, 
        "B_cpg_c3pl2": -1.733445844872722, 
        "u_B_cpg_c3pl2": 0.08529533154124816, 
        "B_cpg_ctp": -3.4849820451439606, 
        "u_B_cpg_ctp": 0.17148084817396167, 
        "B_cpg_ctg": 63.987485143708, 
        "u_B_cpg_ctg": 6.743068573441025, 
        "B_cpg_cll1221": 1.7334475923185264, 
        "u_B_cpg_cll1221": 0.08529480821688967
    }, 
    "650.0": {
        "A_cpg": -1.701968093777171e-07, 
        "u_A_cpg": 1.229926852342191e-07, 
        "B_cpg_2": -1354.587189307704, 
        "u_B_cpg_2": 85.37258433933351, 
        "B_cpdc_cpg": -1.2990841839015166, 
        "u_B_cpdc_cpg": 0.09194125926140688, 
        "B_cdp_cpg": 5.196322359503853, 
        "u_B_cdp_cpg": 0.3677598645017433, 
        "B_cpg_c3pl1": -2.5981611797519264, 
        "u_B_cpg_c3pl1": 0.18387875187265698, 
        "B_cpg_c3pl2": -2.5981611797519264, 
        "u_B_cpg_c3pl2": 0.18387875187265698, 
        "B_cpg_ctp": -5.223433500610529, 
        "u_B_cpg_ctp": 0.369682032484787, 
        "B_cpg_ctg": 150.8155421691857, 
        "u_B_cpg_ctg": 26.253666804750562, 
        "B_cpg_cll1221": 2.598154095875474, 
        "u_B_cpg_cll1221": 0.18388017950689975
    }
}