{
    "30.0": {
        "A_cpg": -1.315187381392881e-08, 
        "u_A_cpg": 7.626032182825607e-10, 
        "B_cpg_2": 332.7078204085993, 
        "u_B_cpg_2": 0.034748123083794706
    }, 
    "55.0": {
        "A_cpg": -3.543381122505623e-09, 
        "u_A_cpg": 9.958230173009895e-10, 
        "B_cpg_2": 335.04609599984735, 
        "u_B_cpg_2": 0.19076863314506431
    }, 
    "95.0": {
        "A_cpg": -2.699004170572676e-10, 
        "u_A_cpg": 1.4904768109936512e-09, 
        "B_cpg_2": 343.20568868634786, 
        "u_B_cpg_2": 1.032347734559183
    }, 
    "200.0": {
        "A_cpg": -8.373277261152527e-10, 
        "u_A_cpg": 3.0489879614699577e-09, 
        "B_cpg_2": 456.7170848752705, 
        "u_B_cpg_2": 8.961814153651122
    }
}