{
    "30.0": {
        "A_cpg": 4.953322169918804e-09, 
        "u_A_cpg": 6.988461269713006e-10, 
        "B_cpg_2": 297.2731586320744, 
        "u_B_cpg_2": 0.9373307539268458, 
        "B_cpdc_cpg": -0.7730828324076245, 
        "u_B_cpdc_cpg": 0.00022409449133898188, 
        "B_cdp_cpg": 3.092332491194932, 
        "u_B_cdp_cpg": 0.0008964084747171882, 
        "B_cpg_c3pl1": -1.546166201407514, 
        "u_B_cpg_c3pl1": 0.0004482024847351596, 
        "B_cpg_c3pl2": -1.546166201407514, 
        "u_B_cpg_c3pl2": 0.0004482024847351596, 
        "B_cpg_ctp": -3.1084632438038144, 
        "u_B_cpg_ctp": 0.0009011108793899584, 
        "B_cpg_ctg": 29.165364752209427, 
        "u_B_cpg_ctg": 0.010234745668608701, 
        "B_cpg_cll1221": 1.5461662708488666, 
        "u_B_cpg_cll1221": 0.00044821390796364723
    }, 
    "60.0": {
        "A_cpg": 7.333669590363599e-10, 
        "u_A_cpg": 1.3647780186617613e-09, 
        "B_cpg_2": 376.8744970003532, 
        "u_B_cpg_2": 2.235108531999595, 
        "B_cpdc_cpg": -0.7757036789723758, 
        "u_B_cpdc_cpg": 0.0006564167881902439, 
        "B_cdp_cpg": 3.1028135239911756, 
        "u_B_cdp_cpg": 0.002625628304787128, 
        "B_cpg_c3pl1": -1.5514070195552265, 
        "u_B_cpg_c3pl1": 0.0013128445393236173, 
        "B_cpg_c3pl2": -1.5514070195552265, 
        "u_B_cpg_c3pl2": 0.0013128445393236173, 
        "B_cpg_ctp": -3.118999503263147, 
        "u_B_cpg_ctp": 0.0026393535698698463, 
        "B_cpg_ctg": 29.47403997314132, 
        "u_B_cpg_ctg": 0.038749496325032357, 
        "B_cpg_cll1221": 1.5514066017058137, 
        "u_B_cpg_cll1221": 0.0013128128630102425
    }, 
    "120.0": {
        "A_cpg": -1.9997637955776663e-09, 
        "u_A_cpg": 2.09380255509972e-09, 
        "B_cpg_2": 291.59185898747324, 
        "u_B_cpg_2": 4.5991254942144515, 
        "B_cpdc_cpg": -0.7758215581626181, 
        "u_B_cpdc_cpg": 0.0036982915278097133, 
        "B_cdp_cpg": 3.103286354747645, 
        "u_B_cdp_cpg": 0.014793072155826929, 
        "B_cpg_c3pl1": -1.5516430507960173, 
        "u_B_cpg_c3pl1": 0.007396555723855644, 
        "B_cpg_c3pl2": -1.5516430507960173, 
        "u_B_cpg_c3pl2": 0.007396555723855644, 
        "B_cpg_ctp": -3.1194747094813784, 
        "u_B_cpg_ctp": 0.014870260664826647, 
        "B_cpg_ctg": 30.664668427336867, 
        "u_B_cpg_ctg": 0.24049053313844446, 
        "B_cpg_cll1221": 1.5516433588393486, 
        "u_B_cpg_cll1221": 0.0073965222872952995
    }, 
    "200.0": {
        "A_cpg": 7.405079369892709e-10, 
        "u_A_cpg": 1.8332637618097086e-09, 
        "B_cpg_2": 124.2928830897999, 
        "u_B_cpg_2": 8.182635378388804, 
        "B_cpdc_cpg": -0.8352860186754065, 
        "u_B_cpdc_cpg": 0.008496118053659534, 
        "B_cdp_cpg": 3.3411436779145096, 
        "u_B_cdp_cpg": 0.033984412792760064, 
        "B_cg_cpg": -2.597411747004492e-10, 
        "u_B_cg_cpg": 2.5938117159905363e-10, 
        "B_cpg_c3pl1": -1.6705717877356456, 
        "u_B_cpg_c3pl1": 0.016992215138950453, 
        "B_cpg_c3pl2": -1.6705717877356456, 
        "u_B_cpg_c3pl2": 0.016992215138950453, 
        "B_cpg_ctp": -3.3585724711831917, 
        "u_B_cpg_ctp": 0.03416171220138991, 
        "B_cpg_ctg": 38.32724810052005, 
        "u_B_cpg_ctg": 0.8099781722066111, 
        "B_cpg_cll1221": 1.670571626135074, 
        "u_B_cpg_cll1221": 0.016992201259154946
    }, 
    "350.0": {
        "A_cpg": -2.737256925962744e-09, 
        "u_A_cpg": 1.663995136463544e-08, 
        "B_cpg_2": -512.6809838400923, 
        "u_B_cpg_2": 72.36207241395809, 
        "B_cpdc_cpg": -1.1095946956402418, 
        "u_B_cpdc_cpg": 0.036099288004335275, 
        "B_cdp_cpg": 4.438390041783265, 
        "u_B_cdp_cpg": 0.14439859013019155, 
        "B_cpg_c3pl1": -2.2191903667925184, 
        "u_B_cpg_c3pl1": 0.07219870592808826, 
        "B_cpg_c3pl2": -2.2191903667925184, 
        "u_B_cpg_c3pl2": 0.07219870592808826, 
        "B_cpg_ctp": -4.46154406043938, 
        "u_B_cpg_ctp": 0.14515251151578706, 
        "B_cpg_ctg": 78.81172020780977, 
        "u_B_cpg_ctg": 5.736354388937425, 
        "B_cpg_cll1221": 2.2191988454518357, 
        "u_B_cpg_cll1221": 0.07220007355504623
    }
}