{
    "450.0": {
        "A_chl3": -0.12124651694924851, 
        "u_A_chl3": 5.56194080752482e-05, 
        "A_chbox": 0.1212485378349732, 
        "u_A_chbox": 7.862122615946006e-05, 
        "A_cll1": 0.06062449487049197, 
        "u_A_cll1": 3.930271947313483e-05, 
        "A_chdd": -0.030311719974345765, 
        "u_A_chdd": 1.9645339083245083e-05, 
        "A_chg": 29.495609263297634, 
        "u_A_chg": 0.6698313137777648, 
        "A_ctgre": -1.6384117751847296, 
        "u_A_ctgre": 0.03783806995180089, 
        "A_cthre": -0.12188041274575728, 
        "u_A_cthre": 7.904577234916104e-05, 
        "B_chl3_2": 0.0035146083472434053, 
        "u_B_chl3_2": 6.553931879862796e-05, 
        "B_chl3_cll1": -0.003683406139859314, 
        "u_B_chl3_cll1": 1.3474460658652071e-05, 
        "B_chl3_ctgre": 0.09931752690753076, 
        "u_B_chl3_ctgre": 0.0016195711848311853, 
        "B_chl3_cthre": 0.007360783877257434, 
        "u_B_chl3_cthre": 2.3857502631460652e-05, 
        "B_chbox_2": 0.0036351782085066943, 
        "u_B_chbox_2": 5.077010479251132e-05, 
        "B_chbox_chl3": -0.007318584395810214, 
        "u_B_chbox_chl3": 3.25665877820483e-05, 
        "B_chbox_cll1": 0.003650249451880699, 
        "u_B_chbox_cll1": 1.27847510828082e-05, 
        "B_chbox_chg": 2.8922235511908134, 
        "u_B_chbox_chg": 0.10350324944214502, 
        "B_chbox_ctgre": -0.09932247527682911, 
        "u_B_chbox_ctgre": 0.002294683586938487, 
        "B_chbox_cthre": -0.007390926364005454, 
        "u_B_chbox_cthre": 1.79512339008593e-05, 
        "B_cll1_2": 0.0008861876871644271, 
        "u_B_cll1_2": 4.627625821324636e-05, 
        "B_chdd_2": 0.00021702556269118404, 
        "u_B_chdd_2": 4.053009540401468e-05, 
        "B_chdd_chl3": 0.0018447172759046828, 
        "u_B_chdd_chl3": 2.3231251804514765e-05, 
        "B_chdd_chbox": -0.0018658170213727108, 
        "u_B_chdd_chbox": 1.6507385292872144e-05, 
        "B_chdd_cll1": -0.0009344156136738679, 
        "u_B_chdd_cll1": 1.6278818382111548e-05, 
        "B_chdd_chg": -0.7230537951403548, 
        "u_B_chdd_chg": 0.025875012658761656, 
        "B_chdd_ctgre": 0.024834330271434134, 
        "u_B_chdd_ctgre": 0.0005719253749074734, 
        "B_chdd_cthre": 0.001832660319160833, 
        "u_B_chdd_cthre": 1.4601739958671003e-05, 
        "B_chg_2": 449.28194360069983, 
        "u_B_chg_2": 14.401467503125755, 
        "B_chg_chl3": -2.892224142607313, 
        "u_B_chg_chl3": 0.07318846303614272, 
        "B_chg_cll1": 1.4461144909578876, 
        "u_B_chg_cll1": 0.051752716104435784, 
        "B_chg_ctgre": -50.21361147797785, 
        "u_B_chg_ctgre": 5.683662728205206, 
        "B_chg_cthre": -2.9073098425564448, 
        "u_B_chg_cthre": 0.10404304541468148, 
        "B_ctgre_2": 0.7601576328980726, 
        "u_B_ctgre_2": 0.03775371589004634, 
        "B_ctgre_cll1": -0.049663712407240795, 
        "u_B_ctgre_cll1": 0.0011453137252107723, 
        "B_cthre_2": 0.003701491608186028, 
        "u_B_cthre_2": 4.445025513811349e-05, 
        "B_cthre_cll1": -0.0037014916793523295, 
        "u_B_cthre_cll1": 1.7436912851572815e-05, 
        "B_cthre_ctgre": 0.0998321763976738, 
        "u_B_cthre_ctgre": 0.0023060554122827466
    }, 
    "600.0": {
        "A_chl3": -0.12124645406666812, 
        "u_A_chl3": 0.00013048115744378351, 
        "A_chbox": 0.121247516399459, 
        "u_A_chbox": 0.00018530614657692046, 
        "A_cll1": 0.06062545717876741, 
        "u_A_cll1": 9.238037674257678e-05, 
        "A_chdd": -0.030311238477194753, 
        "u_A_chdd": 4.627761385809847e-05, 
        "A_chg": 38.963270677187296, 
        "u_A_chg": 2.125290121212421, 
        "A_ctgre": -2.5235147890104037, 
        "u_A_ctgre": 0.13322770472394063, 
        "A_cthre": -0.12188050098877737, 
        "u_A_cthre": 0.00018626427177299737, 
        "B_chl3_2": 0.0034930462786884626, 
        "u_B_chl3_2": 0.0001452287260600425, 
        "B_chl3_cll1": -0.0036419660228804393, 
        "u_B_chl3_cll1": 1.5004616743879656e-05, 
        "B_chl3_ctgre": 0.15292802695236438, 
        "u_B_chl3_ctgre": 0.00571356511061947, 
        "B_chl3_cthre": 0.007411577768205899, 
        "u_B_chl3_cthre": 4.2757918997353494e-05, 
        "B_chbox_2": 0.003748337447089401, 
        "u_B_chbox_2": 8.74811194205644e-05, 
        "B_chbox_chl3": -0.007390303486712674, 
        "u_B_chbox_chl3": 5.9306920474213775e-05, 
        "B_chbox_cll1": 0.003695151743356337, 
        "u_B_chbox_cll1": 2.9213662338555414e-05, 
        "B_chbox_chg": 3.9309485655023906, 
        "u_B_chbox_chg": 0.14831003099678475, 
        "B_chbox_ctgre": -0.15300661603483356, 
        "u_B_chbox_ctgre": 0.008083047359594734, 
        "B_chbox_cthre": -0.007411984786490324, 
        "u_B_chbox_cthre": 3.3549936097158285e-05, 
        "B_cll1_2": 0.0007675007754977283, 
        "u_B_cll1_2": 7.969206065226016e-05, 
        "B_chdd_2": 0.00017019398440900122, 
        "u_B_chdd_2": 8.540928032788972e-05, 
        "B_chdd_chl3": 0.001789478607484802, 
        "u_B_chdd_chl3": 4.412787222572318e-05, 
        "B_chdd_chbox": -0.0018635315074553374, 
        "u_B_chdd_chbox": 3.054167530534117e-05, 
        "B_chdd_cll1": -0.0008947393037424011, 
        "u_B_chdd_cll1": 3.120311769014219e-05, 
        "B_chdd_chg": -0.9827320041464909, 
        "u_B_chdd_chg": 0.037075652493861355, 
        "B_chdd_ctgre": 0.03825400295402516, 
        "u_B_chdd_ctgre": 0.0020216449371347166, 
        "B_chdd_cthre": 0.001831620135443999, 
        "u_B_chdd_cthre": 2.9888972511698283e-05, 
        "B_chg_2": 881.4794732934478, 
        "u_B_chg_2": 79.5533307409077, 
        "B_chg_chl3": -3.9309246381733267, 
        "u_B_chg_chl3": 0.10486502774323866, 
        "B_chg_cll1": 1.9654790626481964, 
        "u_B_chg_cll1": 0.07415698801780622, 
        "B_chg_ctgre": -94.59022243568691, 
        "u_B_chg_ctgre": 9.674743310589982, 
        "B_chg_cthre": -3.951444751466884, 
        "u_B_chg_cthre": 0.1490784739480298, 
        "B_ctgre_2": 1.907220598328816, 
        "u_B_ctgre_2": 0.2285263440273285, 
        "B_ctgre_cll1": -0.07653386715519447, 
        "u_B_ctgre_cll1": 0.004041733496407191, 
        "B_cthre_2": 0.003706602753243457, 
        "u_B_cthre_2": 9.022290045598502e-05, 
        "B_cthre_cll1": -0.0036849215371799774, 
        "u_B_cthre_cll1": 3.654859819354525e-05, 
        "B_cthre_ctgre": 0.1537585238586479, 
        "u_B_cthre_ctgre": 0.008120657124603522
    }
}