{
    "30.0": {
        "A_cpg": -2.562091747647903e-08, 
        "u_A_cpg": 8.858029978455552e-12, 
        "B_cpg_2": 147.95571874033269, 
        "u_B_cpg_2": 0.0, 
        "B_cpdc_cpg": -0.4235701313014754, 
        "u_B_cpdc_cpg": 0.00015026152015972834, 
        "B_cdp_cpg": 1.694285629763934, 
        "u_B_cdp_cpg": 0.0, 
        "B_cpg_c3pl1": -0.8471430753186012, 
        "u_B_cpg_c3pl1": 0.0, 
        "B_cpg_c3pl2": -0.8471430753186012, 
        "u_B_cpg_c3pl2": 0.0, 
        "B_cpg_ctp": -1.7031248491320785, 
        "u_B_cpg_ctp": 0.0006330269070291098, 
        "B_cpg_ctg": 15.968875372683916, 
        "u_B_cpg_ctg": 0.0, 
        "B_cpg_cll1221": 0.8471430753186012, 
        "u_B_cpg_cll1221": 0.0
    }
}