{
    "0.0": {
        "A_cpg": 6.257685041572188e-10, 
        "u_A_cpg": 1.2926334753603492e-09, 
        "B_cpg_2": 277.49928649863324, 
        "u_B_cpg_2": 0.11067166301010418
    }, 
    "30.0": {
        "A_cpg": -9.752481992661187e-10, 
        "u_A_cpg": 2.409263917441775e-09, 
        "B_cpg_2": 277.8465510311368, 
        "u_B_cpg_2": 0.13093127412610925
    }, 
    "45.0": {
        "A_cpg": -4.404834058735283e-09, 
        "u_A_cpg": 2.0653388597200334e-09, 
        "B_cpg_2": 278.42975465472404, 
        "u_B_cpg_2": 0.45070364375858407
    }, 
    "80.0": {
        "A_cpg": -4.836436009353195e-10, 
        "u_A_cpg": 2.8807184694627714e-09, 
        "B_cpg_2": 281.6131595939907, 
        "u_B_cpg_2": 1.410613821662716
    }, 
    "120.0": {
        "A_cpg": 3.196067881731526e-09, 
        "u_A_cpg": 3.161094093721751e-09, 
        "B_cpg_2": 283.10418267525097, 
        "u_B_cpg_2": 2.704449524142537
    }, 
    "200.0": {
        "A_cpg": -1.3258516445484594e-09, 
        "u_A_cpg": 8.006330461569801e-09, 
        "B_cpg_2": 363.2742685009275, 
        "u_B_cpg_2": 28.800308723950312
    }
}