{
    "450.0": {
        "A_cpg": 8.929255980990618e-09, 
        "u_A_cpg": 1.2487682511258445e-08, 
        "B_cpg_2": -437.14181317108466, 
        "u_B_cpg_2": 70.96403310517539, 
        "B_cpdc_cpg": -0.7230537951403548, 
        "u_B_cpdc_cpg": 0.025875012658761656, 
        "B_cdp_cpg": 2.8922235511908134, 
        "u_B_cdp_cpg": 0.10350324944214502, 
        "B_cpg_c3pl1": -1.4461120713036566, 
        "u_B_cpg_c3pl1": 0.051752058517477495, 
        "B_cpg_c3pl2": -1.4461120713036566, 
        "u_B_cpg_c3pl2": 0.051752058517477495, 
        "B_cpg_ctp": -2.9073098425564448, 
        "u_B_cpg_ctp": 0.10404304541468148, 
        "B_cpg_ctg": 61.171811103206366, 
        "u_B_cpg_ctg": 6.924017861901552, 
        "B_cpg_cll1221": 1.4461144909578876, 
        "u_B_cpg_cll1221": 0.051752716104435784
    }, 
    "600.0": {
        "A_cpg": 9.602428207913428e-09, 
        "u_A_cpg": 4.562117534632129e-08, 
        "B_cpg_2": -1327.299901546788, 
        "u_B_cpg_2": 195.3975439008942, 
        "B_cpdc_cpg": -0.9827320041464909, 
        "u_B_cpdc_cpg": 0.037075652493861355, 
        "B_cdp_cpg": 3.9309485655023906, 
        "u_B_cdp_cpg": 0.14831003099678475, 
        "B_cpg_c3pl1": -1.9654623190866634, 
        "u_B_cpg_c3pl1": 0.0741507722265595, 
        "B_cpg_c3pl2": -1.9654623190866634, 
        "u_B_cpg_c3pl2": 0.0741507722265595, 
        "B_cpg_ctp": -3.951444751466884, 
        "u_B_cpg_ctp": 0.1490784739480298, 
        "B_cpg_ctg": 115.23280339204015, 
        "u_B_cpg_ctg": 11.786078572081488, 
        "B_cpg_cll1221": 1.9654790626481964, 
        "u_B_cpg_cll1221": 0.07415698801780622
    }
}