{
    "0.0": {
        "A_cpg": 3.0385374776961362e-09, 
        "u_A_cpg": 9.844653621551986e-10, 
        "B_cpg_2": 232.02912212500692, 
        "u_B_cpg_2": 0.02306895634088102
    }, 
    "10.0": {
        "A_cpg": 2.686886521101083e-09, 
        "u_A_cpg": 8.331211688791405e-10, 
        "B_cpg_2": 231.97272394403487, 
        "u_B_cpg_2": 0.03819686944810927
    }, 
    "20.0": {
        "A_cpg": 5.341723619696388e-09, 
        "u_A_cpg": 9.463812643336435e-10, 
        "B_cpg_2": 231.92302437036543, 
        "u_B_cpg_2": 0.08013795861533077
    }, 
    "30.0": {
        "A_cpg": 4.370670144344295e-09, 
        "u_A_cpg": 9.310251211880798e-10, 
        "B_cpg_2": 232.28668545061964, 
        "u_B_cpg_2": 0.12088292045596143
    }, 
    "45.0": {
        "A_cpg": 2.6442162862395464e-09, 
        "u_A_cpg": 1.1473660245130813e-09, 
        "B_cpg_2": 232.86349467700148, 
        "u_B_cpg_2": 0.2523182150984518
    }, 
    "60.0": {
        "A_cpg": 2.2001611113977774e-09, 
        "u_A_cpg": 1.2506948754592695e-09, 
        "B_cpg_2": 234.0978277241498, 
        "u_B_cpg_2": 0.29539002093758043
    }, 
    "80.0": {
        "A_cpg": 5.937897673743061e-10, 
        "u_A_cpg": 1.2085750379480108e-09, 
        "B_cpg_2": 234.64176951087532, 
        "u_B_cpg_2": 0.553267721365778
    }, 
    "120.0": {
        "A_cpg": -2.0222120823862762e-09, 
        "u_A_cpg": 1.3029540226313733e-09, 
        "B_cpg_2": 239.73947631942724, 
        "u_B_cpg_2": 1.0057304751214382
    }, 
    "200.0": {
        "A_cpg": 1.7907318640922117e-09, 
        "u_A_cpg": 2.2208198393731906e-09, 
        "B_cpg_2": 323.0127337144572, 
        "u_B_cpg_2": 6.003303970915342
    }
}