{
    "-0.5": {
        "A_cpdc": -0.0545701895592541, 
        "u_A_cpdc": 1.4737197986619808e-05, 
        "A_cdp": 0.21828341707688576, 
        "u_A_cdp": 5.904436719694369e-05, 
        "A_c3pl1": -0.10914304054910841, 
        "u_A_c3pl1": 2.9544005513111645e-05, 
        "A_c3pl2": -0.10914304054910841, 
        "u_A_c3pl2": 2.9544005513111645e-05, 
        "A_ctp": -0.21942366013558406, 
        "u_A_ctp": 5.927593817983889e-05, 
        "A_ctg": 2.0577163012519692, 
        "u_A_ctg": 0.000617798416730292, 
        "A_cll1221": 0.10914253467480829, 
        "u_A_cll1221": 2.953058640884837e-05, 
        "B_cpdc_2": 0.00031051899439925486, 
        "u_B_cpdc_2": 3.2380885430558305e-05, 
        "B_cdp_2": 0.006646817917851595, 
        "u_B_cdp_2": 3.239620454569255e-05, 
        "B_c3pl1_2": 0.001774935910515269, 
        "u_B_c3pl1_2": 2.9277121528374506e-05, 
        "B_c3pl2_2": 0.001774935910515269, 
        "u_B_c3pl2_2": 2.9277121528374506e-05, 
        "B_ctp_2": 0.006796807602527034, 
        "u_B_ctp_2": 3.4712001438606086e-05, 
        "B_ctg_2": 0.5880457943609733, 
        "u_B_ctg_2": 0.000217571603438607, 
        "B_cll1221_2": 0.0015789266641490752, 
        "u_B_cll1221_2": 3.078571755340433e-05, 
        "B_cpdc_cdp": -0.003272432643157593, 
        "u_B_cpdc_cdp": 1.0526634917549006e-05, 
        "B_cpdc_c3pl1": 0.0016561650859948894, 
        "u_B_cpdc_c3pl1": 1.1721905801131731e-05, 
        "B_cpdc_c3pl2": 0.0016561650859948894, 
        "u_B_cpdc_c3pl2": 1.1721905801131731e-05, 
        "B_cpdc_ctp": 0.0033595150110113338, 
        "u_B_cpdc_ctp": 1.3031486551886794e-05, 
        "B_cpdc_ctg": -0.031146565030753266, 
        "u_B_cpdc_ctg": 1.307681833268659e-05, 
        "B_cpdc_cll1221": -0.0016026321312831205, 
        "u_B_cpdc_cll1221": 1.176085081505683e-05, 
        "B_cdp_c3pl1": -0.006626677827957272, 
        "u_B_cdp_c3pl1": 1.4568178764552642e-05, 
        "B_cdp_c3pl2": -0.006626677827957272, 
        "u_B_cdp_c3pl2": 1.4568178764552642e-05, 
        "B_cdp_ctp": -0.01331301064413772, 
        "u_B_cdp_ctp": 1.2133199129138782e-05, 
        "B_cdp_ctg": 0.12478249530903882, 
        "u_B_cdp_ctg": 3.951975667614957e-05, 
        "B_cdp_cll1221": 0.006642869896189282, 
        "u_B_cdp_cll1221": 1.0437249770651915e-05, 
        "B_c3pl1_c3pl2": 0.003254379618819253, 
        "u_B_c3pl1_c3pl2": 1.549503574449827e-05, 
        "B_c3pl1_ctp": 0.006647130966776645, 
        "u_B_c3pl1_ctp": 1.2781380541824021e-05, 
        "B_c3pl1_ctg": -0.06235196774230245, 
        "u_B_c3pl1_ctg": 2.234527570028379e-05, 
        "B_c3pl1_cll1221": -0.0033032688792580447, 
        "u_B_c3pl1_cll1221": 6.217037182420821e-06, 
        "B_c3pl2_ctp": 0.006647130966776645, 
        "u_B_c3pl2_ctp": 1.2781380541824021e-05, 
        "B_c3pl2_ctg": -0.06235196774230245, 
        "u_B_c3pl2_ctg": 2.234527570028379e-05, 
        "B_c3pl2_cll1221": -0.0033032688792580447, 
        "u_B_c3pl2_cll1221": 6.217037182420821e-06, 
        "B_ctp_ctg": -0.12540290718655991, 
        "u_B_ctp_ctg": 3.848102514899292e-05, 
        "B_ctp_cll1221": -0.006592589263258312, 
        "u_B_ctp_cll1221": 1.0167902727372318e-05, 
        "B_ctg_cll1221": 0.0624124749446431, 
        "u_B_ctg_cll1221": 2.1815838568317186e-05
    }, 
    "0.5": {
        "A_cpdc": -0.05459541485732682, 
        "u_A_cpdc": 5.967981490882976e-06, 
        "A_cdp": 0.21838375913682476, 
        "u_A_cdp": 2.3902295480828525e-05, 
        "A_c3pl1": -0.10919300182154427, 
        "u_A_c3pl1": 1.1965235493186464e-05, 
        "A_c3pl2": -0.10919300182154427, 
        "u_A_c3pl2": 1.1965235493186464e-05, 
        "A_ctp": -0.2195233884954076, 
        "u_A_ctp": 2.4003757959450467e-05, 
        "A_ctg": 2.0601147687578223, 
        "u_A_ctg": 0.0005149869378562066, 
        "A_cll1221": 0.10919257974325365, 
        "u_A_cll1221": 1.195896363811727e-05, 
        "B_cpdc_2": 0.00033015668588654197, 
        "u_B_cpdc_2": 1.3765330734991482e-05, 
        "B_cdp_2": 0.006639969587997607, 
        "u_B_cdp_2": 1.4067446598227023e-05, 
        "B_c3pl1_2": 0.001755102501145771, 
        "u_B_c3pl1_2": 1.2504065954128914e-05, 
        "B_c3pl2_2": 0.001755102501145771, 
        "u_B_c3pl2_2": 1.2504065954128914e-05, 
        "B_ctp_2": 0.006701559332595596, 
        "u_B_ctp_2": 1.514856015610326e-05, 
        "B_ctg_2": 0.5892668197145478, 
        "u_B_ctg_2": 0.00026588214615470303, 
        "B_cll1221_2": 0.0015898157382184623, 
        "u_B_cll1221_2": 1.3319057982408702e-05, 
        "B_cpdc_cdp": -0.0032822254853586918, 
        "u_B_cpdc_cdp": 4.34376049494117e-06, 
        "B_cpdc_c3pl1": 0.0016780608163422831, 
        "u_B_cpdc_c3pl1": 4.993108356574318e-06, 
        "B_cpdc_c3pl2": 0.0016780608163422831, 
        "u_B_cpdc_c3pl2": 4.993108356574318e-06, 
        "B_cpdc_ctp": 0.0033674885429344904, 
        "u_B_cpdc_ctp": 5.609932527601634e-06, 
        "B_cpdc_ctg": -0.031179231018840688, 
        "u_B_cpdc_ctg": 8.859701751893152e-06, 
        "B_cpdc_cll1221": -0.0016099779829755179, 
        "u_B_cpdc_cll1221": 5.054822666279843e-06, 
        "B_cdp_c3pl1": -0.0066225841480165035, 
        "u_B_cdp_c3pl1": 6.350071315431634e-06, 
        "B_cdp_c3pl2": -0.0066225841480165035, 
        "u_B_cdp_c3pl2": 6.350071315431634e-06, 
        "B_cdp_ctp": -0.01332199834751577, 
        "u_B_cdp_ctp": 5.233945237056377e-06, 
        "B_cdp_ctg": 0.12490195625965811, 
        "u_B_cdp_ctg": 3.154691596668894e-05, 
        "B_cdp_cll1221": 0.0066324824998268955, 
        "u_B_cdp_cll1221": 4.465834734615751e-06, 
        "B_c3pl1_c3pl2": 0.003298616917139322, 
        "u_B_c3pl1_c3pl2": 6.96050474452171e-06, 
        "B_c3pl1_ctp": 0.006662177555258073, 
        "u_B_c3pl1_ctp": 5.45561159352659e-06, 
        "B_c3pl1_ctg": -0.062422254684042264, 
        "u_B_c3pl1_ctg": 1.6599598777157477e-05, 
        "B_c3pl1_cll1221": -0.003302599347733036, 
        "u_B_c3pl1_cll1221": 2.642427920763958e-06, 
        "B_c3pl2_ctp": 0.006662177555258073, 
        "u_B_c3pl2_ctp": 5.45561159352659e-06, 
        "B_c3pl2_ctg": -0.062422254684042264, 
        "u_B_c3pl2_ctg": 1.6599598777157477e-05, 
        "B_c3pl2_cll1221": -0.003302599347733036, 
        "u_B_c3pl2_cll1221": 2.642427920763958e-06, 
        "B_ctp_ctg": -0.12553607924230478, 
        "u_B_ctp_ctg": 3.169555544066021e-05, 
        "B_ctp_cll1221": -0.006603730144568144, 
        "u_B_ctp_cll1221": 4.556817391786953e-06, 
        "B_ctg_cll1221": 0.062475671092452015, 
        "u_B_ctg_cll1221": 1.6346374810870795e-05
    }, 
    "1.5": {
        "A_cpdc": -0.05458380616518654, 
        "u_A_cpdc": 9.026201054364083e-06, 
        "A_cdp": 0.21833711159786995, 
        "u_A_cdp": 3.616317029866193e-05, 
        "A_c3pl1": -0.10916960790450196, 
        "u_A_c3pl1": 1.8090146498724872e-05, 
        "A_c3pl2": -0.10916960790450196, 
        "u_A_c3pl2": 1.8090146498724872e-05, 
        "A_ctp": -0.21947642532146258, 
        "u_A_ctp": 3.63112822014742e-05, 
        "A_ctg": 2.0859646087635513, 
        "u_A_ctg": 0.005258894343040693, 
        "A_cll1221": 0.1091690825157589, 
        "u_A_cll1221": 1.8084947746849887e-05, 
        "B_cpdc_2": 0.0003381862764820175, 
        "u_B_cpdc_2": 1.989144125484438e-05, 
        "B_cdp_2": 0.006629873935800108, 
        "u_B_cdp_2": 2.0525643252296464e-05, 
        "B_c3pl1_2": 0.00175211795492034, 
        "u_B_c3pl1_2": 1.7843413380926313e-05, 
        "B_c3pl2_2": 0.00175211795492034, 
        "u_B_c3pl2_2": 1.7843413380926313e-05, 
        "B_ctp_2": 0.00670424645757881, 
        "u_B_ctp_2": 2.1605130842405176e-05, 
        "B_ctg_2": 0.6135951356656284, 
        "u_B_ctg_2": 0.003919612691669394, 
        "B_cll1221_2": 0.0016047009926619003, 
        "u_B_cll1221_2": 1.947721889101149e-05, 
        "B_cpdc_cdp": -0.0032914584021215454, 
        "u_B_cpdc_cdp": 6.168346431983483e-06, 
        "B_cpdc_c3pl1": 0.001671247325674522,