{
    "0.0": {
        "A_cpdc": -0.06445039322077385, 
        "u_A_cpdc": 4.792638050865101e-05, 
        "A_cdp": 0.25779976760523166, 
        "u_A_cdp": 0.00019172299628105932, 
        "A_c3pl1": -0.12890123419415206, 
        "u_A_c3pl1": 9.585806994356167e-05, 
        "A_c3pl2": -0.12890123419415206, 
        "u_A_c3pl2": 9.585806994356167e-05, 
        "A_ctp": -0.2591457461533834, 
        "u_A_ctp": 0.00019271700545116704, 
        "A_ctg": 2.5593394048095943, 
        "u_A_ctg": 0.009321293033898151, 
        "A_cll1221": 0.12890058502532772, 
        "u_A_cll1221": 9.585295271125412e-05, 
        "B_cpdc_2": 0.0004968975956760947, 
        "u_B_cpdc_2": 1.4397570810621856e-05, 
        "B_cdp_2": 0.007890759516798383, 
        "u_B_cdp_2": 1.7203509768119438e-05, 
        "B_c3pl1_2": 0.00207748620276243, 
        "u_B_c3pl1_2": 1.4145044020815536e-05, 
        "B_c3pl2_2": 0.00207748620276243, 
        "u_B_c3pl2_2": 1.4145044020815536e-05, 
        "B_ctp_2": 0.007942128667207097, 
        "u_B_ctp_2": 1.598439927494449e-05, 
        "B_ctg_2": 0.8343591454746373, 
        "u_B_ctg_2": 0.01027488627037303, 
        "B_cll1221_2": 0.0019029628590052647, 
        "u_B_cll1221_2": 1.5191029929988772e-05, 
        "B_cpdc_cdp": -0.003916073024020054, 
        "u_B_cpdc_cdp": 5.535215425883883e-06, 
        "B_cpdc_c3pl1": 0.001937044314990949, 
        "u_B_cpdc_c3pl1": 5.836863074624154e-06, 
        "B_cpdc_c3pl2": 0.001937044314990949, 
        "u_B_cpdc_c3pl2": 5.836863074624154e-06, 
        "B_cpdc_ctp": 0.003967606785094952, 
        "u_B_cpdc_ctp": 5.490400688427848e-06, 
        "B_cpdc_ctg": -0.038779248030863134, 
        "u_B_cpdc_ctg": 0.00014129275548078392, 
        "B_cpdc_cll1221": -0.0019139940577358409, 
        "u_B_cpdc_cll1221": 5.838602057215486e-06, 
        "B_cdp_c3pl1": -0.007860629534025583, 
        "u_B_cdp_c3pl1": 8.989933005038213e-06, 
        "B_cdp_c3pl2": -0.007860629534025583, 
        "u_B_cdp_c3pl2": 8.989933005038213e-06, 
        "B_cdp_ctp": -0.015748919244337564, 
        "u_B_cdp_ctp": 1.2903242435170716e-05, 
        "B_cdp_ctg": 0.1551497550854869, 
        "u_B_cdp_ctg": 0.000565378036263314, 
        "B_cdp_cll1221": 0.007839061133910856, 
        "u_B_cdp_cll1221": 7.689977250976263e-06, 
        "B_c3pl1_c3pl2": 0.0038312810087283346, 
        "u_B_c3pl1_c3pl2": 8.302837554218978e-06, 
        "B_c3pl1_ctp": 0.00781535232698517, 
        "u_B_c3pl1_ctp": 7.50789709797332e-06, 
        "B_c3pl1_ctg": -0.07761612194451263, 
        "u_B_c3pl1_ctg": 0.0002825184533958222, 
        "B_c3pl1_cll1221": -0.003915249814638946, 
        "u_B_c3pl1_cll1221": 4.381342994999946e-06, 
        "B_c3pl2_ctp": 0.00781535232698517, 
        "u_B_c3pl2_ctp": 7.50789709797332e-06, 
        "B_c3pl2_ctg": -0.07761612194451263, 
        "u_B_c3pl2_ctg": 0.0002825184533958222, 
        "B_c3pl2_cll1221": -0.003915249814638946, 
        "u_B_c3pl2_cll1221": 4.381342994999946e-06, 
        "B_ctp_ctg": -0.15596820660751765, 
        "u_B_ctp_ctg": 0.0005678665000707785, 
        "B_ctp_cll1221": -0.007858159883589372, 
        "u_B_ctp_cll1221": 8.766208582763021e-06, 
        "B_ctg_cll1221": 0.07758385143231794, 
        "u_B_ctg_cll1221": 0.0002827555090294087
    }, 
    "0.5": {
        "A_cpdc": -0.06448124022249824, 
        "u_A_cpdc": 3.8838371392141185e-05, 
        "A_cdp": 0.25792190426972544, 
        "u_A_cdp": 0.00015535099756178866, 
        "A_c3pl1": -0.1289619754153663, 
        "u_A_c3pl1": 7.76772583056436e-05, 
        "A_c3pl2": -0.1289619754153663, 
        "u_A_c3pl2": 7.76772583056436e-05, 
        "A_ctp": -0.2592679712599549, 
        "u_A_ctp": 0.0001561692298188989, 
        "A_ctg": 2.5657602336029646, 
        "u_A_ctg": 0.007629622848322839, 
        "A_cll1221": 0.12896134975555174, 
        "u_A_cll1221": 7.767798615871011e-05, 
        "B_cpdc_2": 0.0005371326405505298, 
        "u_B_cpdc_2": 1.4309566253336189e-05, 
        "B_cdp_2": 0.00787590150680866, 
        "u_B_cdp_2": 1.7084639264946477e-05, 
        "B_c3pl1_2": 0.002047495484497667, 
        "u_B_c3pl1_2": 1.3940024819646184e-05, 
        "B_c3pl2_2": 0.002047495484497667, 
        "u_B_c3pl2_2": 1.3940024819646184e-05, 
        "B_ctp_2": 0.007907535483295676, 
        "u_B_ctp_2": 1.5534725185763254e-05, 
        "B_ctg_2": 0.8213226574940632, 
        "u_B_ctg_2": 0.008219915121688199, 
        "B_cll1221_2": 0.0019293521547020553, 
        "u_B_cll1221_2": 1.5005219184547024e-05, 
        "B_cpdc_cdp": -0.003917130376954299, 
        "u_B_cpdc_cdp": 5.272815912046097e-06, 
        "B_cpdc_c3pl1": 0.001952432081112069, 
        "u_B_cpdc_c3pl1": 5.671918985598472e-06, 
        "B_cpdc_c3pl2": 0.001952432081112069, 
        "u_B_cpdc_c3pl2": 5.671918985598472e-06, 
        "B_cpdc_ctp": 0.003967647959834586, 
        "u_B_cpdc_ctp": 5.196488381802798e-06, 
        "B_cpdc_ctg": -0.038879495201607335, 
        "u_B_cpdc_ctg": 0.00011568121020444717, 
        "B_cpdc_cll1221": -0.0019275767757850977, 
        "u_B_cpdc_cll1221": 5.664158365600875e-06, 
        "B_cdp_c3pl1": -0.007852175964346836, 
        "u_B_cdp_c3pl1": 8.614941622249473e-06, 
        "B_cdp_c3pl2": -0.007852175964346836, 
        "u_B_cdp_c3pl2": 8.614941622249473e-06, 
        "B_cdp_ctp": -0.0157597114694958, 
        "u_B_cdp_ctp": 1.1051240008420357e-05, 
        "B_cdp_ctg": 0.1555381597012797, 
        "u_B_cdp_ctg": 0.0004627739238917043, 
        "B_cdp_cll1221": 0.007842653544347688, 
        "u_B_cdp_cll1221": 6.9074853159346286e-06, 
        "B_c3pl1_c3pl2": 0.0038516027824275077, 
        "u_B_c3pl1_c3pl2": 8.048606709988775e-06, 
        "B_c3pl1_ctp": 0.00783861865043602, 
        "u_B_c3pl1_ctp": 6.782922720867155e-06, 
        "B_c3pl1_ctg": -0.07779724273728035, 
        "u_B_c3pl1_ctg": 0.00023117269735611616, 
        "B_c3pl1_cll1221": -0.003914225221869155, 
        "u_B_c3pl1_cll1221": 3.955144883739766e-06, 
        "B_c3pl2_ctp": 0.00783861865043602, 
        "u_B_c3pl2_ctp": 6.782922720867155e-06, 
        "B_c3pl2_ctg": -0.07779724273728035, 
        "u_B_c3pl2_ctg": 0.00023117269735611616, 
        "B_c3pl2_cll1221": -0.003914225221869155, 
        "u_B_c3pl2_cll1221": 3.955144883739766e-06, 
        "B_ctp_ctg": -0.1563606466738825, 
        "u_B_ctp_ctg": 0.0004648499198846641, 
        "B_ctp_cll1221": -0.007859116111683473, 
        "u_B_ctp_cll1221": 7.89368733418946e-06, 
        "B_ctg_cll1221": 0.07777028975827636, 
        "u_B_ctg_cll1221": 0.00023150003668622688
    }, 
    "0.9": {
        "A_cpdc": -0.06439191570582117, 
        "u_A_cpdc": 5.731695200262681e-05, 
        "A_cdp": 0.257564884138904, 
        "u_A_cdp": 0.00022928374755391652, 
        "A_c3pl1": -0.12878362834011386, 
        "u_A_c3pl1": 0.00011463865944971743, 
        "A_c3pl2": -0.12878362834011386, 
        "u_A_c3pl2": 0.00011463865944971743, 
        "A_ctp": -0.258909336833509, 
        "u_A_ctp": 0.00023047296485415608, 
        "A_ctg": 2.507899554316878, 
        "u_A_ctg": 0.00621374557565713, 
        "A_cll1221": 0.12878276639747785, 
        "u_A_cll1221": 0.00011463465150991043, 
        "B_cpdc_2": 0.0005261488965071828, 
        "u_B_cpdc_2": 1.3427163142928954e-05, 
        "B_cdp_2": 0.00785283474531695, 
        "u_B_cdp_2": 1.6441256807217256e-05, 
        "B_c3pl1_2": 0.002063800054383284, 
        "u_B_c3pl1_2": 1.3015964221392835e-05, 
        "B_c3pl2_2": 0.002063800054383284, 
        "u_B_c3pl2_2": 1.3015964221392835e-05, 
        "B_ctp_2": 0.007933028467526032, 
        "u_B_ctp_2": 1.5132485398717626e-05, 
        "B_ctg_2": 0.7730113191505549, 
        "u_B_ctg_2": 0.005905580686099258, 
        "B_cll1221_2": 0.0019305164900620228, 
        "u_B_cll1221_2": 1.400750361431567e-05, 
        "B_cpdc_cdp": -0.0039001518438886913, 
        "u_B_cpdc_cdp": 5.543953351926566e-06, 
        "B_cpdc_c3pl1": 0.0019612527367406747, 
        "u_B_cpdc_c3pl1": 5.488787943909451e-06,