{
    "30.0": {
        "A_cpdc": -0.046693249435475155, 
        "u_A_cpdc": 1.3463021242575803e-05, 
        "A_cdp": 0.18677067743537673, 
        "u_A_cdp": 5.389305783664966e-05, 
        "A_c3pl1": -0.09338609684915855, 
        "u_A_c3pl1": 2.691855682397242e-05, 
        "A_c3pl2": -0.09338609684915855, 
        "u_A_c3pl2": 2.691855682397242e-05, 
        "A_ctp": -0.18774623731622914, 
        "u_A_ctp": 5.410430491837336e-05, 
        "A_ctg": 1.7610032022277533, 
        "u_A_ctg": 0.0005606442354788252, 
        "A_cll1221": 0.09338517766606864, 
        "u_A_cll1221": 2.699222101302442e-05, 
        "B_cpdc_2": 0.0003835120116054164, 
        "u_B_cpdc_2": 2.8340386989802877e-05, 
        "B_cdp_2": 0.00574212205515045, 
        "u_B_cdp_2": 2.907855388055622e-05, 
        "B_c3pl1_2": 0.0014534545424054984, 
        "u_B_c3pl1_2": 2.8628490705465158e-05, 
        "B_c3pl2_2": 0.0014534545424054984, 
        "u_B_c3pl2_2": 2.8628490705465158e-05, 
        "B_ctp_2": 0.0057714747400713085, 
        "u_B_ctp_2": 2.93590105282868e-05, 
        "B_ctg_2": 0.5033321029775139, 
        "u_B_ctg_2": 0.00020038809548708405, 
        "B_cll1221_2": 0.0014511961656733323, 
        "u_B_cll1221_2": 2.7723212259107215e-05, 
        "B_cpdc_cdp": -0.0027910690340728394, 
        "u_B_cpdc_cdp": 9.853236923168623e-06, 
        "B_cpdc_c3pl1": 0.0014105517342735603, 
        "u_B_cpdc_c3pl1": 1.1247558252702324e-05, 
        "B_cpdc_c3pl2": 0.0014105517342735603, 
        "u_B_cpdc_c3pl2": 1.1247558252702324e-05, 
        "B_cpdc_ctp": 0.0028506972656184883, 
        "u_B_cpdc_ctp": 9.301861710738927e-06, 
        "B_cpdc_ctg": -0.02666346910071996, 
        "u_B_cpdc_ctg": 1.3877170423311977e-05, 
        "B_cpdc_cll1221": -0.001406052594340302, 
        "u_B_cpdc_cll1221": 1.1272759428164624e-05, 
        "B_cdp_c3pl1": -0.005684295362590564, 
        "u_B_cdp_c3pl1": 1.3262777686827045e-05, 
        "B_cdp_c3pl2": -0.005684295362590564, 
        "u_B_cdp_c3pl2": 1.3262777686827045e-05, 
        "B_cdp_ctp": -0.011376354862122889, 
        "u_B_cdp_ctp": 1.154025099879216e-05, 
        "B_cdp_ctg": 0.10674973133347902, 
        "u_B_cdp_ctg": 3.5888020023869e-05, 
        "B_cdp_cll1221": 0.005674951115962107, 
        "u_B_cdp_cll1221": 1.1638920074166977e-05, 
        "B_c3pl1_c3pl2": 0.0027881659849708215, 
        "u_B_c3pl1_c3pl2": 1.5081862685860163e-05, 
        "B_c3pl1_ctp": 0.005705557706201399, 
        "u_B_c3pl1_ctp": 1.0348830759219007e-05, 
        "B_c3pl1_ctg": -0.0533801099368382, 
        "u_B_c3pl1_ctg": 2.1135322548808355e-05, 
        "B_c3pl1_cll1221": -0.0028132344573222005, 
        "u_B_c3pl1_cll1221": 5.325975065385734e-06, 
        "B_c3pl2_ctp": 0.005705557706201399, 
        "u_B_c3pl2_ctp": 1.0348830759219007e-05, 
        "B_c3pl2_ctg": -0.0533801099368382, 
        "u_B_c3pl2_ctg": 2.1135322548808355e-05, 
        "B_c3pl2_cll1221": -0.0028132344573222005, 
        "u_B_c3pl2_cll1221": 5.325975065385734e-06, 
        "B_ctp_ctg": -0.10728096673001193, 
        "u_B_ctp_ctg": 3.540076648990316e-05, 
        "B_ctp_cll1221": -0.005645192385952534, 
        "u_B_ctp_cll1221": 1.0615674771511962e-05, 
        "B_ctg_cll1221": 0.05341522782841795, 
        "u_B_ctg_cll1221": 1.8397749304961354e-05
    }, 
    "55.0": {
        "A_cpdc": -0.0467154189566744, 
        "u_A_cpdc": 1.6376710480801975e-05, 
        "A_cdp": 0.1868592295480766, 
        "u_A_cdp": 6.555663779269784e-05, 
        "A_c3pl1": -0.09343039742639811, 
        "u_A_c3pl1": 3.268202674590638e-05, 
        "A_c3pl2": -0.09343039742639811, 
        "u_A_c3pl2": 3.268202674590638e-05, 
        "A_ctp": -0.1878346389813958, 
        "u_A_ctp": 6.568060244142205e-05, 
        "A_ctg": 1.7704608912855329, 
        "u_A_ctg": 0.002342376610908866, 
        "A_cll1221": 0.09342944173134676, 
        "u_A_cll1221": 3.279046277308383e-05, 
        "B_cpdc_2": 0.00038723610186408705, 
        "u_B_cpdc_2": 3.744586571237572e-05, 
        "B_cdp_2": 0.005737826753757098, 
        "u_B_cdp_2": 3.711121765626853e-05, 
        "B_c3pl1_2": 0.0014603497314056417, 
        "u_B_c3pl1_2": 3.664087305701119e-05, 
        "B_c3pl2_2": 0.0014603497314056417, 
        "u_B_c3pl2_2": 3.664087305701119e-05, 
        "B_ctp_2": 0.005709340829679462, 
        "u_B_ctp_2": 3.961785609128612e-05, 
        "B_ctg_2": 0.5088826863492836, 
        "u_B_ctg_2": 0.0014063261693690004, 
        "B_cll1221_2": 0.001451628110308776, 
        "u_B_cll1221_2": 3.3174655348242976e-05, 
        "B_cpdc_cdp": -0.0028049300435862186, 
        "u_B_cpdc_cdp": 1.3489435978507655e-05, 
        "B_cpdc_c3pl1": 0.0014217261883255434, 
        "u_B_cpdc_c3pl1": 1.4024741287205149e-05, 
        "B_cpdc_c3pl2": 0.0014217261883255434, 
        "u_B_cpdc_c3pl2": 1.4024741287205149e-05, 
        "B_cpdc_ctp": 0.002869611343702333, 
        "u_B_cpdc_ctp": 1.2331247204160175e-05, 
        "B_cpdc_ctg": -0.026829939859523932, 
        "u_B_cpdc_ctg": 3.794819490928152e-05, 
        "B_cpdc_cll1221": -0.0014061927218188325, 
        "u_B_cpdc_cll1221": 1.4152771294920675e-05, 
        "B_cdp_c3pl1": -0.005685659639315007, 
        "u_B_cdp_c3pl1": 1.677597760444636e-05, 
        "B_cdp_c3pl2": -0.005685659639315007, 
        "u_B_cdp_c3pl2": 1.677597760444636e-05, 
        "B_cdp_ctp": -0.011374672553336719, 
        "u_B_cdp_ctp": 1.4279168443225671e-05, 
        "B_cdp_ctg": 0.10730639887766129, 
        "u_B_cdp_ctg": 0.00014214246004972468, 
        "B_cdp_cll1221": 0.005684164343721632, 
        "u_B_cdp_cll1221": 1.4296738128346446e-05, 
        "B_c3pl1_c3pl2": 0.0028104633595235134, 
        "u_B_c3pl1_c3pl2": 1.8438785509803025e-05, 
        "B_c3pl1_ctp": 0.005713203306334664, 
        "u_B_c3pl1_ctp": 1.3510919470570069e-05, 
        "B_c3pl1_ctg": -0.05368288384531337, 
        "u_B_c3pl1_ctg": 7.258271597315925e-05, 
        "B_c3pl1_cll1221": -0.0028167464792432442, 
        "u_B_c3pl1_cll1221": 7.1323615160631305e-06, 
        "B_c3pl2_ctp": 0.005713203306334664, 
        "u_B_c3pl2_ctp": 1.3510919470570069e-05, 
        "B_c3pl2_ctg": -0.05368288384531337, 
        "u_B_c3pl2_ctg": 7.258271597315925e-05, 
        "B_c3pl2_cll1221": -0.0028167464792432442, 
        "u_B_c3pl2_cll1221": 7.1323615160631305e-06, 
        "B_ctp_ctg": -0.10787462315101078, 
        "u_B_ctp_ctg": 0.00014393254789192835, 
        "B_ctp_cll1221": -0.005640030935589732, 
        "u_B_ctp_cll1221": 1.2483078982979344e-05, 
        "B_ctg_cll1221": 0.0536650243359934, 
        "u_B_ctg_cll1221": 7.111077190697196e-05
    }, 
    "95.0": {
        "A_cpdc": -0.04667793333255307, 
        "u_A_cpdc": 2.3142064488694095e-05, 
        "A_cdp": 0.18671159489088338, 
        "u_A_cdp": 9.265513684234147e-05, 
        "A_c3pl1": -0.0933571554812889, 
        "u_A_c3pl1": 4.63076838794213e-05, 
        "A_c3pl2": -0.0933571554812889, 
        "u_A_c3pl2": 4.63076838794213e-05, 
        "A_ctp": -0.18768712557070227, 
        "u_A_ctp": 9.292550870491307e-05, 
        "A_ctg": 1.799719679740461, 
        "u_A_ctg": 0.016076396726865845, 
        "A_cll1221": 0.093355847650094, 
        "u_A_cll1221": 4.639973411506299e-05, 
        "B_cpdc_2": 0.00031434391136150717, 
        "u_B_cpdc_2": 5.837580645532347e-05, 
        "B_cdp_2": 0.005731471882677125, 
        "u_B_cdp_2": 5.73588894921527e-05, 
        "B_c3pl1_2": 0.0015153430570284492, 
        "u_B_c3pl1_2": 5.6260875191839776e-05, 
        "B_c3pl2_2": 0.0015153430570284492, 
        "u_B_c3pl2_2": 5.6260875191839776e-05, 
        "B_ctp_2": 0.005832065968828449, 
        "u_B_ctp_2": 5.62293329348248e-05, 
        "B_ctg_2": 0.5360249492277874, 
        "u_B_ctg_2": 0.00869671306336418, 
        "B_cll1221_2": 0.001427591603404534, 
        "u_B_cll1221_2": 5.087818414473557e-05, 
        "B_cpdc_cdp": -0.0027819816518764914, 
        "u_B_cpdc_cdp": 1.8978120753194397e-05, 
        "B_cpdc_c3pl1": 0.0014614933903064151,