{
    "-0.5": {
        "A_cpg": 36.36147327711077, 
        "u_A_cpg": 0.00450592335130607, 
        "B_cpg_2": 1.5725209087344548e-05, 
        "u_B_cpg_2": 5.492577016715981e-06
    }, 
    "0.5": {
        "A_cpg": 36.357673637661414, 
        "u_A_cpg": 0.003108198321429981, 
        "B_cpg_2": 1.3445099115059524e-05, 
        "u_B_cpg_2": 2.826769586635905e-06
    }, 
    "1.5": {
        "A_cpg": 36.41993599364177, 
        "u_A_cpg": 0.008062668994554776, 
        "B_cpg_2": 8.899378545787453e-06, 
        "u_B_cpg_2": 1.6232180363500054e-06
    }, 
    "2.5": {
        "A_cpg": 36.690329901214504, 
        "u_A_cpg": 0.05032630750386089, 
        "B_cpg_2": -5.499543125042747e-08, 
        "u_B_cpg_2": 2.3823809759535194e-06
    }, 
    "3.5": {
        "A_cpg": 37.0379769296242, 
        "u_A_cpg": 0.08212994367145808, 
        "B_cpg_2": 2.551536156465425e-06, 
        "u_B_cpg_2": 2.660534535159565e-06
    }
}