{
    "0.0": {
        "A_cpg": -5.587171131792621e-09, 
        "u_A_cpg": 6.741833780921297e-10, 
        "B_cpg_2": 177.0403479397241, 
        "u_B_cpg_2": 0.3401105345821015
    }, 
    "0.5": {
        "A_cpg": -3.753888235002592e-09, 
        "u_A_cpg": 7.512111851444348e-10, 
        "B_cpg_2": 177.95726702144847, 
        "u_B_cpg_2": 0.45724867397932295
    }, 
    "0.9": {
        "A_cpg": -3.5342341844966867e-09, 
        "u_A_cpg": 7.573387648184161e-10, 
        "B_cpg_2": 177.12940319881065, 
        "u_B_cpg_2": 0.3118906261957411
    }, 
    "1.3": {
        "A_cpg": -2.753323725193016e-09, 
        "u_A_cpg": 7.403859689647e-10, 
        "B_cpg_2": 177.25741661960703, 
        "u_B_cpg_2": 0.4171974586331288
    }, 
    "1.7": {
        "A_cpg": -3.9883258451045825e-09, 
        "u_A_cpg": 5.350834907959476e-10, 
        "B_cpg_2": 177.94209071073988, 
        "u_B_cpg_2": 0.4350572334221621
    }, 
    "2.5": {
        "A_cpg": -4.273325762424385e-09, 
        "u_A_cpg": 5.846307451724189e-10, 
        "B_cpg_2": 177.69770124218005, 
        "u_B_cpg_2": 0.36118226095881195
    }
}