{
    "30.0": {
        "A_cpg": 24.556723555051754, 
        "u_A_cpg": 0.0021997765908164917, 
        "B_cpg_2": 7.663389317180035e-06, 
        "u_B_cpg_2": 1.436548243208038e-06
    }, 
    "60.0": {
        "A_cpg": 24.64509540597031, 
        "u_A_cpg": 0.021141338421262305, 
        "B_cpg_2": 1.5388585408040483e-06, 
        "u_B_cpg_2": 2.0814841424034445e-06
    }, 
    "120.0": {
        "A_cpg": 24.782360526051246, 
        "u_A_cpg": 0.10913057641987718, 
        "B_cpg_2": -1.1903843602550766e-06, 
        "u_B_cpg_2": 4.086982147214578e-06
    }, 
    "200.0": {
        "A_cpg": 26.430211914526804, 
        "u_A_cpg": 0.30837811529315656, 
        "B_cpg_2": 4.161888158894246e-06, 
        "u_B_cpg_2": 6.1002739666562376e-06
    }, 
    "350.0": {
        "A_cpg": 34.82302997429243, 
        "u_A_cpg": 1.302827319303841, 
        "B_cpg_2": 9.407476405645778e-06, 
        "u_B_cpg_2": 1.8792731658435497e-05
    }
}