{
    "450.0": {
        "A_cpg": 65.92672192664776, 
        "u_A_cpg": 2.8207754767068347, 
        "B_cpg_2": -8.777720916670538e-05, 
        "u_B_cpg_2": 8.798366706443306e-05
    }, 
    "500.0": {
        "A_cpg": 56.366977973824795, 
        "u_A_cpg": 12.106860458279845, 
        "B_cpg_2": -2.3374137583166075e-05, 
        "u_B_cpg_2": 7.701820865799839e-05
    }, 
    "550.0": {
        "A_cpg": 60.74302197179752, 
        "u_A_cpg": 7.173063403832337, 
        "B_cpg_2": -4.0795801249654914e-05, 
        "u_B_cpg_2": 9.37218653556239e-05
    }, 
    "600.0": {
        "A_cpg": 75.91548934855427, 
        "u_A_cpg": 3.6557993185742235, 
        "B_cpg_2": -0.00027936390385224216, 
        "u_B_cpg_2": 9.718961460099643e-05
    }, 
    "675.0": {
        "A_cpg": 84.92114948866339, 
        "u_A_cpg": 5.8650562218222815, 
        "B_cpg_2": 2.7159986688003927e-05, 
        "u_B_cpg_2": 0.00020111836672889882
    }, 
    "800.0": {
        "A_cpg": 120.46994847413049, 
        "u_A_cpg": 2.7171383689221953, 
        "B_cpg_2": 0.00040850635276470394, 
        "u_B_cpg_2": 0.00020425318036402235
    }
}