{
    "-0.5": {
        "A_cpdc": -0.04670739281703998, 
        "u_A_cpdc": 3.9327305865954205e-05, 
        "A_cdp": 0.18682324731839142, 
        "u_A_cdp": 0.00015595312095923334, 
        "A_c3pl1": -0.09341215092915359, 
        "u_A_c3pl1": 7.787181026268759e-05, 
        "A_c3pl2": -0.09341215092915359, 
        "u_A_c3pl2": 7.787181026268759e-05, 
        "A_ctp": -0.187799780522363, 
        "u_A_ctp": 0.00015660704126871467, 
        "A_ctg": 1.760826522744294, 
        "u_A_ctg": 0.0014696008784661205, 
        "A_cll1221": 0.09341040189154644, 
        "u_A_cll1221": 7.82621210811739e-05, 
        "B_cpdc_2": 0.00048787898952352846, 
        "u_B_cpdc_2": 9.955180787639224e-05, 
        "B_cdp_2": 0.0056814264109033745, 
        "u_B_cdp_2": 9.36138563297072e-05, 
        "B_c3pl1_2": 0.0014245045927384304, 
        "u_B_c3pl1_2": 8.611223960095888e-05, 
        "B_c3pl2_2": 0.0014245045927384304, 
        "u_B_c3pl2_2": 8.611223960095888e-05, 
        "B_ctp_2": 0.005915869175430296, 
        "u_B_ctp_2": 9.948010169926422e-05, 
        "B_ctg_2": 0.5031335833917902, 
        "u_B_ctg_2": 0.00042407357039606655, 
        "B_cll1221_2": 0.0015423713506254693, 
        "u_B_cll1221_2": 9.463472710262555e-05, 
        "B_cpdc_cdp": -0.0027728634995883104, 
        "u_B_cpdc_cdp": 3.238962891400757e-05, 
        "B_cpdc_c3pl1": 0.001483854739118125, 
        "u_B_cpdc_c3pl1": 3.46232209342843e-05, 
        "B_cpdc_c3pl2": 0.001483854739118125, 
        "u_B_cpdc_c3pl2": 3.46232209342843e-05, 
        "B_cpdc_ctp": 0.0028509046620848176, 
        "u_B_cpdc_ctp": 3.1028757704282545e-05, 
        "B_cpdc_ctg": -0.026654700866596465, 
        "u_B_cpdc_ctg": 4.6209854830171524e-05, 
        "B_cpdc_cll1221": -0.0014256509893656158, 
        "u_B_cpdc_cll1221": 3.670450521649669e-05, 
        "B_cdp_c3pl1": -0.0056330818783127115, 
        "u_B_cdp_c3pl1": 4.5099551567322756e-05, 
        "B_cdp_c3pl2": -0.0056330818783127115, 
        "u_B_cdp_c3pl2": 4.5099551567322756e-05, 
        "B_cdp_ctp": -0.011364525007761502, 
        "u_B_cdp_ctp": 3.568348350264213e-05, 
        "B_cdp_ctg": 0.10672514531842833, 
        "u_B_cdp_ctg": 0.00010062991695276087, 
        "B_cdp_cll1221": 0.005692015197890108, 
        "u_B_cdp_cll1221": 3.362244785503187e-05, 
        "B_c3pl1_c3pl2": 0.0029098171741458517, 
        "u_B_c3pl1_c3pl2": 4.192048450786608e-05, 
        "B_c3pl1_ctp": 0.005741301295725975, 
        "u_B_c3pl1_ctp": 3.5470514304497527e-05, 
        "B_c3pl1_ctg": -0.053347893171167164, 
        "u_B_c3pl1_ctg": 5.833184496130724e-05, 
        "B_c3pl1_cll1221": -0.002792368622601325, 
        "u_B_c3pl1_cll1221": 9.788371088983105e-06, 
        "B_c3pl2_ctp": 0.005741301295725975, 
        "u_B_c3pl2_ctp": 3.5470514304497527e-05, 
        "B_c3pl2_ctg": -0.053347893171167164, 
        "u_B_c3pl2_ctg": 5.833184496130724e-05, 
        "B_c3pl2_cll1221": -0.002792368622601325, 
        "u_B_c3pl2_cll1221": 9.788371088983105e-06, 
        "B_ctp_ctg": -0.10734973267912162, 
        "u_B_ctp_ctg": 9.188256046613947e-05, 
        "B_ctp_cll1221": -0.0056824538836853875, 
        "u_B_ctp_cll1221": 3.3467724827566514e-05, 
        "B_ctg_cll1221": 0.05335732554639258, 
        "u_B_ctg_cll1221": 5.566940795211365e-05
    }, 
    "0.5": {
        "A_cpdc": -0.0466786750838125, 
        "u_A_cpdc": 2.2942778543179867e-05, 
        "A_cdp": 0.18671003745701828, 
        "u_A_cdp": 9.187606539632159e-05, 
        "A_c3pl1": -0.09335586974732207, 
        "u_A_c3pl1": 4.596160487420163e-05, 
        "A_c3pl2": -0.09335586974732207, 
        "u_A_c3pl2": 4.596160487420163e-05, 
        "A_ctp": -0.18768522183245093, 
        "u_A_ctp": 9.219649931464135e-05, 
        "A_ctg": 1.7597683607203203, 
        "u_A_ctg": 0.0008654427870234265, 
        "A_cll1221": 0.09335449396812652, 
        "u_A_cll1221": 4.598165467841962e-05, 
        "B_cpdc_2": 0.0004367827656176323, 
        "u_B_cpdc_2": 5.143414829370204e-05, 
        "B_cdp_2": 0.005771286005511035, 
        "u_B_cdp_2": 4.80137945837733e-05, 
        "B_c3pl1_2": 0.001451430608261728, 
        "u_B_c3pl1_2": 4.9110917784022245e-05, 
        "B_c3pl2_2": 0.001451430608261728, 
        "u_B_c3pl2_2": 4.9110917784022245e-05, 
        "B_ctp_2": 0.00573820660105575, 
        "u_B_ctp_2": 5.1180383091644034e-05, 
        "B_ctg_2": 0.502760232125831, 
        "u_B_ctg_2": 0.00023323072000180954, 
        "B_cll1221_2": 0.001495009768956545, 
        "u_B_cll1221_2": 4.86026815601515e-05, 
        "B_cpdc_cdp": -0.002808444821338691, 
        "u_B_cpdc_cdp": 1.8075679750848697e-05, 
        "B_cpdc_c3pl1": 0.0013904287354696003, 
        "u_B_cpdc_c3pl1": 1.9660481509304954e-05, 
        "B_cpdc_c3pl2": 0.0013904287354696003, 
        "u_B_cpdc_c3pl2": 1.9660481509304954e-05, 
        "B_cpdc_ctp": 0.002842012224444241, 
        "u_B_cpdc_ctp": 1.66938217640054e-05, 
        "B_cpdc_ctg": -0.026657835984933084, 
        "u_B_cpdc_ctg": 2.0255217726369863e-05, 
        "B_cpdc_cll1221": -0.00141521492790411, 
        "u_B_cpdc_cll1221": 1.953853200197266e-05, 
        "B_cdp_c3pl1": -0.0056942832241293935, 
        "u_B_cdp_c3pl1": 2.1947555086703963e-05, 
        "B_cdp_c3pl2": -0.0056942832241293935, 
        "u_B_cdp_c3pl2": 2.1947555086703963e-05, 
        "B_cdp_ctp": -0.011377980686401433, 
        "u_B_cdp_ctp": 2.0393250901204235e-05, 
        "B_cdp_ctg": 0.10665710773095838, 
        "u_B_cdp_ctg": 5.835719037364834e-05, 
        "B_cdp_cll1221": 0.005666291276996442, 
        "u_B_cdp_cll1221": 2.087432572183523e-05, 
        "B_c3pl1_c3pl2": 0.002783411382543197, 
        "u_B_c3pl1_c3pl2": 2.4742273145511835e-05, 
        "B_c3pl1_ctp": 0.005697235572686959, 
        "u_B_c3pl1_ctp": 1.808852761982889e-05, 
        "B_c3pl1_ctg": -0.053341054305643724, 
        "u_B_c3pl1_ctg": 3.244683589795587e-05, 
        "B_c3pl1_cll1221": -0.0028086404546007106, 
        "u_B_c3pl1_cll1221": 8.562366781722284e-06, 
        "B_c3pl2_ctp": 0.005697235572686959, 
        "u_B_c3pl2_ctp": 1.808852761982889e-05, 
        "B_c3pl2_ctg": -0.053341054305643724, 
        "u_B_c3pl2_ctg": 3.244683589795587e-05, 
        "B_c3pl2_cll1221": -0.0028086404546007106, 
        "u_B_c3pl2_cll1221": 8.562366781722284e-06, 
        "B_ctp_ctg": -0.10719170639889754, 
        "u_B_ctp_ctg": 5.394728837634934e-05, 
        "B_ctp_cll1221": -0.005636303022163461, 
        "u_B_ctp_cll1221": 1.6731653739341306e-05, 
        "B_ctg_cll1221": 0.05338238443337295, 
        "u_B_ctg_cll1221": 3.0299646237551945e-05
    }, 
    "1.5": {
        "A_cpdc": -0.046700163808249796, 
        "u_A_cpdc": 1.4178377610120185e-05, 
        "A_cdp": 0.18679762686449217, 
        "u_A_cdp": 5.6715983196837816e-05, 
        "A_c3pl1": -0.09339937624902334, 
        "u_A_c3pl1": 2.830634255485662e-05, 
        "A_c3pl2": -0.09339937624902334, 
        "u_A_c3pl2": 2.830634255485662e-05, 
        "A_ctp": -0.18777319711344453, 
        "u_A_ctp": 5.6902352159514696e-05, 
        "A_ctg": 1.7646555017237715, 
        "u_A_ctg": 0.0011108037645534959, 
        "A_cll1221": 0.09339870128407946, 
        "u_A_cll1221": 2.8394820716352703e-05, 
        "B_cpdc_2": 0.0004074953349646424, 
        "u_B_cpdc_2": 2.9549215959730233e-05, 
        "B_cdp_2": 0.005748303254477726, 
        "u_B_cdp_2": 3.115794141114378e-05, 
        "B_c3pl1_2": 0.001440088045081416, 
        "u_B_c3pl1_2": 2.9650222711944243e-05, 
        "B_c3pl2_2": 0.001440088045081416, 
        "u_B_c3pl2_2": 2.9650222711944243e-05, 
        "B_ctp_2": 0.005744472300470775, 
        "u_B_ctp_2": 3.227340330857049e-05, 
        "B_ctg_2": 0.5054727433207402, 
        "u_B_ctg_2": 0.0006038493328785679, 
        "B_cll1221_2": 0.0014479293821539326, 
        "u_B_cll1221_2": 2.932533627595178e-05, 
        "B_cpdc_cdp": -0.002796070065651725, 
        "u_B_cpdc_cdp": 1.047599588781141e-05, 
        "B_cpdc_c3pl1": 0.0014019175731022362,