{
    "0.0": {
        "A_chgtil": -0.09175861893922077, 
        "u_A_chgtil": 0.15184187879183922, 
        "A_chg": 20.923714005388284, 
        "u_A_chg": 0.7873266537328096, 
        "B_chgtil_2": 217.25693460888908, 
        "u_B_chgtil_2": 7.129237053682517, 
        "B_chg_2": 244.60909599890695, 
        "u_B_chg_2": 7.124955253915057, 
        "B_chgtil_chg": -2.8801808092900143, 
        "u_B_chgtil_chg": 3.033890566157415
    }, 
    "5.0": {
        "A_chgtil": 0.17816375934213868, 
        "u_A_chgtil": 0.15913354884619949, 
        "A_chg": 38.27148962132934, 
        "u_A_chg": 0.24791791888826326, 
        "B_chgtil_2": 337.7610406763628, 
        "u_B_chgtil_2": 3.8533512765046853, 
        "B_chg_2": 381.31248819567725, 
        "u_B_chg_2": 2.3102331998721928, 
        "B_chgtil_chg": 3.418298779847096, 
        "u_B_chgtil_chg": 3.18618596053609
    }, 
    "10.0": {
        "A_chgtil": -0.1759586661299194, 
        "u_A_chgtil": 0.1802055846350186, 
        "A_chg": 39.645640657439934, 
        "u_A_chg": 0.06024757077389895, 
        "B_chgtil_2": 365.12761353714814, 
        "u_B_chgtil_2": 5.31549706215959, 
        "B_chg_2": 394.04895981554677, 
        "u_B_chg_2": 0.7225518765216689, 
        "B_chgtil_chg": -3.570227711521874, 
        "u_B_chgtil_chg": 3.622815345057396
    }, 
    "15.0": {
        "A_chgtil": -0.05784343826056228, 
        "u_A_chgtil": 0.13660001224249846, 
        "A_chg": 39.74418949752917, 
        "u_A_chg": 0.021812744302093, 
        "B_chgtil_2": 373.3352526211242, 
        "u_B_chgtil_2": 2.439650278369125, 
        "B_chg_2": 395.1843697711391, 
        "u_B_chg_2": 0.4518294004994383, 
        "B_chgtil_chg": -0.9941200349332535, 
        "u_B_chgtil_chg": 2.740829241061396
    }, 
    "20.0": {
        "A_chgtil": -0.08106814592357238, 
        "u_A_chgtil": 0.11966976053993372, 
        "A_chg": 39.76100758467129, 
        "u_A_chg": 0.025775432770861174, 
        "B_chgtil_2": 385.17681080081616, 
        "u_B_chgtil_2": 2.3976026764171343, 
        "B_chg_2": 395.7186306008843, 
        "u_B_chg_2": 0.4165557910850964, 
        "B_chgtil_chg": -1.634025884876809, 
        "u_B_chgtil_chg": 2.4064386337278627
    }, 
    "25.0": {
        "A_chgtil": 0.00011216951816884022, 
        "u_A_chgtil": 0.12026938984878711, 
        "A_chg": 39.78664699238564, 
        "u_A_chg": 0.028961302487008476, 
        "B_chgtil_2": 392.58001489488333, 
        "u_B_chgtil_2": 3.985889707434926, 
        "B_chg_2": 395.9854432542151, 
        "u_B_chg_2": 0.4240720194705026, 
        "B_chgtil_chg": -0.005385593886861727, 
        "u_B_chgtil_chg": 2.4882012462202585
    }, 
    "30.0": {
        "A_chgtil": -0.10623380381432897, 
        "u_A_chgtil": 0.1350736196098003, 
        "A_chg": 39.82151073297915, 
        "u_A_chg": 0.01917783151665954, 
        "B_chgtil_2": 394.66183281406245, 
        "u_B_chgtil_2": 4.78185013481605, 
        "B_chg_2": 396.76671092534633, 
        "u_B_chg_2": 0.3635775664736157, 
        "B_chgtil_chg": -1.9966490375590855, 
        "u_B_chgtil_chg": 2.7259129993453635
    }, 
    "35.0": {
        "A_chgtil": -0.05565023672497897, 
        "u_A_chgtil": 0.07703218535715387, 
        "A_chg": 39.89816329145061, 
        "u_A_chg": 0.016780114189274546, 
        "B_chgtil_2": 397.42252480890306, 
        "u_B_chgtil_2": 2.486577205849658, 
        "B_chg_2": 398.53748441976, 
        "u_B_chg_2": 0.30149230313372255, 
        "B_chgtil_chg": -1.0755834449634083, 
        "u_B_chgtil_chg": 1.577479455097908
    }, 
    "45.0": {
        "A_chgtil": 0.0044034451483321345, 
        "u_A_chgtil": 0.06754855377738518, 
        "A_chg": 40.082765156077166, 
        "u_A_chg": 0.016606817414085547, 
        "B_chgtil_2": 399.5681578781585, 
        "u_B_chgtil_2": 1.4700574770198174, 
        "B_chg_2": 402.1968703504347, 
        "u_B_chg_2": 0.2948631281043391, 
        "B_chgtil_chg": 0.11988518874339688, 
        "u_B_chgtil_chg": 1.391660617958084
    }, 
    "60.0": {
        "A_chgtil": 0.05104079893603073, 
        "u_A_chgtil": 0.06642910103360665, 
        "A_chg": 40.3836156013345, 
        "u_A_chg": 0.019367564864207515, 
        "B_chgtil_2": 410.32505345797733, 
        "u_B_chgtil_2": 2.483046071740621, 
        "B_chg_2": 408.5216768399962, 
        "u_B_chg_2": 0.3969697836100653, 
        "B_chgtil_chg": 1.073897073529461, 
        "u_B_chgtil_chg": 1.3780230084753617
    }, 
    "80.0": {
        "A_chgtil": 0.08825995347514347, 
        "u_A_chgtil": 0.08270047995839531, 
        "A_chg": 40.757909701703554, 
        "u_A_chg": 0.03522732452039057, 
        "B_chgtil_2": 414.28085397413264, 
        "u_B_chgtil_2": 1.745115651933291, 
        "B_chg_2": 417.0537817902257, 
        "u_B_chg_2": 0.5694769593810481, 
        "B_chgtil_chg": 1.9329331400800582, 
        "u_B_chgtil_chg": 1.7435489820006878
    }, 
    "100.0": {
        "A_chgtil": 0.2147922923784878, 
        "u_A_chgtil": 0.10751801935492022, 
        "A_chg": 41.289176735777424, 
        "u_A_chg": 0.04805370494362441, 
        "B_chgtil_2": 431.8044863387751, 
        "u_B_chgtil_2": 3.652964557928139, 
        "B_chg_2": 428.94786545450006, 
        "u_B_chg_2": 1.2433441637766536, 
        "B_chgtil_chg": 4.7121454867433945, 
        "u_B_chgtil_chg": 2.283051536893655
    }, 
    "120.0": {
        "A_chgtil": -0.10664539417460898, 
        "u_A_chgtil": 0.13085708317247252, 
        "A_chg": 41.97884753662948, 
        "u_A_chg": 0.06227003074700325, 
        "B_chgtil_2": 442.2853896701017, 
        "u_B_chgtil_2": 4.280779276465598, 
        "B_chg_2": 442.99507644079176, 
        "u_B_chg_2": 1.121565836735546, 
        "B_chgtil_chg": -2.181840239186518, 
        "u_B_chgtil_chg": 2.941429663671444
    }, 
    "140.0": {
        "A_chgtil": 0.17571393105319794, 
        "u_A_chgtil": 0.14568245897168863, 
        "A_chg": 42.72916516381974, 
        "u_A_chg": 0.10027892922046294, 
        "B_chgtil_2": 462.7454571736198, 
        "u_B_chgtil_2": 4.028863666572213, 
        "B_chg_2": 462.7892867891315, 
        "u_B_chg_2": 1.732182361648261, 
        "B_chgtil_chg": 3.9916711123357587, 
        "u_B_chgtil_chg": 3.373408218710164
    }, 
    "170.0": {
        "A_chgtil": 0.2235365882874852, 
        "u_A_chgtil": 0.1515052574545083, 
        "A_chg": 43.938560062388305, 
        "u_A_chg": 0.17464399169135442, 
        "B_chgtil_2": 485.2860882804631, 
        "u_B_chgtil_2": 4.579058028386576, 
        "B_chg_2": 495.36226448450725, 
        "u_B_chg_2": 3.539821967535408, 
        "B_chgtil_chg": 4.609426055549727, 
        "u_B_chgtil_chg": 3.4359439286605555
    }, 
    "200.0": {
        "A_chgtil": -0.13190293026441902, 
        "u_A_chgtil": 0.2189281629027168, 
        "A_chg": 44.71942660013409, 
        "u_A_chg": 0.2508703182803669, 
        "B_chgtil_2": 526.783275619089, 
        "u_B_chgtil_2": 7.509770151381398, 
        "B_chg_2": 529.0902334699957, 
        "u_B_chg_2": 6.714908225920371, 
        "B_chgtil_chg": -2.309560303992391, 
        "u_B_chgtil_chg": 5.505717642697042
    }, 
    "250.0": {
        "A_chgtil": -0.1425727008377856, 
        "u_A_chgtil": 0.23039981179537897, 
        "A_chg": 43.89824066916489, 
        "u_A_chg": 0.5574669262127054, 
        "B_chgtil_2": 578.7159999772083, 
        "u_B_chgtil_2": 18.41046033675297, 
        "B_chg_2": 578.1397683221685, 
        "u_B_chg_2": 17.669071490221725, 
        "B_chgtil_chg": -5.497629043868362, 
        "u_B_chgtil_chg": 6.060955049156626
    }, 
    "350.0": {
        "A_chgtil": 0.14738636640850591, 
        "u_A_chgtil": 0.5113191204697085, 
        "A_chg": 34.149787941022645, 
        "u_A_chg": 1.4389859546209172, 
        "B_chgtil_2": 527.3726331339311, 
        "u_B_chgtil_2": 29.210773159866577, 
        "B_chg_2": 526.9860899113191, 
        "u_B_chg_2": 26.645458901925483, 
        "B_chgtil_chg": -10.966012393417188, 
        "u_B_chgtil_chg": 14.086938618476434
    },