{
    "0.0": {
        "A_cpg": -4.276868717931958e-09, 
        "u_A_cpg": 9.061758461655305e-10, 
        "B_cpg_2": 437.7268825066857, 
        "u_B_cpg_2": 1.8130058610059894, 
        "B_cpdc_cpg": -1.0659572495995422, 
        "u_B_cpdc_cpg": 0.0008359845128200019, 
        "B_cdp_cpg": 4.263828206163771, 
        "u_B_cdp_cpg": 0.0033439375482728555, 
        "B_cpg_c3pl1": -2.131914290716348, 
        "u_B_cpg_c3pl1": 0.0016719617100594325, 
        "B_cpg_c3pl2": -2.131914290716348, 
        "u_B_cpg_c3pl2": 0.0016719617100594325, 
        "B_cpg_ctp": -4.286070161877753, 
        "u_B_cpg_ctp": 0.00336137759219583, 
        "B_cpg_ctg": 41.266902010549884, 
        "u_B_cpg_ctg": 0.12726891613526642, 
        "B_cpg_cll1221": 2.131914032197755, 
        "u_B_cpg_cll1221": 0.0016719657409172222
    }, 
    "1.570796": {
        "A_cpg": -1.8184471420781279e-09, 
        "u_A_cpg": 9.211015346288774e-10, 
        "B_cpg_2": 436.52735803732054, 
        "u_B_cpg_2": 1.9731869606048542, 
        "B_cpdc_cpg": -1.065073302260649, 
        "u_B_cpdc_cpg": 0.0008180948909503551, 
        "B_cdp_cpg": 4.260292933249289, 
        "u_B_cdp_cpg": 0.0032723844634710377, 
        "B_cpg_c3pl1": -2.1301463579787967, 
        "u_B_cpg_c3pl1": 0.0016361854367350696, 
        "B_cpg_c3pl2": -2.1301463579787967, 
        "u_B_cpg_c3pl2": 0.0016361854367350696, 
        "B_cpg_ctp": -4.282516311968303, 
        "u_B_cpg_ctp": 0.0032894498128547365, 
        "B_cpg_ctg": 41.16442896736444, 
        "u_B_cpg_ctg": 0.1286091480472196, 
        "B_cpg_cll1221": 2.1301464791607048, 
        "u_B_cpg_cll1221": 0.001636195724811107
    }
}