{
    "0.0": {
        "A_cpg": -1.5773198260786702e-09, 
        "u_A_cpg": 5.178490222926623e-10, 
        "B_cpg_2": 93.84031355672948, 
        "u_B_cpg_2": 1.4684815497012578, 
        "B_cpdc_cpg": -0.2747288774079383, 
        "u_B_cpdc_cpg": 0.0005628420923963221, 
        "B_cdp_cpg": 1.0989158755369681, 
        "u_B_cdp_cpg": 0.002251453977247393, 
        "B_cpg_c3pl1": -0.5494577304221954, 
        "u_B_cpg_c3pl1": 0.0011256867508517973, 
        "B_cpg_c3pl2": -0.5494577304221954, 
        "u_B_cpg_c3pl2": 0.0011256867508517973, 
        "B_cpg_ctp": -1.104648146637493, 
        "u_B_cpg_ctp": 0.0022632018402266516, 
        "B_cpg_ctg": 10.552330361059083, 
        "u_B_cpg_ctg": 0.13332703015802397, 
        "B_cpg_cll1221": 0.5494579972280818, 
        "u_B_cpg_cll1221": 0.0011256859347047014
    }, 
    "5.0": {
        "A_cpg": -2.3706781000588607e-09, 
        "u_A_cpg": 3.380790230950325e-10, 
        "B_cpg_2": 96.28752193762293, 
        "u_B_cpg_2": 0.1656199208777368, 
        "B_cpdc_cpg": -0.2736074206029901, 
        "u_B_cpdc_cpg": 4.766942982006825e-05, 
        "B_cdp_cpg": 1.0944299781955447, 
        "u_B_cdp_cpg": 0.00019064418208710122, 
        "B_cpg_c3pl1": -0.5472148086852718, 
        "u_B_cpg_c3pl1": 9.537465439804436e-05, 
        "B_cpg_c3pl2": -0.5472148086852718, 
        "u_B_cpg_c3pl2": 9.537465439804436e-05, 
        "B_cpg_ctp": -1.1001388491478061, 
        "u_B_cpg_ctp": 0.0001916845662430124, 
        "B_cpg_ctg": 10.319916508870794, 
        "u_B_cpg_ctg": 0.004974650075137442, 
        "B_cpg_cll1221": 0.5472150905314097, 
        "u_B_cpg_cll1221": 9.536895287693632e-05
    }, 
    "10.0": {
        "A_cpg": -2.203678106839439e-09, 
        "u_A_cpg": 3.344770341151496e-10, 
        "B_cpg_2": 97.23347546762126, 
        "u_B_cpg_2": 0.309409490620049, 
        "B_cpdc_cpg": -0.27356938805801423, 
        "u_B_cpdc_cpg": 3.918999283748099e-05, 
        "B_cdp_cpg": 1.094277868038704, 
        "u_B_cdp_cpg": 0.00015676093369531321, 
        "B_cpg_c3pl1": -0.5471387850539523, 
        "u_B_cpg_c3pl1": 7.837939526312662e-05, 
        "B_cpg_c3pl2": -0.5471387850539523, 
        "u_B_cpg_c3pl2": 7.837939526312662e-05, 
        "B_cpg_ctp": -1.0999859316692484, 
        "u_B_cpg_ctp": 0.00015762683668770896, 
        "B_cpg_ctg": 10.315759925858776, 
        "u_B_cpg_ctg": 0.002841273228371133, 
        "B_cpg_cll1221": 0.5471390598951146, 
        "u_B_cpg_cll1221": 7.834389079787223e-05
    }, 
    "15.0": {
        "A_cpg": -2.0102941706507234e-09, 
        "u_A_cpg": 3.526805822328338e-10, 
        "B_cpg_2": 97.89779132652232, 
        "u_B_cpg_2": 0.3183326890164413, 
        "B_cpdc_cpg": -0.27354715606187546, 
        "u_B_cpdc_cpg": 3.7199483748089066e-05, 
        "B_cdp_cpg": 1.0941889044597686, 
        "u_B_cdp_cpg": 0.00014880336033730338, 
        "B_cpg_c3pl1": -0.5470942495905049, 
        "u_B_cpg_c3pl1": 7.444581713575009e-05, 
        "B_cpg_c3pl2": -0.5470942495905049, 
        "u_B_cpg_c3pl2": 7.444581713575009e-05, 
        "B_cpg_ctp": -1.0998965275423669, 
        "u_B_cpg_ctp": 0.00014946808812072194, 
        "B_cpg_ctg": 10.313907549762137, 
        "u_B_cpg_ctg": 0.0021512615676784535, 
        "B_cpg_cll1221": 0.5470945765048159, 
        "u_B_cpg_cll1221": 7.442183981639905e-05
    }, 
    "20.0": {
        "A_cpg": -1.536345934220895e-09, 
        "u_A_cpg": 3.801451636298181e-10, 
        "B_cpg_2": 99.14039589997766, 
        "u_B_cpg_2": 0.4340382484645118, 
        "B_cpdc_cpg": -0.2736834056476831, 
        "u_B_cpdc_cpg": 4.1124347310849766e-05, 
        "B_cdp_cpg": 1.0947337754849096, 
        "u_B_cdp_cpg": 0.0001645212898079647, 
        "B_cpg_c3pl1": -0.5473666966247333, 
        "u_B_cpg_c3pl1": 8.224146702450414e-05, 
        "B_cpg_c3pl2": -0.5473666966247333, 
        "u_B_cpg_c3pl2": 8.224146702450414e-05, 
        "B_cpg_ctp": -1.1004442091864162, 
        "u_B_cpg_ctp": 0.0001653781086426159, 
        "B_cpg_ctg": 10.320423940096351, 
        "u_B_cpg_ctg": 0.0027131753690956954, 
        "B_cpg_cll1221": 0.5473670333559567, 
        "u_B_cpg_cll1221": 8.23043104500217e-05
    }, 
    "25.0": {
        "A_cpg": -1.5928628678614167e-09, 
        "u_A_cpg": 4.5129994905058905e-10, 
        "B_cpg_2": 102.04961577934107, 
        "u_B_cpg_2": 0.6198548241958695, 
        "B_cpdc_cpg": -0.2734907222785068, 
        "u_B_cpdc_cpg": 5.396888110613308e-05, 
        "B_cdp_cpg": 1.0939632176050944, 
        "u_B_cdp_cpg": 0.00021575243414773522, 
        "B_cpg_c3pl1": -0.5469814173640444, 
        "u_B_cpg_c3pl1": 0.00010791024523628636, 
        "B_cpg_c3pl2": -0.5469814173640444, 
        "u_B_cpg_c3pl2": 0.00010791024523628636, 
        "B_cpg_ctp": -1.0996695534071175, 
        "u_B_cpg_ctp": 0.00021694355719572615, 
        "B_cpg_ctg": 10.312369563931487, 
        "u_B_cpg_ctg": 0.003317318165390074, 
        "B_cpg_cll1221": 0.546981675153392, 
        "u_B_cpg_cll1221": 0.00010793225258339404
    }, 
    "30.0": {
        "A_cpg": -1.8655002921593377e-09, 
        "u_A_cpg": 4.969118491037578e-10, 
        "B_cpg_2": 105.83536074930974, 
        "u_B_cpg_2": 0.8184330444456985, 
        "B_cpdc_cpg": -0.27339944845075187, 
        "u_B_cpdc_cpg": 0.00031984404906044663, 
        "B_cdp_cpg": 1.0935981270970017, 
        "u_B_cdp_cpg": 0.0012793703054445286, 
        "B_cpg_c3pl1": -0.5467989188627358, 
        "u_B_cpg_c3pl1": 0.0006396790997263459, 
        "B_cpg_c3pl2": -0.5467989188627358, 
        "u_B_cpg_c3pl2": 0.0006396790997263459, 
        "B_cpg_ctp": -1.0993026695404755, 
        "u_B_cpg_ctp": 0.0012860331234084397, 
        "B_cpg_ctg": 10.316714415981762, 
        "u_B_cpg_ctg": 0.01507053932877774, 
        "B_cpg_cll1221": 0.5467991061791279, 
        "u_B_cpg_cll1221": 0.000639692001276893
    }, 
    "35.0": {
        "A_cpg": -1.148814020201367e-09, 
        "u_A_cpg": 4.5199924798544505e-10, 
        "B_cpg_2": 115.97990473748764, 
        "u_B_cpg_2": 0.8433405848153269, 
        "B_cpdc_cpg": -0.27356007420975725, 
        "u_B_cpdc_cpg": 0.00010285219997513367, 
        "B_cdp_cpg": 1.0942404237017505, 
        "u_B_cdp_cpg": 0.00041141464866044814, 
        "B_cpg_c3pl1": -0.5471201315580135, 
        "u_B_cpg_c3pl1": 0.0002056771199265186, 
        "B_cpg_c3pl2": -0.5471201315580135, 
        "u_B_cpg_c3pl2": 0.0002056771199265186, 
        "B_cpg_ctp": -1.0999483789979498, 
        "u_B_cpg_ctp": 0.00041353387593129765, 
        "B_cpg_ctg": 10.326073019732245, 
        "u_B_cpg_ctg": 0.0065354550094315665, 
        "B_cpg_cll1221": 0.5471202263035901, 
        "u_B_cpg_cll1221": 0.00020571351279855422
    }, 
    "45.0": {
        "A_cpg": -7.396883634485439e-10, 
        "u_A_cpg": 5.126672808809153e-10, 
        "B_cpg_2": 133.06977515656988, 
        "u_B_cpg_2": 0.8568208362446492, 
        "B_cpdc_cpg": -0.27455888163481346, 
        "u_B_cpdc_cpg": 0.00011204170951878186, 
        "B_cdp_cpg": 1.098235832355644, 
        "u_B_cdp_cpg": 0.000448195305103645, 
        "B_cpg_c3pl1": -0.5491178157163992, 
        "u_B_cpg_c3pl1": 0.00022408849232413965, 
        "B_cpg_c3pl2": -0.5491178157163992, 
        "u_B_cpg_c3pl2": 0.00022408849232413965, 
        "B_cpg_ctp": -1.1039646819329734, 
        "u_B_cpg_ctp": 0.0004505101485507621, 
        "B_cpg_ctg": 10.393640128487801, 
        "u_B_cpg_ctg": 0.009588555627487757, 
        "B_cpg_cll1221": 0.5491179996494456, 
        "u_B_cpg_cll1221": 0.000224099887837695
    }, 
    "60.0": {
        "A_cpg": -5.164356737585118e-10, 
        "u_A_cpg": 6.157288344122891e-10, 
        "B_cpg_2": 146.20202806004932, 
        "u_B_cpg_2": 0.9180808576724931, 
        "B_cpdc_cpg": -0.2742828677205878, 
        "u_B_cpdc_cpg": 0.00031819996962984795, 
        "B_cdp_cpg": 1.0971313607987048, 
        "u_B_cdp_cpg": 0.0012727934799258364, 
        "B_cpg_c3pl1": -0.5485656596458783, 
        "u_B_cpg_c3pl1": 0.0006364012572831502, 
        "B_cpg_c3pl2": -0.5485656596458783,