{
    "0.0": {
        "A_cpg": 15.401505238611152, 
        "u_A_cpg": 0.014058091483773431, 
        "B_cpg_2": 8.61675177432594e-06, 
        "u_B_cpg_2": 1.091839088848161e-06
    }, 
    "0.5": {
        "A_cpg": 15.396080829089478, 
        "u_A_cpg": 0.016176795618925602, 
        "B_cpg_2": 6.900903351419895e-06, 
        "u_B_cpg_2": 1.2182485150511548e-06
    }, 
    "0.9": {
        "A_cpg": 15.374739104666462, 
        "u_A_cpg": 0.014556679802903804, 
        "B_cpg_2": 9.076690250074399e-06, 
        "u_B_cpg_2": 1.204232904538272e-06
    }, 
    "1.3": {
        "A_cpg": 15.39921328434831, 
        "u_A_cpg": 0.015982336160842003, 
        "B_cpg_2": 8.672500641981906e-06, 
        "u_B_cpg_2": 1.1873396025044273e-06
    }, 
    "1.7": {
        "A_cpg": 15.391266020484029, 
        "u_A_cpg": 0.012015879201909503, 
        "B_cpg_2": 1.1234878398438823e-05, 
        "u_B_cpg_2": 8.495569738352744e-07
    }, 
    "2.5": {
        "A_cpg": 15.402485923559057, 
        "u_A_cpg": 0.013433071860454346, 
        "B_cpg_2": 9.63240095469458e-06, 
        "u_B_cpg_2": 9.496672948305571e-07
    }
}