{
    "-0.5": {
        "A_chl3": -0.2580139254032399, 
        "u_A_chl3": 0.0003087861699101617, 
        "A_chbox": 0.2580199096583481, 
        "u_A_chbox": 0.0004367689279956452, 
        "A_cll1": 0.12900611772942866, 
        "u_A_cll1": 0.00021789999312980899, 
        "A_chdd": -0.06450091170935156, 
        "u_A_chdd": 0.00010815555433823602, 
        "A_chg": 32.583343118985084, 
        "u_A_chg": 0.039615910583389119, 
        "A_ctgre": -1.9962053080944342, 
        "u_A_ctgre": 0.0033641797524435781, 
        "A_cthre": -0.2593612104123203, 
        "u_A_cthre": 0.00044051350773072944, 
        "B_chl3_2": 0.007608357289820544, 
        "u_B_chl3_2": 0.00054960563298452232, 
        "B_chl3_cll1": -0.007693844052409739, 
        "u_B_chl3_cll1": 5.6236218799818032e-07, 
        "B_chl3_ctgre": 0.12055751222947332, 
        "u_B_chl3_ctgre": 0.00020331889871740171, 
        "B_chl3_cthre": 0.016071585215023023, 
        "u_B_chl3_cthre": 0.00018022951962685325, 
        "B_chbox_2": 0.007351896423304885, 
        "u_B_chbox_2": 0.00021324134734100996, 
        "B_chbox_chl3": -0.015045740359965011, 
        "u_B_chbox_chl3": 0.00015078551974395503, 
        "B_chbox_cll1": 0.007864818850833894, 
        "u_B_chbox_cll1": 0.00010662269886187002, 
        "B_chbox_chg": 2.3237525935428045, 
        "u_B_chbox_chg": 0.0024767535880771858, 
        "B_chbox_ctgre": -0.12118902579542547, 
        "u_B_chbox_ctgre": 0.00023235345103113825, 
        "B_chbox_cthre": -0.015644150823328977, 
        "u_B_chbox_cthre": 0.0001208878314292871, 
        "B_cll1_2": 0.0022226663605340352, 
        "u_B_cll1_2": 0.00025487325303991533, 
        "B_chdd_2": 0.00017097433462252056, 
        "u_B_chdd_2": 0.0002906004611306454, 
        "B_chdd_chl3": 0.0039324097147909855, 
        "u_B_chdd_chl3": 0.00018022240129631891, 
        "B_chdd_chbox": -0.0038469220262048686, 
        "u_B_chdd_chbox": 0.00012089778864416007, 
        "B_chdd_cll1": -0.00205169202510834, 
        "u_B_chdd_cll1": 0.00012089682180733528, 
        "B_chdd_chg": -0.5809375328082019, 
        "u_B_chdd_chg": 0.00062121873861114023, 
        "B_chdd_ctgre": 0.030244629368215807, 
        "u_B_chdd_ctgre": 0.00011932248975076522, 
        "B_chdd_cthre": 0.0036759478065287892, 
        "u_B_chdd_cthre": 0.00010662151876184287, 
        "B_chg_2": 371.178112531332, 
        "u_B_chg_2": 0.53922901978049176, 
        "B_chg_chl3": -2.323750320641269, 
        "u_B_chg_chl3": 0.0017417910010439955, 
        "B_chg_cll1": 1.1618762020671718, 
        "u_B_chg_cll1": 0.0012241931689877192, 
        "B_chg_ctgre": -17.977832343217539, 
        "u_B_chg_ctgre": 0.019230364412157638, 
        "B_chg_cthre": -2.335873125094669, 
        "u_B_chg_cthre": 0.002476989265337637, 
        "B_ctgre_2": 0.46784733402888273, 
        "u_B_ctgre_2": 0.00077671138290083205, 
        "B_ctgre_cll1": -0.060489274888888743, 
        "u_B_ctgre_cll1": 0.00013185928594156262, 
        "B_cthre_2": 0.007864819429581971, 
        "u_B_cthre_2": 0.00037803753250681481, 
        "B_cthre_cll1": -0.00812127948585032, 
        "u_B_cthre_cll1": 0.00012744335106115465, 
        "B_cthre_ctgre": 0.121680236268447, 
        "u_B_cthre_ctgre": 0.00024402015601389
    }, 
    "1.5": {
        "A_chl3": -0.2579544353085202, 
        "u_A_chl3": 2.5099020967140274e-05, 
        "A_chbox": 0.257956911068686, 
        "u_A_chbox": 3.5491398445604211e-05, 
        "A_cll1": 0.12897740235073793, 
        "u_A_cll1": 1.7744570808368466e-05, 
        "A_chdd": -0.0644888149376923, 
        "u_A_chdd": 8.874108489674733e-06, 
        "A_chg": 32.590748817738685, 
        "u_A_chg": 0.0035451000151668012, 
        "A_ctgre": -1.995669595897529, 
        "u_A_ctgre": 0.00029262777993456078, 
        "A_cthre": -0.25929970580789014, 
        "u_A_cthre": 3.5678178907609925e-05, 
        "B_chl3_2": 0.007663938948775776, 
        "u_B_chl3_2": 1.0973651608457626e-05, 
        "B_chl3_cll1": -0.007816701554487068, 
        "u_B_chl3_cll1": 2.1521841904650786e-06, 
        "B_chl3_ctgre": 0.12089535634066763, 
        "u_B_chl3_ctgre": 1.2875798141902983e-05, 
        "B_chl3_cthre": 0.015840153670074672, 
        "u_B_chl3_cthre": 4.4411834237946698e-06, 
        "B_chbox_2": 0.007732520238527172, 
        "u_B_chbox_2": 7.0496318716665898e-06, 
        "B_chbox_chl3": -0.015549221919552013, 
        "u_B_chbox_chl3": 4.6213241075113762e-06, 
        "B_chbox_cll1": 0.0077906779959622035, 
        "u_B_chbox_cll1": 2.9203091610148124e-06, 
        "B_chbox_chg": 2.328670387865568, 
        "u_B_chbox_chg": 0.00013833674351547903, 
        "B_chbox_ctgre": -0.1209872943101697, 
        "u_B_chbox_ctgre": 1.7956080170998843e-05, 
        "B_chbox_cthre": -0.01571783593335521, 
        "u_B_chbox_cthre": 3.5041057278755934e-06, 
        "B_cll1_2": 0.0020385362922695797, 
        "u_B_cll1_2": 6.3766586342244306e-06, 
        "B_chdd_2": 0.0004835206566138964, 
        "u_B_chdd_2": 6.3435129000031511e-06, 
        "B_chdd_chl3": 0.0039445824614315625, 
        "u_B_chdd_chl3": 3.7059209930067371e-06, 
        "B_chdd_chbox": -0.0038967407955797138, 
        "u_B_chdd_chbox": 2.8836673523125939e-06, 
        "B_chdd_cll1": -0.002000938712969588, 
        "u_B_chdd_cll1": 2.5905211144120995e-06, 
        "B_chdd_chg": -0.5821675118722714, 
        "u_B_chdd_chg": 3.45873795905959e-05, 
        "B_chdd_ctgre": 0.03024815084689603, 
        "u_B_chdd_ctgre": 4.8197505989600972e-06, 
        "B_chdd_cthre": 0.003907703697148478, 
        "u_B_chdd_cthre": 2.756572814879982e-06, 
        "B_chg_2": 371.30262026293286, 
        "u_B_chg_2": 0.03861025273037319, 
        "B_chg_chl3": -2.3286698481257178, 
        "u_B_chg_chl3": 9.7810539047326768e-05, 
        "B_chg_cll1": 1.1643351209949668, 
        "u_B_chg_cll1": 6.9157313019329006e-05, 
        "B_chg_ctgre": -18.019459240767361, 
        "u_B_chg_ctgre": 0.0037932585999734107, 
        "B_chg_cthre": -2.340817476333234, 
        "u_B_chg_cthre": 0.00013905905754090233, 
        "B_ctgre_2": 0.46797295454807425, 
        "u_B_ctgre_2": 7.2120327841672355e-05, 
        "B_ctgre_cll1": -0.060480163125966303, 
        "u_B_ctgre_cll1": 9.1806466898934471e-06, 
        "B_cthre_2": 0.007696863573606807, 
        "u_B_cthre_2": 7.519782711038308e-06, 
        "B_cthre_cll1": -0.00788657698209622, 
        "u_B_cthre_cll1": 2.7802214232169188e-06, 
        "B_cthre_ctgre": 0.12159268086558681, 
        "u_B_cthre_ctgre": 1.7876874615098515e-05
    }, 
    "3.5": {
        "A_chl3": -0.25772752004071364, 
        "u_A_chl3": 0.00012714992983053308, 
        "A_chbox": 0.2577299911943172, 
        "u_A_chbox": 0.00017981180675989697, 
        "A_cll1": 0.12886427110316614, 
        "u_A_cll1": 8.9906105151097318e-05, 
        "A_chdd": -0.06443213539535234, 
        "u_A_chdd": 4.495408674771569e-05, 
        "A_chg": 33.245430037315465, 
        "u_A_chg": 0.076443129354985928, 
        "A_ctgre": -2.0577555122948383, 
        "u_A_ctgre": 0.0052317931606268991, 
        "A_cthre": -0.2590716166894939, 
        "u_A_cthre": 0.00018074942627713928, 
        "B_chl3_2": 0.007651690678384932, 
        "u_B_chl3_2": 2.3095174669058173e-05, 
        "B_chl3_cll1": -0.007804305988314625, 
        "u_B_chl3_cll1": 5.6031575981015445e-06, 
        "B_chl3_ctgre": 0.1246992558829073, 
        "u_B_chl3_ctgre": 0.00022441084148752747, 
        "B_chl3_cthre": 0.015829227354814172, 
        "u_B_chl3_cthre": 1.1621668438275537e-05, 
        "B_chbox_2": 0.007737844486086962, 
        "u_B_chbox_2": 1.5564816154178476e-05, 
        "B_chbox_chl3": -0.015542150630632315, 
        "u_B_chbox_chl3": 1.2003107637286359e-05, 
        "B_chbox_cll1": 0.007782921489923788, 
        "u_B_chbox_cll1": 7.9076477653223442e-06, 
        "B_chbox_chg": 2.365615722684676, 
        "u_B_chbox_chg": 0.0048526146208405065, 
        "B_chbox_ctgre": -0.12475128433287695,