{
    "-0.5": {
        "A_cpdc": -0.06450091170935156, 
        "u_A_cpdc": 0.00010815555433823602, 
        "A_cdp": 0.2580199096583481, 
        "u_A_cdp": 0.0004367689279956452, 
        "A_c3pl1": -0.12900696270161996, 
        "u_A_c3pl1": 0.0002183447946800968, 
        "A_c3pl2": -0.12900696270161996, 
        "u_A_c3pl2": 0.0002183447946800968, 
        "A_ctp": -0.2593612104123203, 
        "u_A_ctp": 0.00044051350773072944, 
        "A_ctg": 2.4318404997323277, 
        "u_A_ctg": 0.0040983502734903785, 
        "A_cll1221": 0.12900611772942866, 
        "u_A_cll1221": 0.000217899993129809, 
        "B_cpdc_2": 0.00017097433462252056, 
        "u_B_cpdc_2": 0.0002906004611306454, 
        "B_cdp_2": 0.007351896423304885, 
        "u_B_cdp_2": 0.00021324134734100996, 
        "B_c3pl1_2": 0.0017097432963821425, 
        "u_B_c3pl1_2": 0.0003780383864679223, 
        "B_c3pl2_2": 0.0017097432963821425, 
        "u_B_c3pl2_2": 0.0003780383864679223, 
        "B_ctp_2": 0.007864819429581971, 
        "u_B_ctp_2": 0.0003780375325068148, 
        "B_ctg_2": 0.694326787159961, 
        "u_B_ctg_2": 0.001152708329864741, 
        "B_cll1221_2": 0.0022226663605340352, 
        "u_B_cll1221_2": 0.0002548732530399153, 
        "B_cpdc_cdp": -0.0038469220262048686, 
        "u_B_cpdc_cdp": 0.00012089778864416007, 
        "B_cpdc_c3pl1": 0.0019662048573954928, 
        "u_B_cpdc_c3pl1": 0.00012743648207835033, 
        "B_cpdc_c3pl2": 0.0019662048573954928, 
        "u_B_cpdc_c3pl2": 0.00012743648207835033, 
        "B_cpdc_ctp": 0.0036759478065287892, 
        "u_B_cpdc_ctp": 0.00010662151876184287, 
        "B_cpdc_ctg": -0.0368449649436267, 
        "u_B_cpdc_ctg": 0.0001453624343789588, 
        "B_cpdc_cll1221": -0.00205169202510834, 
        "u_B_cpdc_cll1221": 0.00012089682180733528, 
        "B_cdp_c3pl1": -0.0075228701799825055, 
        "u_B_cdp_c3pl1": 0.00010662146351568865, 
        "B_cdp_c3pl2": -0.0075228701799825055, 
        "u_B_cdp_c3pl2": 0.00010662146351568865, 
        "B_cdp_ctp": -0.015644150823328977, 
        "u_B_cdp_ctp": 0.0001208878314292871, 
        "B_cdp_ctg": 0.1476363076770656, 
        "u_B_cdp_ctg": 0.0002830603296058181, 
        "B_cdp_cll1221": 0.007864818850833894, 
        "u_B_cdp_cll1221": 0.00010662269886187002, 
        "B_c3pl1_c3pl2": 0.004188870697056259, 
        "u_B_c3pl1_c3pl2": 0.00012743746906533073, 
        "B_c3pl1_ctp": 0.008035792607511512, 
        "u_B_c3pl1_ctp": 0.0001274415154981419, 
        "B_c3pl1_ctg": -0.0734334889296716, 
        "u_B_c3pl1_ctg": 0.0001751429383985385, 
        "B_c3pl1_cll1221": -0.0038469220262048695, 
        "u_B_c3pl1_cll1221": 3.9765011661641744e-07, 
        "B_c3pl2_ctp": 0.008035792607511512, 
        "u_B_c3pl2_ctp": 0.0001274415154981419, 
        "B_c3pl2_ctg": -0.0734334889296716, 
        "u_B_c3pl2_ctg": 0.0001751429383985385, 
        "B_c3pl2_cll1221": -0.0038469220262048695, 
        "u_B_c3pl2_cll1221": 3.9765011661641744e-07, 
        "B_ctp_ctg": -0.14823471582543724, 
        "u_B_ctp_ctg": 0.0002972730789459989, 
        "B_ctp_cll1221": -0.00812127948585032, 
        "u_B_ctp_cll1221": 0.00012744335106115465, 
        "B_ctg_cll1221": 0.07368994956468801, 
        "u_B_ctg_cll1221": 0.00016063515637305782
    }, 
    "0.5": {
        "A_cpdc": -0.05696069988796911, 
        "u_A_cpdc": 0.007388842568093254, 
        "A_cdp": 0.22784686542733187, 
        "u_A_cdp": 0.029556981381589693, 
        "A_c3pl1": -0.11392185324207799, 
        "u_A_c3pl1": 0.014778166223290196, 
        "A_c3pl2": -0.11392185324207799, 
        "u_A_c3pl2": 0.014778166223290196, 
        "A_ctp": -0.22903669317083483, 
        "u_A_ctp": 0.029711727778654353, 
        "A_ctg": 2.147440287271796, 
        "u_A_ctg": 0.2785730576540479, 
        "A_cll1221": 0.11392184711415715, 
        "u_A_cll1221": 0.014777697002679491, 
        "B_cpdc_2": 0.00036206329514685095, 
        "u_B_cpdc_2": 0.00020358661767065267, 
        "B_cdp_2": 0.006969718497059214, 
        "u_B_cdp_2": 0.0009241273336976307, 
        "B_c3pl1_2": 0.0015387689886168614, 
        "u_B_c3pl1_2": 0.00028623610335883293, 
        "B_c3pl2_2": 0.0015387689886168614, 
        "u_B_c3pl2_2": 0.00028623610335883293, 
        "B_ctp_2": 0.007060234321696346, 
        "u_B_ctp_2": 0.0010245399522722024, 
        "B_ctg_2": 0.6130636395166261, 
        "u_B_ctg_2": 0.07963212750899225, 
        "B_cll1221_2": 0.0019008321654573953, 
        "u_B_cll1221_2": 0.00039515956870131235, 
        "B_cpdc_cdp": -0.0035301167012541127, 
        "u_B_cpdc_cdp": 0.0004573460741612252, 
        "B_cpdc_c3pl1": 0.0017198006681055204, 
        "u_B_cpdc_c3pl1": 0.0002602184575904317, 
        "B_cpdc_c3pl2": 0.0017198006681055204, 
        "u_B_cpdc_c3pl2": 0.0002602184575904317, 
        "B_cpdc_ctp": 0.0034848587889355475, 
        "u_B_cpdc_ctp": 0.0004485680415978539, 
        "B_cpdc_ctg": -0.03254043512709868, 
        "u_B_cpdc_ctg": 0.004213492710849991, 
        "B_cpdc_cll1221": -0.0018103164927426533, 
        "u_B_cpdc_cll1221": 0.00026343967367214993, 
        "B_cdp_c3pl1": -0.006924459512354504, 
        "u_B_cdp_c3pl1": 0.0008937723636694058, 
        "B_cdp_c3pl2": -0.006924459512354504, 
        "u_B_cdp_c3pl2": 0.0008937723636694058, 
        "B_cdp_ctp": -0.013894178009413716, 
        "u_B_cdp_ctp": 0.001824371461551724, 
        "B_cdp_ctg": 0.13020698662446573, 
        "u_B_cdp_ctg": 0.01685340247397101, 
        "B_cdp_cll1221": 0.006788686541388907, 
        "u_B_cdp_cll1221": 0.00088046186699644, 
        "B_c3pl1_c3pl2": 0.0034396008766169805, 
        "u_B_c3pl1_c3pl2": 0.0005003718364367214, 
        "B_c3pl1_ctp": 0.007014975643387678, 
        "u_B_c3pl1_ctp": 0.000895792113313312, 
        "B_c3pl1_ctg": -0.06499037189413455, 
        "u_B_c3pl1_ctg": 0.008420185245645077, 
        "B_c3pl1_cll1221": -0.0034396008766169814, 
        "u_B_c3pl1_cll1221": 0.00044397829808625564, 
        "B_c3pl2_ctp": 0.007014975643387678, 
        "u_B_c3pl2_ctp": 0.000895792113313312, 
        "B_c3pl2_ctg": -0.06499037189413455, 
        "u_B_c3pl2_ctg": 0.008420185245645077, 
        "B_c3pl2_cll1221": -0.0034396008766169814, 
        "u_B_c3pl2_cll1221": 0.00044397829808625564, 
        "B_ctp_ctg": -0.13088585913919476, 
        "u_B_ctp_ctg": 0.016988052633052187, 
        "B_ctp_cll1221": -0.006879202059629998, 
        "u_B_ctp_cll1221": 0.0009351441251422454, 
        "B_ctg_cll1221": 0.06503562965325509, 
        "u_B_ctg_cll1221": 0.008423103627511353
    }, 
    "1.5": {
        "A_cpdc": -0.0644888149376923, 
        "u_A_cpdc": 8.874108489674733e-06, 
        "A_cdp": 0.257956911068686, 
        "u_A_cdp": 3.549139844560421e-05, 
        "A_c3pl1": -0.1289772176542601, 
        "u_A_c3pl1": 1.7747687927008227e-05, 
        "A_c3pl2": -0.1289772176542601, 
        "u_A_c3pl2": 1.7747687927008227e-05, 
        "A_ctp": -0.25929970580789014, 
        "u_A_ctp": 3.5678178907609925e-05, 
        "A_ctg": 2.43118787817514, 
        "u_A_ctg": 0.0003564884251665156, 
        "A_cll1221": 0.12897740235073793, 
        "u_A_cll1221": 1.7744570808368466e-05, 
        "B_cpdc_2": 0.0004835206566138964, 
        "u_B_cpdc_2": 6.343512900003151e-06, 
        "B_cdp_2": 0.007732520238527172, 
        "u_B_cdp_2": 7.04963187166659e-06, 
        "B_c3pl1_2": 0.0018514829506884063, 
        "u_B_c3pl1_2": 7.338938391188631e-06, 
        "B_c3pl2_2": 0.0018514829506884063, 
        "u_B_c3pl2_2": 7.338938391188631e-06, 
        "B_ctp_2": 0.007696863573606807, 
        "u_B_ctp_2": 7.519782711038308e-06, 
        "B_ctg_2": 0.6945132191114707, 
        "u_B_ctg_2": 0.00010703293975837863, 
        "B_cll1221_2": 0.0020385362922695797, 
        "u_B_cll1221_2": 6.376658634224431e-06, 
        "B_cpdc_cdp": -0.0038967407955797138, 
        "u_B_cpdc_cdp": 2.883667352312594e-06, 
        "B_cpdc_c3pl1": 0.0019722912307157813, 
        "u_B_cpdc_c3pl1": 2.6204818646966478e-06,