{
    "0.0": {
        "A_cpg": 15.337922650925336, 
        "u_A_cpg": 0.030957104151627737, 
        "B_cpg_2": 5.205755123597849e-06, 
        "u_B_cpg_2": 1.8343977951947383e-06
    }, 
    "5.0": {
        "A_cpg": 15.296629473363, 
        "u_A_cpg": 0.00164713250431568, 
        "B_cpg_2": 2.9159900823784818e-06, 
        "u_B_cpg_2": 1.3285302528763728e-06
    }, 
    "10.0": {
        "A_cpg": 15.297499899927967, 
        "u_A_cpg": 0.001172699637090562, 
        "B_cpg_2": 4.449845587431071e-06, 
        "u_B_cpg_2": 1.3134125623266013e-06
    }, 
    "15.0": {
        "A_cpg": 15.290533951668682, 
        "u_A_cpg": 0.003990570504119033, 
        "B_cpg_2": 3.1574799715720595e-06, 
        "u_B_cpg_2": 1.3591130397409817e-06
    }, 
    "20.0": {
        "A_cpg": 15.30060518305231, 
        "u_A_cpg": 0.0017989416423007977, 
        "B_cpg_2": 3.2065492760996354e-06, 
        "u_B_cpg_2": 1.4642640111597952e-06
    }, 
    "25.0": {
        "A_cpg": 15.291325163267341, 
        "u_A_cpg": 0.004574054593787386, 
        "B_cpg_2": 5.909301603930354e-06, 
        "u_B_cpg_2": 1.6109017581473544e-06
    }, 
    "30.0": {
        "A_cpg": 15.29294447495759, 
        "u_A_cpg": 0.007921059292588748, 
        "B_cpg_2": 4.692561257972462e-06, 
        "u_B_cpg_2": 1.734321012529691e-06
    }, 
    "35.0": {
        "A_cpg": 15.305616436303335, 
        "u_A_cpg": 0.005713539209483041, 
        "B_cpg_2": 4.591493654986515e-06, 
        "u_B_cpg_2": 1.3862396239334185e-06
    }, 
    "45.0": {
        "A_cpg": 15.34627464770057, 
        "u_A_cpg": 0.008802333781511244, 
        "B_cpg_2": 2.300252020064565e-06, 
        "u_B_cpg_2": 1.375949768584556e-06
    }, 
    "60.0": {
        "A_cpg": 15.33621483641116, 
        "u_A_cpg": 0.020696664052997145, 
        "B_cpg_2": 5.396991442410602e-07, 
        "u_B_cpg_2": 1.5452326855108696e-06
    }, 
    "80.0": {
        "A_cpg": 15.373528051368634, 
        "u_A_cpg": 0.027212121641688902, 
        "B_cpg_2": -1.4592001453983043e-06, 
        "u_B_cpg_2": 2.0249269464352525e-06
    }, 
    "100.0": {
        "A_cpg": 15.297080632689378, 
        "u_A_cpg": 0.045390143183923655, 
        "B_cpg_2": 2.52476697334754e-07, 
        "u_B_cpg_2": 2.450893945761533e-06
    }, 
    "120.0": {
        "A_cpg": 15.388869102665447, 
        "u_A_cpg": 0.06614780860970826, 
        "B_cpg_2": 1.4610833877829806e-06, 
        "u_B_cpg_2": 2.931449266243769e-06
    }, 
    "140.0": {
        "A_cpg": 15.428147356741741, 
        "u_A_cpg": 0.0803355999370389, 
        "B_cpg_2": 3.5157209913502063e-06, 
        "u_B_cpg_2": 2.8832102741490837e-06
    }, 
    "170.0": {
        "A_cpg": 15.532992253041632, 
        "u_A_cpg": 0.10441314069145233, 
        "B_cpg_2": -4.997465550659527e-06, 
        "u_B_cpg_2": 3.380001162000565e-06
    }, 
    "200.0": {
        "A_cpg": 15.713152147614718, 
        "u_A_cpg": 0.12083387979166857, 
        "B_cpg_2": 2.2860865176558675e-06, 
        "u_B_cpg_2": 3.739483256460444e-06
    }, 
    "250.0": {
        "A_cpg": 17.278443800849935, 
        "u_A_cpg": 0.14857660731646977, 
        "B_cpg_2": 7.233495882848845e-07, 
        "u_B_cpg_2": 4.206744366950092e-06
    }, 
    "350.0": {
        "A_cpg": 19.690840250570293, 
        "u_A_cpg": 0.3989643830566176, 
        "B_cpg_2": 5.281621020308059e-07, 
        "u_B_cpg_2": 7.453882509576956e-06
    }, 
    "450.0": {
        "A_cpg": 25.26674713141774, 
        "u_A_cpg": 1.0224255099780148, 
        "B_cpg_2": -5.507976360592837e-06, 
        "u_B_cpg_2": 1.8711272440402758e-05
    }
}