{
    "0.0": {
        "A_cpg": 23.765010146953344, 
        "u_A_cpg": 0.0034251274118107322, 
        "B_cpg_2": -3.643253484386552e-05, 
        "u_B_cpg_2": 2.036123171290173e-06
    }, 
    "30.0": {
        "A_cpg": 23.76340612057173, 
        "u_A_cpg": 0.024171026586410096, 
        "B_cpg_2": -2.086075626852003e-05, 
        "u_B_cpg_2": 3.6348683933009213e-06
    }, 
    "45.0": {
        "A_cpg": 23.858645361557667, 
        "u_A_cpg": 0.023977556174719365, 
        "B_cpg_2": -1.122121314232827e-05, 
        "u_B_cpg_2": 3.2830521513672952e-06
    }, 
    "80.0": {
        "A_cpg": 23.869268547782063, 
        "u_A_cpg": 0.05980193966405812, 
        "B_cpg_2": -5.248750746731165e-06, 
        "u_B_cpg_2": 4.685172370451959e-06
    }, 
    "120.0": {
        "A_cpg": 23.843274911956854, 
        "u_A_cpg": 0.13790235453177457, 
        "B_cpg_2": 2.1980061997414872e-06, 
        "u_B_cpg_2": 5.478373991336637e-06
    }, 
    "200.0": {
        "A_cpg": 27.337672300543254, 
        "u_A_cpg": 0.33743291890469995, 
        "B_cpg_2": 9.629321618390205e-06, 
        "u_B_cpg_2": 7.864823202888141e-06
    }
}