{
    "0.0": {
        "A_cpg": -1.2959982062427196e-08, 
        "u_A_cpg": 8.133271159402549e-10, 
        "B_cpg_2": 220.52796557004328, 
        "u_B_cpg_2": 0.159455260862739
    }, 
    "45.0": {
        "A_cpg": -1.2415732485798607e-08, 
        "u_A_cpg": 7.80874081364798e-10, 
        "B_cpg_2": 220.98011315327696, 
        "u_B_cpg_2": 0.22586082218807163
    }, 
    "80.0": {
        "A_cpg": -8.035361397845867e-10, 
        "u_A_cpg": 1.683321391781823e-09, 
        "B_cpg_2": 224.23685797565918, 
        "u_B_cpg_2": 0.7484204204721752
    }, 
    "120.0": {
        "A_cpg": 6.20133921424769e-10, 
        "u_A_cpg": 4.031900787163298e-09, 
        "B_cpg_2": 231.02329692307393, 
        "u_B_cpg_2": 2.3855620501510297
    }, 
    "140.0": {
        "A_cpg": -1.0831981289293986e-09, 
        "u_A_cpg": 3.7219801489292052e-09, 
        "B_cpg_2": 233.67085718682836, 
        "u_B_cpg_2": 3.03392107386185
    }, 
    "170.0": {
        "A_cpg": 3.488594754558595e-09, 
        "u_A_cpg": 6.911572669655104e-09, 
        "B_cpg_2": 254.305457436796, 
        "u_B_cpg_2": 13.76158975874053
    }, 
    "200.0": {
        "A_cpg": -1.188075518683041e-09, 
        "u_A_cpg": 4.050637642209386e-09, 
        "B_cpg_2": 290.3211025672807, 
        "u_B_cpg_2": 9.496301585263726
    }, 
    "350.0": {
        "A_cpg": 1.3406917073835328e-08, 
        "u_A_cpg": 1.0465963077461165e-08, 
        "B_cpg_2": 391.74862891712854, 
        "u_B_cpg_2": 22.447211751326723
    }, 
    "450.0": {
        "A_cpg": 5.2914832707170556e-08, 
        "u_A_cpg": 4.6930300575937e-08, 
        "B_cpg_2": 871.1080182456927, 
        "u_B_cpg_2": 161.67279125608977
    }
}