{
    "0.0": {
        "A_cpg": 2.7458982952833896e-08, 
        "u_A_cpg": 2.467391485183475e-09, 
        "B_cpg_2": 373.80675657789874, 
        "u_B_cpg_2": 1.247087671209316
    }, 
    "5.0": {
        "A_cpg": 2.6274137088815717e-08, 
        "u_A_cpg": 1.8313994815375512e-09, 
        "B_cpg_2": 371.6621215750917, 
        "u_B_cpg_2": 0.4022323877451245
    }, 
    "10.0": {
        "A_cpg": 2.6907908270323933e-08, 
        "u_A_cpg": 1.7977129982675514e-09, 
        "B_cpg_2": 371.1635303212071, 
        "u_B_cpg_2": 0.09539799937776482
    }, 
    "15.0": {
        "A_cpg": 2.4094185392334038e-08, 
        "u_A_cpg": 1.8913061630823546e-09, 
        "B_cpg_2": 371.3605663632426, 
        "u_B_cpg_2": 0.055215038890310916
    }, 
    "20.0": {
        "A_cpg": 2.438155370572394e-08, 
        "u_A_cpg": 2.019814022799051e-09, 
        "B_cpg_2": 371.4354356333488, 
        "u_B_cpg_2": 0.07465861909500245
    }, 
    "25.0": {
        "A_cpg": 2.195775722211665e-08, 
        "u_A_cpg": 2.228257215000858e-09, 
        "B_cpg_2": 371.2188806920741, 
        "u_B_cpg_2": 0.13452074579372955
    }, 
    "30.0": {
        "A_cpg": 2.176857086940483e-08, 
        "u_A_cpg": 2.390413386199981e-09, 
        "B_cpg_2": 371.2434764420651, 
        "u_B_cpg_2": 0.15602157276726694
    }, 
    "35.0": {
        "A_cpg": 1.893791744331425e-08, 
        "u_A_cpg": 1.8630183667842485e-09, 
        "B_cpg_2": 372.0642281695816, 
        "u_B_cpg_2": 0.24355344523953698
    }, 
    "45.0": {
        "A_cpg": 1.1269459428307476e-08, 
        "u_A_cpg": 1.8275730814736504e-09, 
        "B_cpg_2": 372.2676127341661, 
        "u_B_cpg_2": 0.36442188632036454
    }, 
    "60.0": {
        "A_cpg": 5.925816694300801e-09, 
        "u_A_cpg": 1.974382931286244e-09, 
        "B_cpg_2": 375.3037214059344, 
        "u_B_cpg_2": 0.5515812007185089
    }, 
    "80.0": {
        "A_cpg": 2.4697379191087506e-09, 
        "u_A_cpg": 2.5281222931302733e-09, 
        "B_cpg_2": 376.9928077191434, 
        "u_B_cpg_2": 0.9609400136468026
    }, 
    "100.0": {
        "A_cpg": -3.770129637393414e-09, 
        "u_A_cpg": 3.0899422230866424e-09, 
        "B_cpg_2": 377.09601491741796, 
        "u_B_cpg_2": 1.8017630693356539
    }, 
    "120.0": {
        "A_cpg": 2.0868332504157678e-10, 
        "u_A_cpg": 3.714610166521506e-09, 
        "B_cpg_2": 378.6489102558249, 
        "u_B_cpg_2": 1.9645484156707937
    }, 
    "140.0": {
        "A_cpg": 1.2145114711310362e-08, 
        "u_A_cpg": 3.5886043783983925e-09, 
        "B_cpg_2": 382.98166176857154, 
        "u_B_cpg_2": 2.8042404285583884
    }, 
    "170.0": {
        "A_cpg": 6.445647854681529e-09, 
        "u_A_cpg": 4.067306374942845e-09, 
        "B_cpg_2": 386.5282208207866, 
        "u_B_cpg_2": 4.285727374089523
    }, 
    "200.0": {
        "A_cpg": -5.201444443975483e-10, 
        "u_A_cpg": 4.407507996152397e-09, 
        "B_cpg_2": 423.4201816475946, 
        "u_B_cpg_2": 6.373590401603401
    }, 
    "250.0": {
        "A_cpg": -6.551370157083515e-09, 
        "u_A_cpg": 5.434110717293962e-09, 
        "B_cpg_2": 493.54744098012986, 
        "u_B_cpg_2": 7.271754339448009
    }, 
    "350.0": {
        "A_cpg": -1.3889953931208017e-08, 
        "u_A_cpg": 1.0184454303871453e-08, 
        "B_cpg_2": 671.2164638661736, 
        "u_B_cpg_2": 17.876144651355567
    }, 
    "450.0": {
        "A_cpg": 6.12792193051276e-08, 
        "u_A_cpg": 3.7275786252647965e-08, 
        "B_cpg_2": 1142.8687203683173, 
        "u_B_cpg_2": 80.37932241293882
    }
}