{
    "450.0": {
        "A_chgtil": 0.4753143919911474, 
        "u_A_chgtil": 0.5559630703419766, 
        "A_chg": 13.518534589582769, 
        "u_A_chg": 2.883262839928045, 
        "B_chgtil_2": 412.0788858276655, 
        "u_B_chgtil_2": 69.77183280800918, 
        "B_chg_2": 410.82336747699156, 
        "u_B_chg_2": 69.15006783977461, 
        "B_chgtil_chg": -0.17353934899621426, 
        "u_B_chgtil_chg": 7.667356085841053
    }, 
    "600.0": {
        "A_chgtil": -0.09238707734694859, 
        "u_A_chgtil": 0.07447834235336662, 
        "A_chg": -2.233144917176772, 
        "u_A_chg": 0.6365012511466356, 
        "B_chgtil_2": 55.727542392280476, 
        "u_B_chgtil_2": 6.739130950084727, 
        "B_chg_2": 56.78656605086814, 
        "u_B_chg_2": 6.826391535490431, 
        "B_chgtil_chg": -1.1085365309540207, 
        "u_B_chgtil_chg": 0.6022789617591917
    }
}