{
    "-3.141593": {
        "A_cpg": 2.764230931926215e-09, 
        "u_A_cpg": 5.945239342019484e-10, 
        "B_cpg_2": 279.8490009345354, 
        "u_B_cpg_2": 1.3457771422574234, 
        "B_cpdc_cpg": -0.6918391014818811, 
        "u_B_cpdc_cpg": 0.0006171236232478432, 
        "B_cdp_cpg": 2.7673563831376775, 
        "u_B_cdp_cpg": 0.0024685045343776977, 
        "B_cg_cpg": -7.0165786876344686e-12, 
        "u_B_cg_cpg": 7.0162838457172504e-12, 
        "B_cpg_c3pl1": -1.3836782314510756, 
        "u_B_cpg_c3pl1": 0.0012342468586270365, 
        "B_cpg_c3pl2": -1.3836782314510756, 
        "u_B_cpg_c3pl2": 0.0012342468586270365, 
        "B_cpg_ctp": -2.7817921630832334, 
        "u_B_cpg_ctp": 0.0024813739745427957, 
        "B_cpg_ctg": 26.807497682222582, 
        "u_B_cpg_ctg": 0.09052020644351971, 
        "B_cpg_cll1221": 1.383678114653097, 
        "u_B_cpg_cll1221": 0.0012342460489840892
    }, 
    "-1.570796": {
        "A_cpg": -1.274349193278946e-09, 
        "u_A_cpg": 3.565690524773908e-09, 
        "B_cpg_2": 336.7177688229535, 
        "u_B_cpg_2": 6.542505775951953, 
        "B_cpdc_cpg": -0.6898965845949949, 
        "u_B_cpdc_cpg": 0.0010536674640066013, 
        "B_cdp_cpg": 2.759583400093713, 
        "u_B_cdp_cpg": 0.004214466466060539, 
        "B_cpg_c3pl1": -1.3797924155060484, 
        "u_B_cpg_c3pl1": 0.0021072736722808584, 
        "B_cpg_c3pl2": -1.3797924155060484, 
        "u_B_cpg_c3pl2": 0.0021072736722808584, 
        "B_cpg_ctp": -2.7739795216951038, 
        "u_B_cpg_ctp": 0.0042363961719962175, 
        "B_cpg_ctg": 26.260316427336747, 
        "u_B_cpg_ctg": 0.09903530438376845, 
        "B_cpg_cll1221": 1.3797915537117058, 
        "u_B_cpg_cll1221": 0.002107267347616644
    }, 
    "0.0": {
        "A_cpg": 6.835676666787604e-09, 
        "u_A_cpg": 3.824408229716259e-09, 
        "B_cpg_2": 342.21138671753727, 
        "u_B_cpg_2": 6.888813470977217, 
        "B_cpdc_cpg": -0.68912861066178, 
        "u_B_cpdc_cpg": 0.0011705287772721669, 
        "B_cdp_cpg": 2.7565171173943184, 
        "u_B_cdp_cpg": 0.0046820164514233655, 
        "B_cpg_c3pl1": -1.3782578568104826, 
        "u_B_cpg_c3pl1": 0.0023410416940993855, 
        "B_cpg_c3pl2": -1.3782578568104826, 
        "u_B_cpg_c3pl2": 0.0023410416940993855, 
        "B_cpg_ctp": -2.77089547042111, 
        "u_B_cpg_ctp": 0.0047064109682556175, 
        "B_cpg_ctg": 26.239539460421977, 
        "u_B_cpg_ctg": 0.1424908531170344, 
        "B_cpg_cll1221": 1.3782586678628583, 
        "u_B_cpg_cll1221": 0.002340998873206107
    }, 
    "1.570796": {
        "A_cpg": 2.0228881578486173e-09, 
        "u_A_cpg": 6.264468119624444e-10, 
        "B_cpg_2": 281.4214287208923, 
        "u_B_cpg_2": 1.355748686978545, 
        "B_cpdc_cpg": -0.6915973891772274, 
        "u_B_cpdc_cpg": 0.0005320827245647201, 
        "B_cdp_cpg": 2.7663891666401748, 
        "u_B_cdp_cpg": 0.0021283472790989033, 
        "B_cpg_c3pl1": -1.383194727475924, 
        "u_B_cpg_c3pl1": 0.001064170453425612, 
        "B_cpg_c3pl2": -1.383194727475924, 
        "u_B_cpg_c3pl2": 0.001064170453425612, 
        "B_cpg_ctp": -2.78082003082019, 
        "u_B_cpg_ctp": 0.0021394419489174196, 
        "B_cpg_ctg": 26.758142172157385, 
        "u_B_cpg_ctg": 0.06387071159188629, 
        "B_cpg_cll1221": 1.3831944985225368, 
        "u_B_cpg_cll1221": 0.0010641698111279005
    }
}