{
    "0.0": {
        "A_cpg": 24.58018881025442, 
        "u_A_cpg": 0.013088504911182996, 
        "B_cpg_2": -2.8805030406526502e-05, 
        "u_B_cpg_2": 1.8003142530364782e-06
    }, 
    "45.0": {
        "A_cpg": 24.580768379164862, 
        "u_A_cpg": 0.01365903877255936, 
        "B_cpg_2": -2.4900444363429193e-05, 
        "u_B_cpg_2": 1.7540747398942248e-06
    }, 
    "80.0": {
        "A_cpg": 24.737319702892595, 
        "u_A_cpg": 0.048160256912014046, 
        "B_cpg_2": -8.3949965917328e-06, 
        "u_B_cpg_2": 3.50016301605949e-06
    }, 
    "120.0": {
        "A_cpg": 24.698467212811824, 
        "u_A_cpg": 0.2404972560126738, 
        "B_cpg_2": 3.5316483076396304e-06, 
        "u_B_cpg_2": 7.639458222625687e-06
    }, 
    "140.0": {
        "A_cpg": 24.88343218140349, 
        "u_A_cpg": 0.19437427226549578, 
        "B_cpg_2": 1.1225373591820315e-05, 
        "u_B_cpg_2": 7.3271224915116884e-06
    }, 
    "170.0": {
        "A_cpg": 25.286180717468767, 
        "u_A_cpg": 0.28755350719657313, 
        "B_cpg_2": 5.152014505419151e-06, 
        "u_B_cpg_2": 1.0083559403752446e-05
    }, 
    "200.0": {
        "A_cpg": 27.03923282953688, 
        "u_A_cpg": 0.37179702246107765, 
        "B_cpg_2": 1.421241712591313e-06, 
        "u_B_cpg_2": 7.585382370016788e-06
    }, 
    "350.0": {
        "A_cpg": 28.546026741578935, 
        "u_A_cpg": 1.4769314305222048, 
        "B_cpg_2": 9.912235198081592e-07, 
        "u_B_cpg_2": 1.973224579163863e-05
    }, 
    "450.0": {
        "A_cpg": 32.975348006110465, 
        "u_A_cpg": 6.013764392850736, 
        "B_cpg_2": -1.3546766232479223e-05, 
        "u_B_cpg_2": 3.5006741302435584e-05
    }
}