{
    "-0.5": {
        "A_cpg": 4.9389691857928674e-09, 
        "u_A_cpg": 1.3566810736283921e-09, 
        "B_cpg_2": 270.5376819642404, 
        "u_B_cpg_2": 0.37803254982737466, 
        "B_cpdc_cpg": -0.7728181154359083, 
        "u_B_cpdc_cpg": 9.898872781644968e-05, 
        "B_cdp_cpg": 3.091273839733071, 
        "u_B_cdp_cpg": 0.00039570447651352745, 
        "B_cpg_c3pl1": -1.545636975457795, 
        "u_B_cpg_c3pl1": 0.0001980273649256302, 
        "B_cpg_c3pl2": -1.545636975457795, 
        "u_B_cpg_c3pl2": 0.0001980273649256302, 
        "B_cpg_ctp": -3.107399102439573, 
        "u_B_cpg_ctp": 0.0003984720111721198, 
        "B_cpg_ctg": 29.13587940684587, 
        "u_B_cpg_ctg": 0.0037511719353528353, 
        "B_cpg_cll1221": 1.545636945135289, 
        "u_B_cpg_cll1221": 0.00019795688414517537
    }, 
    "0.5": {
        "A_cpg": 4.382360005101175e-09, 
        "u_A_cpg": 8.188485738406778e-10, 
        "B_cpg_2": 280.9024743737215, 
        "u_B_cpg_2": 0.7841211471335776, 
        "B_cpdc_cpg": -0.7730990736890525, 
        "u_B_cpdc_cpg": 0.00024886633804043645, 
        "B_cdp_cpg": 3.09239702943028, 
        "u_B_cdp_cpg": 0.0009955099377921977, 
        "B_cpg_c3pl1": -1.5461985200388648, 
        "u_B_cpg_c3pl1": 0.0004977834738629129, 
        "B_cpg_c3pl2": -1.5461985200388648, 
        "u_B_cpg_c3pl2": 0.0004977834738629129, 
        "B_cpg_ctp": -3.108528214761039, 
        "u_B_cpg_ctp": 0.0010007393450668107, 
        "B_cpg_ctg": 29.170713321108238, 
        "u_B_cpg_ctg": 0.015294874978972445, 
        "B_cpg_cll1221": 1.546198573276116, 
        "u_B_cpg_cll1221": 0.000497767890399551
    }, 
    "1.5": {
        "A_cpg": 4.220165574991647e-09, 
        "u_A_cpg": 9.694218189481966e-10, 
        "B_cpg_2": 314.10315448617024, 
        "u_B_cpg_2": 1.576491200307758, 
        "B_cpdc_cpg": -0.7755674460013974, 
        "u_B_cpdc_cpg": 0.000589310371616539, 
        "B_cdp_cpg": 3.1022705989284978, 
        "u_B_cdp_cpg": 0.0023572077476271313, 
        "B_cpg_c3pl1": -1.551135160906827, 
        "u_B_cpg_c3pl1": 0.001178614556371613, 
        "B_cpg_c3pl2": -1.551135160906827, 
        "u_B_cpg_c3pl2": 0.001178614556371613, 
        "B_cpg_ctp": -3.1184531717454687, 
        "u_B_cpg_ctp": 0.00236953479388124, 
        "B_cpg_ctg": 29.49821739107011, 
        "u_B_cpg_ctg": 0.04575122371753241, 
        "B_cpg_cll1221": 1.5511353764405937, 
        "u_B_cpg_cll1221": 0.0011786145233211407
    }, 
    "2.5": {
        "A_cpg": 1.3975885543502232e-09, 
        "u_A_cpg": 1.7699264158045268e-09, 
        "B_cpg_2": 359.7464728692488, 
        "u_B_cpg_2": 4.384373381714518, 
        "B_cpdc_cpg": -0.7839142833845845, 
        "u_B_cpdc_cpg": 0.0018892169579644087, 
        "B_cdp_cpg": 3.135657619058218, 
        "u_B_cdp_cpg": 0.007556911192938862, 
        "B_cpg_c3pl1": -1.5678289155892762, 
        "u_B_cpg_c3pl1": 0.0037784279646647647, 
        "B_cpg_c3pl2": -1.5678289155892762, 
        "u_B_cpg_c3pl2": 0.0037784279646647647, 
        "B_cpg_ctp": -3.1520146046689597, 
        "u_B_cpg_ctp": 0.007596379239354635, 
        "B_cpg_ctg": 30.78192534958093, 
        "u_B_cpg_ctg": 0.21998335489086873, 
        "B_cpg_cll1221": 1.567828653974195, 
        "u_B_cpg_cll1221": 0.0037784814947629387
    }, 
    "3.5": {
        "A_cpg": -3.2857163301247294e-09, 
        "u_A_cpg": 2.618050519921814e-09, 
        "B_cpg_2": 318.0388796810853, 
        "u_B_cpg_2": 7.889284365729983, 
        "B_cpdc_cpg": -0.7935938796499175, 
        "u_B_cpdc_cpg": 0.003703453479493679, 
        "B_cdp_cpg": 3.1743737289325407, 
        "u_B_cdp_cpg": 0.014813765806151654, 
        "B_cpg_c3pl1": -1.5871872910147327, 
        "u_B_cpg_c3pl1": 0.007406898443646879, 
        "B_cpg_c3pl2": -1.5871872910147327, 
        "u_B_cpg_c3pl2": 0.007406898443646879, 
        "B_cpg_ctp": -3.1909335255458875, 
        "u_B_cpg_ctp": 0.014891053231570337, 
        "B_cpg_ctg": 32.85826897926696, 
        "u_B_cpg_ctg": 0.434048499582358, 
        "B_cpg_cll1221": 1.5871865731445223, 
        "u_B_cpg_cll1221": 0.007406874599378122
    }
}