{
    "0.0": {
        "A_cpg": 23.01892416288075, 
        "u_A_cpg": 0.0076860774371140745, 
        "B_cpg_2": -6.765965566628688e-06, 
        "u_B_cpg_2": 8.209730000915537e-07
    }, 
    "200.0": {
        "A_cpg": 24.185443653773913, 
        "u_A_cpg": 0.15349639247040509, 
        "B_cpg_2": 4.6309563697491005e-06, 
        "u_B_cpg_2": 4.1366081039085874e-06
    }, 
    "300.0": {
        "A_cpg": 27.949280086204098, 
        "u_A_cpg": 0.3402240524946581, 
        "B_cpg_2": 3.5272115364907254e-06, 
        "u_B_cpg_2": 7.5477973332591094e-06
    }, 
    "450.0": {
        "A_cpg": 37.46039282404263, 
        "u_A_cpg": 0.8759706634632038, 
        "B_cpg_2": -2.6691490844903645e-05, 
        "u_B_cpg_2": 2.4108036890682444e-05
    }, 
    "650.0": {
        "A_cpg": 59.82317126800188, 
        "u_A_cpg": 4.878761899534015, 
        "B_cpg_2": -8.452304286763012e-05, 
        "u_B_cpg_2": 0.00010351917031367943
    }
}