{
    "450.0": {
        "A_cpdc": -0.019142692238106558, 
        "u_A_cpdc": 1.5980873654022207e-05, 
        "A_cdp": 0.07657009549392953, 
        "u_A_cdp": 6.396861636192658e-05, 
        "A_c3pl1": -0.038285249202361295, 
        "u_A_c3pl1": 3.2272493408086244e-05, 
        "A_c3pl2": -0.038285249202361295, 
        "u_A_c3pl2": 3.2272493408086244e-05, 
        "A_ctp": -0.07696950111629211, 
        "u_A_ctp": 6.443128376793082e-05, 
        "A_ctg": 1.5006622522163104, 
        "u_A_ctg": 0.09887815907390914, 
        "A_cll1221": 0.03828591990329362, 
        "u_A_cll1221": 3.210883189258213e-05, 
        "B_cpdc_2": 0.00014795242149372856, 
        "u_B_cpdc_2": 4.549511619539379e-05, 
        "B_cdp_2": 0.0023941396857422486, 
        "u_B_cdp_2": 5.0536688158920275e-05, 
        "B_c3pl1_2": 0.0005649092520620679, 
        "u_B_c3pl1_2": 4.682078917583702e-05, 
        "B_c3pl2_2": 0.0005649092520620679, 
        "u_B_c3pl2_2": 4.682078917583702e-05, 
        "B_ctp_2": 0.002273087619774025, 
        "u_B_ctp_2": 4.454923611581831e-05, 
        "B_ctg_2": 1.050072357831253, 
        "u_B_ctg_2": 0.15422033843431224, 
        "B_cll1221_2": 0.0005111084126873716, 
        "u_B_cll1221_2": 5.943934352230953e-05, 
        "B_cpdc_cdp": -0.0011836195162936865, 
        "u_B_cpdc_cdp": 1.771789818463091e-05, 
        "B_cpdc_c3pl1": 0.0005850846377535702, 
        "u_B_cpdc_c3pl1": 1.947071857252491e-05, 
        "B_cpdc_c3pl2": 0.0005850846377535702, 
        "u_B_cpdc_c3pl2": 1.947071857252491e-05, 
        "B_cpdc_ctp": 0.0011836194396946766, 
        "u_B_cpdc_ctp": 2.0109319649774345e-05, 
        "B_cpdc_ctg": -0.022764500099208603, 
        "u_B_cpdc_ctg": 0.0014967918194838479, 
        "B_cpdc_cll1221": -0.0005581841898840422, 
        "u_B_cpdc_cll1221": 1.947072751360671e-05, 
        "B_cdp_c3pl1": -0.0023403386551889343, 
        "u_B_cdp_c3pl1": 2.5267959339939347e-05, 
        "B_cdp_c3pl2": -0.0023403386551889343, 
        "u_B_cdp_c3pl2": 2.5267959339939347e-05, 
        "B_cdp_ctp": -0.004673951779413901, 
        "u_B_cdp_ctp": 1.9471092408459455e-05, 
        "B_cdp_ctg": 0.09094366856117861, 
        "u_B_cdp_ctg": 0.005989059757213635, 
        "B_cdp_cll1221": 0.002326888420530309, 
        "u_B_cdp_cll1221": 1.4948051809349801e-05, 
        "B_c3pl1_c3pl2": 0.0011499938836877172, 
        "u_B_c3pl1_c3pl2": 2.9291422860812946e-05, 
        "B_c3pl1_ctp": 0.002340338578589924, 
        "u_B_c3pl1_ctp": 1.9160307206828847e-05, 
        "B_c3pl1_ctg": -0.045495372926592406, 
        "u_B_c3pl1_ctg": 0.00299564969354573, 
        "B_c3pl1_cll1221": -0.0011432688429574144, 
        "u_B_c3pl1_cll1221": 0.0, 
        "B_c3pl2_ctp": 0.002340338578589924, 
        "u_B_c3pl2_ctp": 1.9160307206828847e-05, 
        "B_c3pl2_ctg": -0.045495372926592406, 
        "u_B_c3pl2_ctg": 0.00299564969354573, 
        "B_c3pl2_cll1221": -0.0011432688429574144, 
        "u_B_c3pl2_cll1221": 0.0, 
        "B_ctp_ctg": -0.09146150513862285, 
        "u_B_ctp_ctg": 0.006021839555174177, 
        "B_ctp_cll1221": -0.0023268883898907044, 
        "u_B_ctp_cll1221": 1.4948270591554905e-05, 
        "B_ctg_cll1221": 0.04548192367240111, 
        "u_B_ctg_cll1221": 0.0029952998070834616
    }, 
    "650.0": {
        "A_cpdc": -0.01911865540746165, 
        "u_A_cpdc": 3.089501295860902e-05, 
        "A_cdp": 0.07646798778789773, 
        "u_A_cdp": 0.00012343037049841879, 
        "A_c3pl1": -0.0382347960387825, 
        "u_A_c3pl1": 6.210180601469742e-05, 
        "A_c3pl2": -0.0382347960387825, 
        "u_A_c3pl2": 6.210180601469742e-05, 
        "A_ctp": -0.07686790907479622, 
        "u_A_ctp": 0.0001241072239423444, 
        "A_ctg": 1.821646113221005, 
        "u_A_ctg": 0.23066320555887257, 
        "A_cll1221": 0.03823616801897199, 
        "u_A_cll1221": 6.146387145101017e-05, 
        "B_cpdc_2": 0.0002743845057643933, 
        "u_B_cpdc_2": 9.592564040581891e-05, 
        "B_cdp_2": 0.002515191537233243, 
        "u_B_cdp_2": 9.700888179232358e-05, 
        "B_c3pl1_2": 0.0005944997210003715, 
        "u_B_c3pl1_2": 9.259775590234984e-05, 
        "B_c3pl2_2": 0.0005944997210003715, 
        "u_B_c3pl2_2": 9.259775590234984e-05, 
        "B_ctp_2": 0.0022865378084732453, 
        "u_B_ctp_2": 6.467213477168632e-05, 
        "B_ctg_2": 1.571583050302587, 
        "u_B_ctg_2": 0.31597749487876536, 
        "B_cll1221_2": 0.00041157673781165913, 
        "u_B_cll1221_2": 0.00010122934680912405, 
        "B_cpdc_cdp": -0.0011661342510689591, 
        "u_B_cpdc_cdp": 2.1691446047317476e-05, 
        "B_cpdc_c3pl1": 0.0005716344781619747, 
        "u_B_cpdc_c3pl1": 3.615315586790852e-05, 
        "B_cpdc_c3pl2": 0.0005716344781619747, 
        "u_B_cpdc_c3pl2": 3.615315586790852e-05, 
        "B_cpdc_ctp": 0.0011661341989816318, 
        "u_B_cpdc_ctp": 3.893819269057205e-05, 
        "B_cpdc_ctg": -0.027598508681400926, 
        "u_B_cpdc_ctg": 0.0035020694999655134, 
        "B_cpdc_cll1221": -0.0005259036907401137, 
        "u_B_cpdc_cll1221": 3.313497517382567e-05, 
        "B_cdp_c3pl1": -0.0024008644905476003, 
        "u_B_cdp_c3pl1": 4.850432480895901e-05, 
        "B_cdp_c3pl2": -0.0024008644905476003, 
        "u_B_cdp_c3pl2": 4.850432480895901e-05, 
        "B_cdp_ctp": -0.004710267489591201, 
        "u_B_cdp_ctp": 3.542155086651829e-05, 
        "B_cdp_ctg": 0.11039403889258986, 
        "u_B_cdp_ctg": 0.013983730447858223, 
        "B_cdp_cll1221": 0.0023322685021379182, 
        "u_B_cdp_cll1221": 2.892089262270544e-05, 
        "B_c3pl1_c3pl2": 0.001074672655390306, 
        "u_B_c3pl1_c3pl2": 4.62988595929257e-05, 
        "B_c3pl1_ctp": 0.0022865377563859183, 
        "u_B_c3pl1_ctp": 3.233501546606917e-05, 
        "B_c3pl1_ctg": -0.05526561689314977, 
        "u_B_c3pl1_ctg": 0.006996506434471111, 
        "B_c3pl1_cll1221": -0.0011432689042366227, 
        "u_B_c3pl1_cll1221": 0.0, 
        "B_c3pl2_ctp": 0.0022865377563859183, 
        "u_B_c3pl2_ctp": 3.233501546606917e-05, 
        "B_c3pl2_ctg": -0.05526561689314977, 
        "u_B_c3pl2_ctg": 0.006996506434471111, 
        "B_c3pl2_cll1221": -0.0011432689042366227, 
        "u_B_c3pl2_cll1221": 0.0, 
        "B_ctp_ctg": -0.1110114039341982, 
        "u_B_ctp_ctg": 0.01405374944256806, 
        "B_ctp_cll1221": -0.002309403155305581, 
        "u_B_ctp_cll1221": 2.1689402738299577e-05, 
        "B_ctg_cll1221": 0.05524275055665822, 
        "u_B_ctg_cll1221": 0.006996892582862976
    }
}