{
    "30.0": {
        "A_cpg": -3.929918709146547e-09, 
        "u_A_cpg": 6.989909966416848e-10, 
        "B_cpg_2": 394.96647620462124, 
        "u_B_cpg_2": 0.786783808542025, 
        "B_cpdc_cpg": -1.0575459147798838, 
        "u_B_cpdc_cpg": 6.936645320557883e-05, 
        "B_cdp_cpg": 4.230182741087174, 
        "u_B_cdp_cpg": 0.0002774566641757228, 
        "B_cpg_c3pl1": -2.1150912604474548, 
        "u_B_cpg_c3pl1": 0.00013872065673554396, 
        "B_cpg_c3pl2": -2.1150912604474548, 
        "u_B_cpg_c3pl2": 0.00013872065673554396, 
        "B_cpg_ctp": -4.252249407028606, 
        "u_B_cpg_ctp": 0.00027893089425577657, 
        "B_cpg_ctg": 39.89032178047996, 
        "u_B_cpg_ctg": 0.004463869249787362, 
        "B_cpg_cll1221": 2.1150911723705503, 
        "u_B_cpg_cll1221": 0.0001387376782075753
    }, 
    "55.0": {
        "A_cpg": -2.0958455997055553e-09, 
        "u_A_cpg": 1.171032899886071e-09, 
        "B_cpg_2": 510.03735465463086, 
        "u_B_cpg_2": 1.904005587446609, 
        "B_cpdc_cpg": -1.060403345445125, 
        "u_B_cpdc_cpg": 0.00032595070747437475, 
        "B_cdp_cpg": 4.2416126850885, 
        "u_B_cdp_cpg": 0.0013038169546332394, 
        "B_cpg_c3pl1": -2.1208063836874773, 
        "u_B_cpg_c3pl1": 0.0006519261169587108, 
        "B_cpg_c3pl2": -2.1208063836874773, 
        "u_B_cpg_c3pl2": 0.0006519261169587108, 
        "B_cpg_ctp": -4.263739035935517, 
        "u_B_cpg_ctp": 0.0013106122601334801, 
        "B_cpg_ctg": 40.18836186517222, 
        "u_B_cpg_ctg": 0.020924851909038915, 
        "B_cpg_cll1221": 2.1208060106555435, 
        "u_B_cpg_cll1221": 0.0006519020533175267
    }, 
    "95.0": {
        "A_cpg": -2.7648962222046394e-09, 
        "u_A_cpg": 1.6526383280397542e-09, 
        "B_cpg_2": 458.4391132033898, 
        "u_B_cpg_2": 3.1780942644358086, 
        "B_cpdc_cpg": -1.0579291409456695, 
        "u_B_cpdc_cpg": 0.0020941062799665292, 
        "B_cdp_cpg": 4.231717458197664, 
        "u_B_cdp_cpg": 0.008376410583807725, 
        "B_cpg_c3pl1": -2.115858612495651, 
        "u_B_cpg_c3pl1": 0.004188201597674462, 
        "B_cpg_c3pl2": -2.115858612495651, 
        "u_B_cpg_c3pl2": 0.004188201597674462, 
        "B_cpg_ctp": -4.253791798447723, 
        "u_B_cpg_ctp": 0.00842011177353294, 
        "B_cpg_ctg": 41.11458383354287, 
        "u_B_cpg_ctg": 0.13699825033616436, 
        "B_cpg_cll1221": 2.115858762022085, 
        "u_B_cpg_cll1221": 0.004188201248420034
    }, 
    "200.0": {
        "A_cpg": 1.6709137596984622e-09, 
        "u_A_cpg": 2.2130963555650824e-09, 
        "B_cpg_2": 122.94824958521158, 
        "u_B_cpg_2": 10.549564736360324, 
        "B_cpdc_cpg": -1.1892530021981815, 
        "u_B_cpdc_cpg": 0.008251005754274631, 
        "B_cdp_cpg": 4.757012901405022, 
        "u_B_cdp_cpg": 0.03300405150741474, 
        "B_cpg_c3pl1": -2.378506166141221, 
        "u_B_cpg_c3pl1": 0.016502019285759378, 
        "B_cpg_c3pl2": -2.378506166141221, 
        "u_B_cpg_c3pl2": 0.016502019285759378, 
        "B_cpg_ctp": -4.781827252382093, 
        "u_B_cpg_ctp": 0.03317621137466698, 
        "B_cpg_ctg": 57.95490730757192, 
        "u_B_cpg_ctg": 0.9220359347776411, 
        "B_cpg_cll1221": 2.3785069035881126, 
        "u_B_cpg_cll1221": 0.016502061243673444
    }
}