{
    "0.0": {
        "A_cpdc": -0.03218067030140716, 
        "u_A_cpdc": 1.0602276157536542e-05, 
        "A_cdp": 0.12871988960050326, 
        "u_A_cdp": 4.249636424221683e-05, 
        "A_c3pl1": -0.064360913100902, 
        "u_A_c3pl1": 2.1341379548684028e-05, 
        "A_c3pl2": -0.064360913100902, 
        "u_A_c3pl2": 2.1341379548684028e-05, 
        "A_ctp": -0.1293923535259254, 
        "u_A_ctp": 4.266934120052655e-05, 
        "A_ctg": 1.212210656589831, 
        "u_A_ctg": 0.00117738612505021, 
        "A_cll1221": 0.06436083317854863, 
        "u_A_cll1221": 2.1306950795142727e-05, 
        "B_cpdc_2": 0.0002803273481607877, 
        "u_B_cpdc_2": 3.582222470029584e-05, 
        "B_cdp_2": 0.003976258347822403, 
        "u_B_cdp_2": 4.115269208827543e-05, 
        "B_c3pl1_2": 0.001035728615413295, 
        "u_B_c3pl1_2": 3.9994263264623884e-05, 
        "B_c3pl2_2": 0.001035728615413295, 
        "u_B_c3pl2_2": 3.9994263264623884e-05, 
        "B_ctp_2": 0.003967598049799995, 
        "u_B_ctp_2": 3.5408675540141666e-05, 
        "B_ctg_2": 0.3461561260972183, 
        "u_B_ctg_2": 0.0005105554262288503, 
        "B_cll1221_2": 0.0009054046105775858, 
        "u_B_cll1221_2": 3.140718760162261e-05, 
        "B_cpdc_cdp": -0.001919013270749972, 
        "u_B_cpdc_cdp": 1.2914433513775674e-05, 
        "B_cpdc_c3pl1": 0.0009908403304380161, 
        "u_B_cpdc_c3pl1": 1.3731965353347965e-05, 
        "B_cpdc_c3pl2": 0.0009908403304380161, 
        "u_B_cpdc_c3pl2": 1.3731965353347965e-05, 
        "B_cpdc_ctp": 0.001955474137737376, 
        "u_B_cpdc_ctp": 1.4663541071010235e-05, 
        "B_cpdc_ctg": -0.01833863535213107, 
        "u_B_cpdc_ctg": 2.128585934627308e-05, 
        "B_cpdc_cll1221": -0.0009339986901017334, 
        "u_B_cpdc_cll1221": 1.380218801592083e-05, 
        "B_cdp_c3pl1": -0.003921288486246408, 
        "u_B_cdp_c3pl1": 1.9657240527125545e-05, 
        "B_cdp_c3pl2": -0.003921288486246408, 
        "u_B_cdp_c3pl2": 1.9657240527125545e-05, 
        "B_cdp_ctp": -0.007842287912632239, 
        "u_B_cdp_ctp": 1.3906917598640719e-05, 
        "B_cdp_ctg": 0.07345975003702165, 
        "u_B_cdp_ctg": 7.38198307899565e-05, 
        "B_cdp_cll1221": 0.0039373571427205704, 
        "u_B_cdp_cll1221": 1.3480327542051653e-05, 
        "B_c3pl1_c3pl2": 0.0019410654685429799, 
        "u_B_c3pl1_c3pl2": 2.1238787995552848e-05, 
        "B_c3pl1_ctp": 0.003906790736699308, 
        "u_B_c3pl1_ctp": 1.3267558184195143e-05, 
        "B_c3pl1_ctg": -0.03676861952894899, 
        "u_B_c3pl1_ctg": 3.7471072931384504e-05, 
        "B_c3pl1_cll1221": -0.0019331596347805647, 
        "u_B_c3pl1_cll1221": 5.284986440273918e-06, 
        "B_c3pl2_ctp": 0.003906790736699308, 
        "u_B_c3pl2_ctp": 1.3267558184195143e-05, 
        "B_c3pl2_ctg": -0.03676861952894899, 
        "u_B_c3pl2_ctg": 3.7471072931384504e-05, 
        "B_c3pl2_cll1221": -0.0019331596347805647, 
        "u_B_c3pl2_cll1221": 5.284986440273918e-06, 
        "B_ctp_ctg": -0.07391260993408143, 
        "u_B_ctp_ctg": 7.120601944452613e-05, 
        "B_ctp_cll1221": -0.0039047728378294906, 
        "u_B_ctp_cll1221": 1.379679403429366e-05, 
        "B_ctg_cll1221": 0.036736140269589684, 
        "u_B_ctg_cll1221": 4.039615934347567e-05
    }, 
    "30.0": {
        "A_cpdc": -0.03218643977759232, 
        "u_A_cpdc": 1.9896402551770642e-05, 
        "A_cdp": 0.12874581883717076, 
        "u_A_cdp": 7.963620861972361e-05, 
        "A_c3pl1": -0.06437319850324946, 
        "u_A_c3pl1": 3.999196636045589e-05, 
        "A_c3pl2": -0.06437319850324946, 
        "u_A_c3pl2": 3.999196636045589e-05, 
        "A_ctp": -0.12941833394045846, 
        "u_A_ctp": 7.993792058357033e-05, 
        "A_ctg": 1.2164220302357294, 
        "u_A_ctg": 0.0017026709459819955, 
        "A_cll1221": 0.064373134262213, 
        "u_A_cll1221": 3.987787586214181e-05, 
        "B_cpdc_2": 0.00024314809567066393, 
        "u_B_cpdc_2": 5.8600412734060756e-05, 
        "B_cdp_2": 0.0038750267504338433, 
        "u_B_cdp_2": 7.543166281269079e-05, 
        "B_c3pl1_2": 0.0010360642175560792, 
        "u_B_c3pl1_2": 7.63879376471752e-05, 
        "B_c3pl2_2": 0.0010360642175560792, 
        "u_B_c3pl2_2": 7.63879376471752e-05, 
        "B_ctp_2": 0.004041349294022248, 
        "u_B_ctp_2": 5.680399432075499e-05, 
        "B_ctg_2": 0.34833605843012905, 
        "u_B_ctg_2": 0.0009517232008804661, 
        "B_cll1221_2": 0.0009463964925339479, 
        "u_B_cll1221_2": 5.23118723685864e-05, 
        "B_cpdc_cdp": -0.001931063905042672, 
        "u_B_cpdc_cdp": 2.6988374879313643e-05, 
        "B_cpdc_c3pl1": 0.0009656030256788367, 
        "u_B_cpdc_c3pl1": 2.476994505379723e-05, 
        "B_cpdc_c3pl2": 0.0009656030256788367, 
        "u_B_cpdc_c3pl2": 2.476994505379723e-05, 
        "B_cpdc_ctp": 0.0019822905061887674, 
        "u_B_cpdc_ctp": 3.1516613179412e-05, 
        "B_cpdc_ctg": -0.01842899341660826, 
        "u_B_cpdc_ctg": 3.1877368545389715e-05, 
        "B_cpdc_cll1221": -0.0009655460942305787, 
        "u_B_cpdc_cll1221": 2.473315458820313e-05, 
        "B_cdp_c3pl1": -0.003913439469836201, 
        "u_B_cdp_c3pl1": 3.1015467285655246e-05, 
        "B_cdp_c3pl2": -0.003913439469836201, 
        "u_B_cdp_c3pl2": 3.1015467285655246e-05, 
        "B_cdp_ctp": -0.007826879339008577, 
        "u_B_cdp_ctp": 2.4049966394560675e-05, 
        "B_cdp_ctg": 0.0737162854958965, 
        "u_B_cdp_ctg": 0.00010429367384688797, 
        "B_cdp_cll1221": 0.003926310039954004, 
        "u_B_cdp_cll1221": 2.4717276256551944e-05, 
        "B_c3pl1_c3pl2": 0.0019119429511951001, 
        "u_B_c3pl1_c3pl2": 3.6696792805939275e-05, 
        "B_c3pl1_ctp": 0.003919832086693183, 
        "u_B_c3pl1_ctp": 2.225216998837039e-05, 
        "B_c3pl1_ctg": -0.036902848866531134, 
        "u_B_c3pl1_ctg": 5.4100060664024775e-05, 
        "B_c3pl1_cll1221": -0.0019759262422000398, 
        "u_B_c3pl1_cll1221": 1.7713451858653404e-05, 
        "B_c3pl2_ctp": 0.003919832086693183, 
        "u_B_c3pl2_ctp": 2.225216998837039e-05, 
        "B_c3pl2_ctg": -0.036902848866531134, 
        "u_B_c3pl2_ctg": 5.4100060664024775e-05, 
        "B_c3pl2_cll1221": -0.0019759262422000398, 
        "u_B_c3pl2_cll1221": 1.7713451858653404e-05, 
        "B_ctp_ctg": -0.07411905422333, 
        "u_B_ctp_ctg": 0.00010357967828059401, 
        "B_ctp_cll1221": -0.003907075101672821, 
        "u_B_ctp_cll1221": 2.477933479193032e-05, 
        "B_ctg_cll1221": 0.03686449175903141, 
        "u_B_ctg_cll1221": 5.914231917949002e-05
    }, 
    "45.0": {
        "A_cpdc": -0.03220203895701897, 
        "u_A_cpdc": 1.3001702143032106e-05, 
        "A_cdp": 0.1288030067153456, 
        "u_A_cdp": 5.201201881305431e-05, 
        "A_c3pl1": -0.06440325028648133, 
        "u_A_c3pl1": 2.6085047993924507e-05, 
        "A_c3pl2": -0.06440325028648133, 
        "u_A_c3pl2": 2.6085047993924507e-05, 
        "A_ctp": -0.12947677952724113, 
        "u_A_ctp": 5.239501258376902e-05, 
        "A_ctg": 1.2204287303240577, 
        "u_A_ctg": 0.003101694867813664, 
        "A_cll1221": 0.06440176940371152, 
        "u_A_cll1221": 2.6132489620983043e-05, 
        "B_cpdc_2": 0.0003189296127035395, 
        "u_B_cpdc_2": 5.759070275217916e-05, 
        "B_cdp_2": 0.004025998384164561, 
        "u_B_cdp_2": 6.48551824270025e-05, 
        "B_c3pl1_2": 0.0011099319492593707, 
        "u_B_c3pl1_2": 6.476500525726353e-05, 
        "B_c3pl2_2": 0.0011099319492593707, 
        "u_B_c3pl2_2": 6.476500525726353e-05, 
        "B_ctp_2": 0.0040258750253476866, 
        "u_B_ctp_2": 5.542986942466644e-05, 
        "B_ctg_2": 0.35163343724121604, 
        "u_B_ctg_2": 0.002463815190442771, 
        "B_cll1221_2": 0.000979883813426336, 
        "u_B_cll1221_2": 5.146700230077571e-05, 
        "B_cpdc_cdp": -0.0019184968825033675, 
        "u_B_cpdc_cdp": 2.2083110011541606e-05, 
        "B_cpdc_c3pl1": 0.0009739305284633283,