{
    "0.0": {
        "A_cpg": -1.0980002857395878e-09, 
        "u_A_cpg": 1.6506950500572144e-09, 
        "B_cpg_2": 415.22130923966193, 
        "u_B_cpg_2": 3.6627989156686085
    }, 
    "0.5": {
        "A_cpg": -8.117976188065316e-10, 
        "u_A_cpg": 1.5948564765414361e-09, 
        "B_cpg_2": 409.54113571679636, 
        "u_B_cpg_2": 2.9185854180209896
    }, 
    "0.9": {
        "A_cpg": -3.6072060542188985e-10, 
        "u_A_cpg": 1.4791150517221816e-09, 
        "B_cpg_2": 396.7941082247713, 
        "u_B_cpg_2": 2.7966117441625395
    }, 
    "1.3": {
        "A_cpg": -8.015470752153107e-10, 
        "u_A_cpg": 1.2873077085131512e-09, 
        "B_cpg_2": 388.3306625497886, 
        "u_B_cpg_2": 1.803772806652044
    }, 
    "1.7": {
        "A_cpg": 2.381263990502045e-10, 
        "u_A_cpg": 7.358342674958795e-10, 
        "B_cpg_2": 386.83609076614033, 
        "u_B_cpg_2": 0.9671398723563185
    }, 
    "2.5": {
        "A_cpg": 5.1633084727470015e-09, 
        "u_A_cpg": 5.420943992156281e-10, 
        "B_cpg_2": 385.3063346336562, 
        "u_B_cpg_2": 0.6320810558669144
    }
}