{
    "450.0": {
        "A_cpg": 1.7224643775254223e-08, 
        "u_A_cpg": 1.9627041609403946e-08, 
        "B_cpg_2": 659.6207367025836, 
        "u_B_cpg_2": 83.11525162603645
    }, 
    "650.0": {
        "A_cpg": -5.471357360082052e-08, 
        "u_A_cpg": 5.748979932882455e-08, 
        "B_cpg_2": 1193.881117999962, 
        "u_B_cpg_2": 171.9419208720081
    }
}