{
    "0.0": {
        "A_cpg": -5.475406273660324e-09, 
        "u_A_cpg": 4.799250433051019e-10, 
        "B_cpg_2": 319.98546481968697, 
        "u_B_cpg_2": 0.7661163208770737, 
        "B_cpdc_cpg": -0.7684875390144896, 
        "u_B_cpdc_cpg": 0.0002710407599043194, 
        "B_cdp_cpg": 3.0739502932419103, 
        "u_B_cdp_cpg": 0.0010841536333345235, 
        "B_cpg_c3pl1": -1.536975267248222, 
        "u_B_cpg_c3pl1": 0.0005420767661937272, 
        "B_cpg_c3pl2": -1.536975267248222, 
        "u_B_cpg_c3pl2": 0.0005420767661937272, 
        "B_cpg_ctp": -3.0899852758199953, 
        "u_B_cpg_ctp": 0.0010898278064064165, 
        "B_cpg_ctg": 29.149730165382014, 
        "u_B_cpg_ctg": 0.019803538749716944, 
        "B_cpg_cll1221": 1.5369751418904736, 
        "u_B_cpg_cll1221": 0.000542076909707594
    }, 
    "200.0": {
        "A_cpg": -1.3675341302982095e-09, 
        "u_A_cpg": 1.5886515687592992e-09, 
        "B_cpg_2": 164.1966342845274, 
        "u_B_cpg_2": 5.323411267767337, 
        "B_cpdc_cpg": -0.8180526208552897, 
        "u_B_cpdc_cpg": 0.0055119055961494875, 
        "B_cdp_cpg": 3.2722100811912465, 
        "u_B_cdp_cpg": 0.022047592709739827, 
        "B_cpg_c3pl1": -1.6361052113263062, 
        "u_B_cpg_c3pl1": 0.011023804304842328, 
        "B_cpg_c3pl2": -1.6361052113263062, 
        "u_B_cpg_c3pl2": 0.011023804304842328, 
        "B_cpg_ctp": -3.2892794309834166, 
        "u_B_cpg_ctp": 0.022162609575278654, 
        "B_cpg_ctg": 36.10030831388979, 
        "u_B_cpg_ctg": 0.5689699934585994, 
        "B_cpg_cll1221": 1.6361050225097462, 
        "u_B_cpg_cll1221": 0.011023799548867879
    }, 
    "300.0": {
        "A_cpg": -4.03597129501656e-09, 
        "u_A_cpg": 2.7339749108600383e-09, 
        "B_cpg_2": -70.93116536599616, 
        "u_B_cpg_2": 14.399010545051054, 
        "B_cpdc_cpg": -0.9418142105152668, 
        "u_B_cpdc_cpg": 0.011339785083817654, 
        "B_cdp_cpg": 3.7672571045165912, 
        "u_B_cdp_cpg": 0.04535939416412077, 
        "B_cpg_c3pl1": -1.8836282998972167, 
        "u_B_cpg_c3pl1": 0.022679618687185977, 
        "B_cpg_c3pl2": -1.8836282998972167, 
        "u_B_cpg_c3pl2": 0.022679618687185977, 
        "B_cpg_ctp": -3.786908869612083, 
        "u_B_cpg_ctp": 0.04559587865378539, 
        "B_cpg_ctg": 51.4616386471635, 
        "u_B_cpg_ctg": 1.203248317011008, 
        "B_cpg_cll1221": 1.8836283261427684, 
        "u_B_cpg_cll1221": 0.02267972885128068
    }, 
    "450.0": {
        "A_cpg": -1.0191505447866875e-08, 
        "u_A_cpg": 2.0378229336778946e-08, 
        "B_cpg_2": -620.9448950681549, 
        "u_B_cpg_2": 47.71605427233847, 
        "B_cpdc_cpg": -1.1800733210772199, 
        "u_B_cpdc_cpg": 0.031886304249931316, 
        "B_cdp_cpg": 4.720289822671948, 
        "u_B_cdp_cpg": 0.1275449297429256, 
        "B_cpg_c3pl1": -2.36014615383575, 
        "u_B_cpg_c3pl1": 0.06377261016357932, 
        "B_cpg_c3pl2": -2.36014615383575, 
        "u_B_cpg_c3pl2": 0.06377261016357932, 
        "B_cpg_ctp": -4.744915191597665, 
        "u_B_cpg_ctp": 0.12821021543087832, 
        "B_cpg_ctg": 88.09042358297701, 
        "u_B_cpg_ctg": 5.792719667089817, 
        "B_cpg_cll1221": 2.3601445044037326, 
        "u_B_cpg_cll1221": 0.06377231238279073
    }, 
    "650.0": {
        "A_cpg": -9.504306506098092e-07, 
        "u_A_cpg": 4.2935417789903185e-07, 
        "B_cpg_2": -4089.4124929085956, 
        "u_B_cpg_2": 2567.2735365164367, 
        "B_cpdc_cpg": -1.1256546370870246, 
        "u_B_cpdc_cpg": 0.6529667970479575, 
        "B_cdp_cpg": 4.502348319296349, 
        "u_B_cdp_cpg": 2.6117739429481928, 
        "B_cpg_c3pl1": -2.2513095866980106, 
        "u_B_cpg_c3pl1": 1.3059333118325613, 
        "B_cpg_c3pl2": -2.2513095866980106, 
        "u_B_cpg_c3pl2": 1.3059333118325613, 
        "B_cpg_ctp": -4.525849079429052, 
        "u_B_cpg_ctp": 2.6254125558996586, 
        "B_cpg_ctg": 150.13046881139206, 
        "u_B_cpg_ctg": 91.54546290199266, 
        "B_cpg_cll1221": 2.251132073088072, 
        "u_B_cpg_cll1221": 1.305864126499938
    }
}