{
    "0.0": {
        "A_cpg": 22.987694553467477, 
        "u_A_cpg": 0.0013185452812558389, 
        "B_cpg_2": 3.63675112344893e-06, 
        "u_B_cpg_2": 2.0498305985872247e-06
    }, 
    "10.0": {
        "A_cpg": 22.98146519909498, 
        "u_A_cpg": 0.0032691953101002037, 
        "B_cpg_2": 5.00808943444164e-06, 
        "u_B_cpg_2": 1.7376780510358882e-06
    }, 
    "20.0": {
        "A_cpg": 22.98313116402223, 
        "u_A_cpg": 0.00416695302226967, 
        "B_cpg_2": 1.8612080008852164e-06, 
        "u_B_cpg_2": 1.9948317485310176e-06
    }, 
    "30.0": {
        "A_cpg": 22.992198949371385, 
        "u_A_cpg": 0.0069892597478811705, 
        "B_cpg_2": 2.9821943412183665e-06, 
        "u_B_cpg_2": 1.8812696902431038e-06
    }, 
    "45.0": {
        "A_cpg": 23.031520692738447, 
        "u_A_cpg": 0.011311313942920282, 
        "B_cpg_2": 1.9523174010681974e-07, 
        "u_B_cpg_2": 2.158108987221741e-06
    }, 
    "60.0": {
        "A_cpg": 23.0450627031999, 
        "u_A_cpg": 0.017943302176311408, 
        "B_cpg_2": 6.651866459544103e-07, 
        "u_B_cpg_2": 2.2552146504614996e-06
    }, 
    "80.0": {
        "A_cpg": 23.06630925777212, 
        "u_A_cpg": 0.029445870912343405, 
        "B_cpg_2": -2.906774977637013e-06, 
        "u_B_cpg_2": 2.137949608405406e-06
    }, 
    "120.0": {
        "A_cpg": 23.14653918123748, 
        "u_A_cpg": 0.05950023804341667, 
        "B_cpg_2": -6.585759685467841e-07, 
        "u_B_cpg_2": 2.3644967151676384e-06
    }, 
    "200.0": {
        "A_cpg": 26.016926187377102, 
        "u_A_cpg": 0.1811115157791972, 
        "B_cpg_2": 5.625249949857137e-07, 
        "u_B_cpg_2": 3.664782411341528e-06
    }
}