{
    "-0.5": {
        "A_cpdc": -0.03196055948892905, 
        "u_A_cpdc": 4.625203631796123e-06, 
        "A_cdp": 0.12784273460702839, 
        "u_A_cdp": 1.8519598127389394e-05, 
        "A_c3pl1": -0.06392181537597234, 
        "u_A_c3pl1": 9.282088450863563e-06, 
        "A_c3pl2": -0.06392181537597234, 
        "u_A_c3pl2": 9.282088450863563e-06, 
        "A_ctp": -0.12851044083557556, 
        "u_A_ctp": 1.857300691887519e-05, 
        "A_ctg": 1.204959102628936, 
        "u_A_ctg": 0.00017497010595235544, 
        "A_cll1221": 0.06392148055296773, 
        "u_A_cll1221": 9.25630162781851e-06, 
        "B_cpdc_2": 0.00021750401243978456, 
        "u_B_cpdc_2": 1.095141199088604e-05, 
        "B_cdp_2": 0.003927371855225467, 
        "u_B_cdp_2": 1.4074472545929074e-05, 
        "B_c3pl1_2": 0.0010094709996718119, 
        "u_B_c3pl1_2": 1.1866079682108742e-05, 
        "B_c3pl2_2": 0.0010094709996718119, 
        "u_B_c3pl2_2": 1.1866079682108742e-05, 
        "B_ctp_2": 0.003945725229668379, 
        "u_B_ctp_2": 1.2161843300267068e-05, 
        "B_ctg_2": 0.3444016524782818, 
        "u_B_ctg_2": 5.205449936472356e-05, 
        "B_cll1221_2": 0.0009705303014149177, 
        "u_B_cll1221_2": 1.3357901073940326e-05, 
        "B_cpdc_cdp": -0.0019669929465974266, 
        "u_B_cpdc_cdp": 4.824586287961822e-06, 
        "B_cpdc_c3pl1": 0.0009423021380684425, 
        "u_B_cpdc_c3pl1": 4.8341209782586615e-06, 
        "B_cpdc_c3pl2": 0.0009423021380684425, 
        "u_B_cpdc_c3pl2": 4.8341209782586615e-06, 
        "B_cpdc_ctp": 0.0019399970296747092, 
        "u_B_cpdc_ctp": 4.923644138613811e-06, 
        "B_cpdc_ctg": -0.01827379468950363, 
        "u_B_cpdc_ctg": 5.018443816036002e-06, 
        "B_cpdc_cll1221": -0.0009634691457623701, 
        "u_B_cpdc_cll1221": 4.826016932907617e-06, 
        "B_cdp_c3pl1": -0.003910094596859009, 
        "u_B_cdp_c3pl1": 5.975876447746743e-06, 
        "B_cdp_c3pl2": -0.003910094596859009, 
        "u_B_cdp_c3pl2": 5.975876447746743e-06, 
        "B_cdp_ctp": -0.0077879987736653045, 
        "u_B_cdp_ctp": 4.86594456570338e-06, 
        "B_cdp_ctg": 0.07305232546166496, 
        "u_B_cdp_ctg": 1.2275682224477505e-05, 
        "B_cdp_cll1221": 0.0038576833266335967, 
        "u_B_cdp_cll1221": 4.6043386103712115e-06, 
        "B_c3pl1_c3pl2": 0.0018971402248523423, 
        "u_B_c3pl1_c3pl2": 6.601741296254752e-06, 
        "B_c3pl1_ctp": 0.0038580463051323564, 
        "u_B_c3pl1_ctp": 4.562389175032878e-06, 
        "B_c3pl1_ctg": -0.03658112619573575, 
        "u_B_c3pl1_ctg": 7.046807413208547e-06, 
        "B_c3pl1_cll1221": -0.001946408723222781, 
        "u_B_c3pl1_cll1221": 2.992447325759349e-06, 
        "B_c3pl2_ctp": 0.0038580463051323564, 
        "u_B_c3pl2_ctp": 4.562389175032878e-06, 
        "B_c3pl2_ctg": -0.03658112619573575, 
        "u_B_c3pl2_ctg": 7.046807413208547e-06, 
        "B_c3pl2_cll1221": -0.001946408723222781, 
        "u_B_c3pl2_cll1221": 2.992447325759349e-06, 
        "B_ctp_ctg": -0.0734376735106615, 
        "u_B_ctp_ctg": 1.0489158081482592e-05, 
        "B_ctp_cll1221": -0.0038870927287381497, 
        "u_B_ctp_cll1221": 5.073575582646272e-06, 
        "B_ctg_cll1221": 0.036498570144134705, 
        "u_B_ctg_cll1221": 7.580755087612568e-06
    }, 
    "0.5": {
        "A_cpdc": -0.031947907006502824, 
        "u_A_cpdc": 1.3720185446174e-05, 
        "A_cdp": 0.12779189208134403, 
        "u_A_cdp": 5.4879146218940975e-05, 
        "A_c3pl1": -0.06389638532873816, 
        "u_A_c3pl1": 2.744242321188733e-05, 
        "A_c3pl2": -0.06389638532873816, 
        "u_A_c3pl2": 2.744242321188733e-05, 
        "A_ctp": -0.12845950467059897, 
        "u_A_ctp": 5.516604975805e-05, 
        "A_ctg": 1.2051060246643195, 
        "u_A_ctg": 0.0005932105070814597, 
        "A_cll1221": 0.06389628279894738, 
        "u_A_cll1221": 2.7441304906921143e-05, 
        "B_cpdc_2": 0.0002218801711850542, 
        "u_B_cpdc_2": 6.1815979694354986e-06, 
        "B_cdp_2": 0.003945969324092083, 
        "u_B_cdp_2": 8.370784899802774e-06, 
        "B_c3pl1_2": 0.0010015577191977724, 
        "u_B_c3pl1_2": 6.7896664124218225e-06, 
        "B_c3pl2_2": 0.0010015577191977724, 
        "u_B_c3pl2_2": 6.7896664124218225e-06, 
        "B_ctp_2": 0.003943191249255442, 
        "u_B_ctp_2": 7.381540139792046e-06, 
        "B_ctg_2": 0.3446965736622709, 
        "u_B_ctg_2": 0.00020074070833007876, 
        "B_cll1221_2": 0.0009527319667542961, 
        "u_B_cll1221_2": 7.634602603558971e-06, 
        "B_cpdc_cdp": -0.001961230476863391, 
        "u_B_cpdc_cdp": 2.8120577905301915e-06, 
        "B_cpdc_c3pl1": 0.00094094773112174, 
        "u_B_cpdc_c3pl1": 2.7759089446376975e-06, 
        "B_cpdc_c3pl2": 0.00094094773112174, 
        "u_B_cpdc_c3pl2": 2.7759089446376975e-06, 
        "B_cpdc_ctp": 0.001935758534898752, 
        "u_B_cpdc_ctp": 2.8407264545923054e-06, 
        "B_cpdc_ctg": -0.0182819765664517, 
        "u_B_cpdc_ctg": 9.296367685300557e-06, 
        "B_cpdc_cll1221": -0.0009598410831806697, 
        "u_B_cpdc_cll1221": 2.7762902713637824e-06, 
        "B_cdp_c3pl1": -0.003917079751677234, 
        "u_B_cdp_c3pl1": 3.9066772789726845e-06, 
        "B_cdp_c3pl2": -0.003917079751677234, 
        "u_B_cdp_c3pl2": 3.9066772789726845e-06, 
        "B_cdp_ctp": -0.0077876783628987745, 
        "u_B_cdp_ctp": 4.265801020882705e-06, 
        "B_cdp_ctg": 0.07306246791532602, 
        "u_B_cdp_ctg": 3.614724004715687e-05, 
        "B_cdp_cll1221": 0.0038696980487545173, 
        "u_B_cdp_cll1221": 3.0483530905953394e-06, 
        "B_c3pl1_c3pl2": 0.0018883641994285535, 
        "u_B_c3pl1_c3pl2": 3.7314112933578568e-06, 
        "B_c3pl1_ctp": 0.003855244802468634, 
        "u_B_c3pl1_ctp": 3.0207219487001444e-06, 
        "B_c3pl1_ctg": -0.03658696805534839, 
        "u_B_c3pl1_ctg": 1.8249469704098093e-05, 
        "B_c3pl1_cll1221": -0.0019440950731825623, 
        "u_B_c3pl1_cll1221": 1.8560645176242375e-06, 
        "B_c3pl2_ctp": 0.003855244802468634, 
        "u_B_c3pl2_ctp": 3.0207219487001444e-06, 
        "B_c3pl2_ctg": -0.03658696805534839, 
        "u_B_c3pl2_ctg": 1.8249469704098093e-05, 
        "B_c3pl2_cll1221": -0.0019440950731825623, 
        "u_B_c3pl2_cll1221": 1.8560645176242375e-06, 
        "B_ctp_ctg": -0.07345344153155897, 
        "u_B_ctp_ctg": 3.614133312500307e-05, 
        "B_ctp_cll1221": -0.0038828584217932157, 
        "u_B_ctp_cll1221": 3.220067714937166e-06, 
        "B_ctg_cll1221": 0.03650949950619851, 
        "u_B_ctg_cll1221": 1.82328709419611e-05
    }, 
    "1.5": {
        "A_cpdc": -0.03194617349569306, 
        "u_A_cpdc": 1.2743063596594665e-05, 
        "A_cdp": 0.1277846799023587, 
        "u_A_cdp": 5.0975104510741965e-05, 
        "A_c3pl1": -0.06389281817507941, 
        "u_A_c3pl1": 2.5489470782725025e-05, 
        "A_c3pl2": -0.06389281817507941, 
        "u_A_c3pl2": 2.5489470782725025e-05, 
        "A_ctp": -0.12845247922517708, 
        "u_A_ctp": 5.123820988863835e-05, 
        "A_ctg": 1.2129751709028878, 
        "u_A_ctg": 0.0016451894496184965, 
        "A_cll1221": 0.06389258125681702, 
        "u_A_cll1221": 2.5487460090772228e-05, 
        "B_cpdc_2": 0.00022584271904060605, 
        "u_B_cpdc_2": 6.0131989745013005e-06, 
        "B_cdp_2": 0.0039527534119903444, 
        "u_B_cdp_2": 7.914930809900024e-06, 
        "B_c3pl1_2": 0.000997730780951867, 
        "u_B_c3pl1_2": 6.58762885186493e-06, 
        "B_c3pl2_2": 0.000997730780951867, 
        "u_B_c3pl2_2": 6.58762885186493e-06, 
        "B_ctp_2": 0.003960780104770667, 
        "u_B_ctp_2": 7.13700069503984e-06, 
        "B_ctg_2": 0.3523123886094466, 
        "u_B_ctg_2": 0.00207688461385517, 
        "B_cll1221_2": 0.0009641510280835983, 
        "u_B_cll1221_2": 7.290662117993907e-06, 
        "B_cpdc_cdp": -0.001961012128142461, 
        "u_B_cpdc_cdp": 2.6737243554725926e-06, 
        "B_cpdc_c3pl1": 0.0009504181436620854,