{
    "-0.5": {
        "A_cpg": 24.542428250855533, 
        "u_A_cpg": 0.0029128931105344607, 
        "B_cpg_2": 1.20454851036293e-05, 
        "u_B_cpg_2": 3.3122579916651443e-06
    }, 
    "0.5": {
        "A_cpg": 24.549740277178454, 
        "u_A_cpg": 0.003706758768976021, 
        "B_cpg_2": 8.263763309149657e-06, 
        "u_B_cpg_2": 1.866015565916648e-06
    }, 
    "1.5": {
        "A_cpg": 24.6663846771121, 
        "u_A_cpg": 0.022182753615186623, 
        "B_cpg_2": 5.5195559778286e-06, 
        "u_B_cpg_2": 1.8275924843462973e-06
    }, 
    "2.5": {
        "A_cpg": 24.96268255628137, 
        "u_A_cpg": 0.05371504042904923, 
        "B_cpg_2": 1.0573704154829588e-07, 
        "u_B_cpg_2": 2.7080093569936952e-06
    }, 
    "3.5": {
        "A_cpg": 25.02990573129061, 
        "u_A_cpg": 0.1162460104669922, 
        "B_cpg_2": 1.2891399805779334e-06, 
        "u_B_cpg_2": 3.520652192543202e-06
    }
}