{
    "0.0": {
        "A_cpdc": -0.030312548951074023, 
        "u_A_cpdc": 1.0353233761352232e-05, 
        "A_cdp": 0.12124768082257067, 
        "u_A_cdp": 4.1406262978818e-05, 
        "A_c3pl1": -0.060624137003594716, 
        "u_A_c3pl1": 2.0701525854103297e-05, 
        "A_c3pl2": -0.060624137003594716, 
        "u_A_c3pl2": 2.0701525854103297e-05, 
        "A_ctp": -0.12188029806774564, 
        "u_A_ctp": 4.162252550062068e-05, 
        "A_ctg": 1.1509777834978638, 
        "u_A_ctg": 0.001210755105431775, 
        "A_cll1221": 0.06062333879729274, 
        "u_A_cll1221": 2.0703126361646297e-05, 
        "B_cpdc_2": 0.00028344670308974893, 
        "u_B_cpdc_2": 6.1611922200256945e-06, 
        "B_cdp_2": 0.003725282412256415, 
        "u_B_cdp_2": 6.331591858971786e-06, 
        "B_c3pl1_2": 0.0009413185534835098, 
        "u_B_c3pl1_2": 5.805750246187023e-06, 
        "B_c3pl2_2": 0.0009413185534835098, 
        "u_B_c3pl2_2": 5.805750246187023e-06, 
        "B_ctp_2": 0.003685411375598445, 
        "u_B_ctp_2": 5.997634186216443e-06, 
        "B_ctg_2": 0.33405234256331545, 
        "u_B_ctg_2": 0.0008104522883361607, 
        "B_cll1221_2": 0.000981552044156794, 
        "u_B_cll1221_2": 5.907327236824677e-06, 
        "B_cpdc_cdp": -0.001851525615913376, 
        "u_B_cpdc_cdp": 2.2428800933471017e-06, 
        "B_cpdc_c3pl1": 0.0008909360842223676, 
        "u_B_cpdc_c3pl1": 2.3541268613575106e-06, 
        "B_cpdc_c3pl2": 0.0008909360842223676, 
        "u_B_cpdc_c3pl2": 2.3541268613575106e-06, 
        "B_cpdc_ctp": 0.001863607756785375, 
        "u_B_cpdc_ctp": 2.350087415371221e-06, 
        "B_cpdc_ctg": -0.017442725896319893, 
        "u_B_cpdc_ctg": 1.8484234513173886e-05, 
        "B_cpdc_cll1221": -0.000931592441039896, 
        "u_B_cpdc_cll1221": 2.3249275293318978e-06, 
        "B_cdp_c3pl1": -0.003705709340199365, 
        "u_B_cdp_c3pl1": 2.845103267040816e-06, 
        "B_cdp_c3pl2": -0.003705709340199365, 
        "u_B_cdp_c3pl2": 2.845103267040816e-06, 
        "B_cdp_ctp": -0.007393959965510388, 
        "u_B_cdp_ctp": 3.4127944296536127e-06, 
        "B_cdp_ctg": 0.06976352877579109, 
        "u_B_cdp_ctg": 7.349676129909686e-05, 
        "B_cdp_cll1221": 0.0036738125264142297, 
        "u_B_cdp_cll1221": 2.674985069393361e-06, 
        "B_c3pl1_c3pl2": 0.0018116546037942067, 
        "u_B_c3pl1_c3pl2": 3.1571860445594934e-06, 
        "B_c3pl1_ctp": 0.003664932179681952, 
        "u_B_c3pl1_ctp": 2.5166320974022484e-06, 
        "B_c3pl1_ctg": -0.03490901214994976, 
        "u_B_c3pl1_ctg": 3.673840696536276e-05, 
        "B_c3pl1_cll1221": -0.0018430681299813586, 
        "u_B_c3pl1_cll1221": 1.5247298186561843e-06, 
        "B_c3pl2_ctp": 0.003664932179681952, 
        "u_B_c3pl2_ctp": 2.5166320974022484e-06, 
        "B_c3pl2_ctg": -0.03490901214994976, 
        "u_B_c3pl2_ctg": 3.673840696536276e-05, 
        "B_c3pl2_cll1221": -0.0018430681299813586, 
        "u_B_c3pl2_cll1221": 1.5247298186561843e-06, 
        "B_ctp_ctg": -0.07014998266558639, 
        "u_B_ctp_ctg": 7.378414180671054e-05, 
        "B_ctp_cll1221": -0.0036950770948397204, 
        "u_B_ctp_cll1221": 2.6721775885061264e-06, 
        "B_ctg_cll1221": 0.03488925784248733, 
        "u_B_ctg_cll1221": 3.6795283641154356e-05
    }, 
    "0.5": {
        "A_cpdc": -0.030312314086017547, 
        "u_A_cpdc": 1.8655756313132317e-05, 
        "A_cdp": 0.12124777959490098, 
        "u_A_cdp": 7.461168779763759e-05, 
        "A_c3pl1": -0.060624136519148615, 
        "u_A_c3pl1": 3.730489752563243e-05, 
        "A_c3pl2": -0.060624136519148615, 
        "u_A_c3pl2": 3.730489752563243e-05, 
        "A_ctp": -0.12188040452009334, 
        "u_A_ctp": 7.500134809589768e-05, 
        "A_ctg": 1.155686387007711, 
        "u_A_ctg": 0.0018900172321463995, 
        "A_cll1221": 0.06062332141595908, 
        "u_A_cll1221": 3.730541872821964e-05, 
        "B_cpdc_2": 0.0002591875133142846, 
        "u_B_cpdc_2": 7.155143467187549e-06, 
        "B_cdp_2": 0.003714969212457688, 
        "u_B_cdp_2": 7.435556930137045e-06, 
        "B_c3pl1_2": 0.0009384267969569696, 
        "u_B_c3pl1_2": 6.653337282476617e-06, 
        "B_c3pl2_2": 0.0009384267969569696, 
        "u_B_c3pl2_2": 6.653337282476617e-06, 
        "B_ctp_2": 0.0036970781134783074, 
        "u_B_ctp_2": 7.073594621122148e-06, 
        "B_ctg_2": 0.33856485550290333, 
        "u_B_ctg_2": 0.0016512953064055254, 
        "B_cll1221_2": 0.0009855659379915927, 
        "u_B_cll1221_2": 6.7064625007368145e-06, 
        "B_cpdc_cdp": -0.0018525062205215009, 
        "u_B_cpdc_cdp": 2.6907730665431345e-06, 
        "B_cpdc_c3pl1": 0.000897355079622887, 
        "u_B_cpdc_c3pl1": 2.7180537764699113e-06, 
        "B_cpdc_c3pl2": 0.000897355079622887, 
        "u_B_cpdc_c3pl2": 2.7180537764699113e-06, 
        "B_cpdc_ctp": 0.0018640187447107664, 
        "u_B_cpdc_ctp": 2.8092096509598524e-06, 
        "B_cpdc_ctg": -0.017511881146681063, 
        "u_B_cpdc_ctg": 2.8735843063103668e-05, 
        "B_cpdc_cll1221": -0.0009330595146940802, 
        "u_B_cpdc_cll1221": 2.676281147460562e-06, 
        "B_cdp_c3pl1": -0.0037000340184722195, 
        "u_B_cdp_c3pl1": 3.7274862214074747e-06, 
        "B_cdp_c3pl2": -0.0037000340184722195, 
        "u_B_cdp_c3pl2": 3.7274862214074747e-06, 
        "B_cdp_ctp": -0.0073981232169542015, 
        "u_B_cdp_ctp": 5.301275113338589e-06, 
        "B_cdp_ctg": 0.07005055818403866, 
        "u_B_cdp_ctg": 0.00011459565147295578, 
        "B_cdp_cll1221": 0.003667985622959481, 
        "u_B_cdp_cll1221": 3.403867450234673e-06, 
        "B_c3pl1_c3pl2": 0.0018206133729019554, 
        "u_B_c3pl1_c3pl2": 3.659447088692118e-06, 
        "B_c3pl1_ctp": 0.003665340892745026, 
        "u_B_c3pl1_ctp": 3.3493473090092283e-06, 
        "B_c3pl1_ctg": -0.03504849918482755, 
        "u_B_c3pl1_ctg": 5.734649054910859e-05, 
        "B_c3pl1_cll1221": -0.001842549443840608, 
        "u_B_c3pl1_cll1221": 1.924141878155805e-06, 
        "B_c3pl2_ctp": 0.003665340892745026, 
        "u_B_c3pl2_ctp": 3.3493473090092283e-06, 
        "B_c3pl2_ctg": -0.03504849918482755, 
        "u_B_c3pl2_ctg": 5.734649054910859e-05, 
        "B_c3pl2_cll1221": -0.001842549443840608, 
        "u_B_c3pl2_cll1221": 1.924141878155805e-06, 
        "B_ctp_ctg": -0.0704368519002462, 
        "u_B_ctp_ctg": 0.00011514613770092218, 
        "B_ctp_cll1221": -0.0037008119159243295, 
        "u_B_ctp_cll1221": 3.5353955507466373e-06, 
        "B_ctg_cll1221": 0.03503371926489261, 
        "u_B_ctg_cll1221": 5.744494170013979e-05
    }, 
    "0.9": {
        "A_cpdc": -0.03031232922372102, 
        "u_A_cpdc": 2.7008042982975836e-06, 
        "A_cdp": 0.12124767969898062, 
        "u_A_cdp": 1.074404498670176e-05, 
        "A_c3pl1": -0.060624223224503296, 
        "u_A_c3pl1": 5.360040947872003e-06, 
        "A_c3pl2": -0.060624223224503296, 
        "u_A_c3pl2": 5.360040947872003e-06, 
        "A_ctp": -0.12188047373339483, 
        "u_A_ctp": 1.0785591911116174e-05, 
        "A_ctg": 1.1546206603581146, 
        "u_A_ctg": 0.0013667915996981716, 
        "A_cll1221": 0.06062331906944815, 
        "u_A_cll1221": 5.368453069837153e-06, 
        "B_cpdc_2": 0.00025970871423158597, 
        "u_B_cpdc_2": 7.23819513981277e-06, 
        "B_cdp_2": 0.0037231763920361574, 
        "u_B_cdp_2": 7.1808103692677596e-06, 
        "B_c3pl1_2": 0.0009517383316023475, 
        "u_B_c3pl1_2": 6.531242964909379e-06, 
        "B_c3pl2_2": 0.0009517383316023475, 
        "u_B_c3pl2_2": 6.531242964909379e-06, 
        "B_ctp_2": 0.003702943464047464, 
        "u_B_ctp_2": 6.751655911485313e-06, 
        "B_ctg_2": 0.33625954019021836, 
        "u_B_ctg_2": 0.0010603746491134076, 
        "B_cll1221_2": 0.000983036126436808, 
        "u_B_cll1221_2": 6.731232765212728e-06, 
        "B_cpdc_cdp": -0.0018497329644820905, 
        "u_B_cpdc_cdp": 2.4406970670730285e-06, 
        "B_cpdc_c3pl1": 0.000891987925969682,