{
    "0.0": {
        "A_cpg": -1.5160054363128764e-08, 
        "u_A_cpg": 1.772932887316704e-09, 
        "B_cpg_2": 383.7556475475732, 
        "u_B_cpg_2": 0.0803572292796851
    }, 
    "30.0": {
        "A_cpg": -1.4373735653794605e-08, 
        "u_A_cpg": 3.24946371752954e-09, 
        "B_cpg_2": 383.64828232841427, 
        "u_B_cpg_2": 0.3984203791771635
    }, 
    "45.0": {
        "A_cpg": 3.508741179732687e-09, 
        "u_A_cpg": 2.8919195559290606e-09, 
        "B_cpg_2": 385.2314022715074, 
        "u_B_cpg_2": 0.7429527820219819
    }, 
    "80.0": {
        "A_cpg": 2.5569903392095426e-09, 
        "u_A_cpg": 4.2080045461043285e-09, 
        "B_cpg_2": 390.6423271859441, 
        "u_B_cpg_2": 1.4973887077479908
    }, 
    "120.0": {
        "A_cpg": -8.23774406141224e-09, 
        "u_A_cpg": 4.260108278106697e-09, 
        "B_cpg_2": 399.94853058118235, 
        "u_B_cpg_2": 4.443201117857234
    }, 
    "200.0": {
        "A_cpg": -4.4134303112813235e-09, 
        "u_A_cpg": 8.853789383562479e-09, 
        "B_cpg_2": 568.4310486787577, 
        "u_B_cpg_2": 22.61027183453602
    }
}