{
    "600.0": {
        "A_chl3": -0.12124452936642079, 
        "u_A_chl3": 0.00018691745205717505, 
        "A_chbox": 0.12124814573555732, 
        "u_A_chbox": 0.00025626778920426023, 
        "A_cll1": 0.060625872814604034, 
        "u_A_cll1": 0.00012962698608487668, 
        "A_chdd": -0.030312941555891332, 
        "u_A_chdd": 6.695717184968718e-05, 
        "A_chg": 75.91548961140738, 
        "u_A_chg": 3.65579931857423, 
        "A_ctgre": -2.427716294022776, 
        "u_A_ctgre": 0.42541321425007683, 
        "A_cthre": -0.1218827814491796, 
        "u_A_cthre": 0.0002610565046715992, 
        "B_chl3_2": 0.0032545952647073917, 
        "u_B_chl3_2": 0.000542432840138149, 
        "B_chl3_cll1": -0.003616217562085294, 
        "u_B_chl3_cll1": 0.0, 
        "B_chl3_ctgre": 0.14708494876914094, 
        "u_B_chl3_ctgre": 0.018266851382580118, 
        "B_chl3_cthre": 0.007413245343255419, 
        "u_B_chl3_cthre": 0.00021201852883391802, 
        "B_chbox_2": 0.003616217356141721, 
        "u_B_chbox_2": 0.00036162135755654894, 
        "B_chbox_chl3": -0.0072324343003962975, 
        "u_B_chbox_chl3": 0.0002557052164883628, 
        "B_chbox_cll1": 0.0037970279871136986, 
        "u_B_chbox_cll1": 9.04051410789553e-05, 
        "B_chbox_chg": 7.514654429774168, 
        "u_B_chbox_chg": 0.8088914157936447, 
        "B_chbox_ctgre": -0.14723336899618072, 
        "u_B_chbox_ctgre": 0.025793875672731746, 
        "B_chbox_cthre": -0.007322839409938711, 
        "u_B_chbox_cthre": 7.82903430303336e-05, 
        "B_cll1_2": 0.000723243388850915, 
        "u_B_cll1_2": 2.1905066787737944e-07, 
        "B_chdd_2": 0.0003616217193068763, 
        "u_B_chdd_2": 0.00018081086593101976, 
        "B_chdd_chl3": 0.0018081084515329303, 
        "u_B_chdd_chl3": 0.00012785302340648095, 
        "B_chdd_chbox": -0.001808108781042647, 
        "u_B_chdd_chbox": 0.0, 
        "B_chdd_cll1": -0.0009040542257664651, 
        "u_B_chdd_cll1": 9.040573984592507e-05, 
        "B_chdd_chg": -1.8786428071426997, 
        "u_B_chdd_chg": 0.2022280803816087, 
        "B_chdd_ctgre": 0.036808349856351, 
        "u_B_chdd_ctgre": 0.006467805452683792, 
        "B_chdd_cthre": 0.001808108781042647, 
        "u_B_chdd_cthre": 0.0, 
        "B_chg_2": 2077.2754743432347, 
        "u_B_chg_2": 365.12075624709684, 
        "B_chg_chl3": -7.514571228570799, 
        "u_B_chg_chl3": 0.5719856083385294, 
        "B_chg_cll1": 3.7573416309371725, 
        "u_B_chg_cll1": 0.404456870036936, 
        "B_chg_ctgre": -172.6080108987076, 
        "u_B_chg_ctgre": 27.281553715534958, 
        "B_chg_cthre": -7.553824897301088, 
        "u_B_chg_cthre": 0.813114977401654, 
        "B_ctgre_2": 1.9869734814075954, 
        "u_B_ctgre_2": 0.7213044383323086, 
        "B_ctgre_cll1": -0.07361670309372681, 
        "u_B_ctgre_cll1": 0.012872012631121288, 
        "B_cthre_2": 0.0039778396478035395, 
        "u_B_cthre_2": 0.00018080737362579283, 
        "B_cthre_cll1": -0.003797028193057271, 
        "u_B_cthre_cll1": 9.04029786386522e-05, 
        "B_cthre_ctgre": 0.14797550394162784, 
        "u_B_cthre_ctgre": 0.02588026201844818
    }, 
    "675.0": {
        "A_chl3": -0.12124636034431059, 
        "u_A_chl3": 0.0001683405876280615, 
        "A_chbox": 0.12124936982196853, 
        "u_A_chbox": 0.0002384366381076639, 
        "A_cll1": 0.06062378289144903, 
        "u_A_cll1": 0.00011902286841019362, 
        "A_chdd": -0.030311891445724506, 
        "u_A_chdd": 6.041519472654999e-05, 
        "A_chg": 84.9211486343907, 
        "u_A_chg": 5.865056221822303, 
        "A_ctgre": -2.04507081489463, 
        "u_A_ctgre": 0.32152470523359755, 
        "A_cthre": -0.12187858679761923, 
        "u_A_cthre": 0.00023913910394732414, 
        "B_chl3_2": 0.0034956247521848918, 
        "u_B_chl3_2": 0.00039367820453536527, 
        "B_chl3_cll1": -0.0037367028316548723, 
        "u_B_chl3_cll1": 7.780641214518444e-05, 
        "B_chl3_ctgre": 0.12388003408322568, 
        "u_B_chl3_ctgre": 0.013772890950503025, 
        "B_chl3_cthre": 0.007352866747139073, 
        "u_B_chl3_cthre": 0.00014346800550103415, 
        "B_chbox_2": 0.003495625411194598, 
        "u_B_chbox_2": 0.00020289597117998, 
        "B_chbox_chl3": -0.007232328105555781, 
        "u_B_chbox_chl3": 0.00012053599248037566, 
        "B_chbox_cll1": 0.0037367028316548723, 
        "u_B_chbox_cll1": 6.959044537966147e-05, 
        "B_chbox_chg": 7.803290819884959, 
        "u_B_chbox_chg": 0.0814117683175666, 
        "B_chbox_ctgre": -0.12407790676668623, 
        "u_B_chbox_ctgre": 0.019512276342129247, 
        "B_chbox_cthre": -0.0072925971517600495, 
        "u_B_chbox_cthre": 0.0001014471077848371, 
        "B_cll1_2": 0.000964310285933328, 
        "u_B_cll1_2": 0.00013918632227047606, 
        "B_chdd_2": 0.00024107758473636767, 
        "u_B_chdd_2": 0.0001391862217263974, 
        "B_chdd_chl3": 0.0016875432887000703, 
        "u_B_chdd_chl3": 9.841921015771764e-05, 
        "B_chdd_chbox": -0.0018080819577421007, 
        "u_B_chdd_chbox": 8.523357832664363e-05, 
        "B_chdd_cll1": -0.0009643105330619678, 
        "u_B_chdd_cll1": 6.959255827409112e-05, 
        "B_chdd_chg": -1.9509350798555012, 
        "u_B_chdd_chg": 0.020389414242401215, 
        "B_chdd_ctgre": 0.0310194811996381, 
        "u_B_chdd_ctgre": 0.004892935652103286, 
        "B_chdd_cthre": 0.0018080819577421007, 
        "u_B_chdd_cthre": 8.523357832664414e-05, 
        "B_chg_2": 3267.0378444319713, 
        "u_B_chg_2": 408.5054553436272, 
        "B_chg_chl3": -7.803328438355683, 
        "u_B_chg_chl3": 0.05755845036318327, 
        "B_chg_cll1": 3.901626875294495, 
        "u_B_chg_cll1": 0.04070765206323364, 
        "B_chg_ctgre": -165.90912700251056, 
        "u_B_chg_ctgre": 12.488421667733304, 
        "B_chg_cthre": -7.844058533242096, 
        "u_B_chg_cthre": 0.08186596123575723, 
        "B_ctgre_2": 1.3376247135202892, 
        "u_B_ctgre_2": 0.3300391013349553, 
        "B_ctgre_cll1": -0.061989491974427796, 
        "u_B_ctgre_cll1": 0.009719473322177968, 
        "B_cthre_2": 0.003495625273900909, 
        "u_B_cthre_2": 0.0002028963654106044, 
        "B_cthre_cll1": -0.0036764333735695366, 
        "u_B_cthre_cll1": 0.00010144719957309185, 
        "B_cthre_ctgre": 0.12452318116202082, 
        "u_B_cthre_ctgre": 0.019589841930605034
    }, 
    "450.0": {
        "A_chl3": -0.12124565593583472, 
        "u_A_chl3": 8.274158210608297e-05, 
        "A_chbox": 0.12124716392902266, 
        "u_A_chbox": 0.00011797273057843019, 
        "A_cll1": 0.06062403312640771, 
        "u_A_cll1": 5.8738146177783296e-05, 
        "A_chdd": -0.030310661017414708, 
        "u_A_chdd": 2.970634173984525e-05, 
        "A_chg": 65.92672191106197, 
        "u_A_chg": 2.8207754767068356, 
        "A_ctgre": -1.7321633895838977, 
        "u_A_ctgre": 0.15342653054306177, 
        "A_cthre": -0.12188260863593911, 
        "u_A_cthre": 0.00011880050338545746, 
        "B_chl3_2": 0.0034666591372862075, 
        "u_B_chl3_2": 0.0002326889651861717, 
        "B_chl3_cll1": -0.0036173839477009278, 
        "u_B_chl3_cll1": 0.0, 
        "B_chl3_ctgre": 0.10511578382974693, 
        "u_B_chl3_ctgre": 0.006575409440149964, 
        "B_chl3_cthre": 0.007355347195517221, 
        "u_B_chl3_cthre": 5.503272117082887e-05, 
        "B_chbox_2": 0.003798253103883974, 
        "u_B_chbox_2": 0.00012428938711090635, 
        "B_chbox_chl3": -0.007415636708234905, 
        "u_B_chbox_chl3": 8.788481335974052e-05, 
        "B_chbox_cll1": 0.00364752870405977, 
        "u_B_chbox_cll1": 5.148026211192538e-05, 
        "B_chbox_chg": 5.810809246513522, 
        "u_B_chbox_chg": 0.30462477804842736, 
        "B_chbox_ctgre": -0.10491782298237394, 
        "u_B_chbox_ctgre": 0.009301296478400205, 
        "B_chbox_cthre": -0.007475926220952588, 
        "u_B_chbox_cthre": 4.9224626607207814e-05, 
        "B_cll1_2": 0.0009043458289842331,