{
    "-3.141593": {
        "A_chgtil": 0.2665641748491887, 
        "u_A_chgtil": 0.2660148999760305, 
        "A_chg": 39.990808209340265, 
        "u_A_chg": 0.2724428574175472, 
        "B_chgtil_2": 421.0715169357589, 
        "u_B_chgtil_2": 7.9066083815822354, 
        "B_chg_2": 421.0175023525256, 
        "u_B_chg_2": 4.545529399500655, 
        "B_chgtil_chg": 6.688324117546625, 
        "u_B_chgtil_chg": 6.0630060211555605
    }, 
    "-1.570796": {
        "A_chgtil": 1.0828908232304935, 
        "u_A_chgtil": 0.8959995311093093, 
        "A_chg": 40.435092183070225, 
        "u_A_chg": 0.1727097495289813, 
        "B_chgtil_2": 406.54227385822117, 
        "u_B_chgtil_2": 10.692779421991942, 
        "B_chg_2": 409.72758460499887, 
        "u_B_chg_2": 3.6509328746585794, 
        "B_chgtil_chg": 21.682579043774147, 
        "u_B_chgtil_chg": 18.18900283028511
    }, 
    "0.0": {
        "A_chgtil": 0.1623571819991026, 
        "u_A_chgtil": 1.0792522412963252, 
        "A_chg": 40.54122926654126, 
        "u_A_chg": 0.2216128629120668, 
        "B_chgtil_2": 420.2693396037603, 
        "u_B_chgtil_2": 14.942818290108342, 
        "B_chg_2": 412.0615645643126, 
        "u_B_chg_2": 4.850232744746765, 
        "B_chgtil_chg": 1.2539343734426593, 
        "u_B_chgtil_chg": 22.666847683266614
    }, 
    "1.570796": {
        "A_chgtil": -0.19492789080011813, 
        "u_A_chgtil": 0.2174769045132418, 
        "A_chg": 40.02801909356043, 
        "u_A_chg": 0.24103195379289505, 
        "B_chgtil_2": 416.151498705495, 
        "u_B_chgtil_2": 7.104908811008739, 
        "B_chg_2": 423.57138776266146, 
        "u_B_chg_2": 7.717685042370334, 
        "B_chgtil_chg": -2.54513068002353, 
        "u_B_chgtil_chg": 3.944697696237209
    }
}