{
    "-0.5": {
        "A_cpg": 1.2951876562383675e-10, 
        "u_A_cpg": 2.296899876526681e-09, 
        "B_cpg_2": 292.24741002788915, 
        "u_B_cpg_2": 2.54249318346099, 
        "B_cpdc_cpg": -0.801727786855744, 
        "u_B_cpdc_cpg": 0.0001675904082728015, 
        "B_cdp_cpg": 3.2069103206840475, 
        "u_B_cdp_cpg": 0.0006693741516902055, 
        "B_cpg_c3pl1": -1.6034557061839174, 
        "u_B_cpg_c3pl1": 0.0003348089367798559, 
        "B_cpg_c3pl2": -1.6034557061839174, 
        "u_B_cpg_c3pl2": 0.0003348089367798559, 
        "B_cpg_ctp": -3.2236398684266794, 
        "u_B_cpg_ctp": 0.0006733356176884243, 
        "B_cpg_ctg": 30.238478984455433, 
        "u_B_cpg_ctg": 0.008613075662025245, 
        "B_cpg_cll1221": 1.603454929382239, 
        "u_B_cpg_cll1221": 0.0003349135258408068
    }, 
    "0.5": {
        "A_cpg": -9.074173469010393e-10, 
        "u_A_cpg": 1.0711215646536216e-09, 
        "B_cpg_2": 300.60747708514054, 
        "u_B_cpg_2": 1.293391675273943, 
        "B_cpdc_cpg": -0.8020781560825634, 
        "u_B_cpdc_cpg": 0.00022659337882498479, 
        "B_cdp_cpg": 3.208311756836758, 
        "u_B_cdp_cpg": 0.0009062730678668702, 
        "B_cpg_c3pl1": -1.6041562002710374, 
        "u_B_cpg_c3pl1": 0.00045320074271478964, 
        "B_cpg_c3pl2": -1.6041562002710374, 
        "u_B_cpg_c3pl2": 0.00045320074271478964, 
        "B_cpg_ctp": -3.2250481579839176, 
        "u_B_cpg_ctp": 0.0009110989102578272, 
        "B_cpg_ctg": 30.29246263895583, 
        "u_B_cpg_ctg": 0.013009211804455656, 
        "B_cpg_cll1221": 1.6041557979552141, 
        "u_B_cpg_cll1221": 0.00045320615490941407
    }, 
    "1.5": {
        "B_cpg_2": 361.7668426703602, 
        "u_B_cpg_2": 3.210999060677395, 
        "B_cpdc_cpg": -0.8090282005930267, 
        "u_B_cpdc_cpg": 0.0014151102171441829, 
        "B_cdp_cpg": 3.2361125690613624, 
        "u_B_cdp_cpg": 0.005660414020261494, 
        "B_cpg_c3pl1": -1.6180561481984979, 
        "u_B_cpg_c3pl1": 0.002830212778641538, 
        "B_cpg_c3pl2": -1.6180561481984979, 
        "u_B_cpg_c3pl2": 0.002830212778641538, 
        "B_cpg_ctp": -3.2529933295998616, 
        "u_B_cpg_ctp": 0.0056899559603882455, 
        "B_cpg_ctg": 31.190916682342607, 
        "u_B_cpg_ctg": 0.15142998529796922, 
        "B_cpg_cll1221": 1.6180560301376385, 
        "u_B_cpg_cll1221": 0.002830210118005184
    }, 
    "2.5": {
        "A_cpg": 1.4356571696032372e-09, 
        "u_A_cpg": 2.6311200740423295e-09, 
        "B_cpg_2": 361.45521509985474, 
        "u_B_cpg_2": 5.704806063172859, 
        "B_cpdc_cpg": -0.8150927917159628, 
        "u_B_cpdc_cpg": 0.002856664073998109, 
        "B_cdp_cpg": 3.260372085013341, 
        "u_B_cdp_cpg": 0.011426617950768008, 
        "B_cpg_c3pl1": -1.630185974995679, 
        "u_B_cpg_c3pl1": 0.005713312249572761, 
        "B_cpg_c3pl2": -1.630185974995679, 
        "u_B_cpg_c3pl2": 0.005713312249572761, 
        "B_cpg_ctp": -3.2773800149639682, 
        "u_B_cpg_ctp": 0.011486240154088539, 
        "B_cpg_ctg": 32.20543108060455, 
        "u_B_cpg_ctg": 0.3228835218526902, 
        "B_cpg_cll1221": 1.6301860840518958, 
        "u_B_cpg_cll1221": 0.005713316628140322
    }, 
    "3.5": {
        "A_cpg": -5.9878022647507324e-09, 
        "u_A_cpg": 4.219192287059758e-09, 
        "B_cpg_2": 316.3596061698903, 
        "u_B_cpg_2": 11.46131579633672, 
        "B_cpdc_cpg": -0.8220885249851105, 
        "u_B_cpdc_cpg": 0.005960123331369244, 
        "B_cdp_cpg": 3.288352788578888, 
        "u_B_cdp_cpg": 0.02384045307199722, 
        "B_cpg_c3pl1": -1.6441762801332973, 
        "u_B_cpg_c3pl1": 0.011920231927986675, 
        "B_cpg_c3pl2": -1.6441762801332973, 
        "u_B_cpg_c3pl2": 0.011920231927986675, 
        "B_cpg_ctp": -3.30550713013934, 
        "u_B_cpg_ctp": 0.023964848494679714, 
        "B_cpg_ctg": 34.036052327105594, 
        "u_B_cpg_ctg": 0.7191586421677745, 
        "B_cpg_cll1221": 1.6441762789860002, 
        "u_B_cpg_cll1221": 0.011920224546793626
    }
}