{
    "0.0": {
        "A_cpg": -8.735743848951148e-09, 
        "u_A_cpg": 6.934143102856061e-10, 
        "B_cpg_2": 340.0698636906464, 
        "u_B_cpg_2": 0.5609403672647594
    }, 
    "1.6": {
        "A_cpg": -9.897691939711277e-10, 
        "u_A_cpg": 1.5222369990881421e-09, 
        "B_cpg_2": 349.3170400158319, 
        "u_B_cpg_2": 1.9228501365236956
    }, 
    "3.0": {
        "A_cpg": -2.4969455880691637e-09, 
        "u_A_cpg": 2.3916742579345398e-09, 
        "B_cpg_2": 345.923175961599, 
        "u_B_cpg_2": 1.70290982285575
    }
}