{
    "450.0": {
        "A_cpg": -4.786335717562909e-09, 
        "u_A_cpg": 4.19817627180107e-08, 
        "B_cpg_2": 1333.0256056291162, 
        "u_B_cpg_2": 415.6997985399841
    }, 
    "500.0": {
        "A_cpg": -1.4359019306398338e-07, 
        "u_A_cpg": 2.3691167656416393e-07, 
        "B_cpg_2": 1362.0832501405519, 
        "u_B_cpg_2": 354.8070396817553
    }, 
    "550.0": {
        "A_cpg": -1.8927792573282342e-07, 
        "u_A_cpg": 4.99400017024295e-08, 
        "B_cpg_2": 1409.0642827240567, 
        "u_B_cpg_2": 109.62197373048443
    }, 
    "600.0": {
        "A_cpg": 5.982924855686327e-08, 
        "u_A_cpg": 1.3475973149688218e-07, 
        "B_cpg_2": 1313.4634373981557, 
        "u_B_cpg_2": 230.8662019040351
    }, 
    "675.0": {
        "A_cpg": 2.871803514030822e-07, 
        "u_A_cpg": 1.8721865697899827e-07, 
        "B_cpg_2": 2065.7816122990894, 
        "u_B_cpg_2": 258.30220076156996
    }, 
    "800.0": {
        "B_cpg_2": 2987.547804792999, 
        "u_B_cpg_2": 185.0332676402265
    }
}