{
    "0.0": {
        "A_cpg": 36.6781328479129, 
        "u_A_cpg": 0.0283776307471102, 
        "B_cpg_2": -5.568970465445527e-06, 
        "u_B_cpg_2": 1.7049900671472982e-06
    }, 
    "1.570796": {
        "A_cpg": 36.645016740959896, 
        "u_A_cpg": 0.024733024954063328, 
        "B_cpg_2": -6.467922170195638e-06, 
        "u_B_cpg_2": 1.68689124356154e-06
    }
}