{
    "0.0": {
        "B_cpg_2": 197.87016725660408, 
        "u_B_cpg_2": 4.383139035563798, 
        "B_cpdc_cpg": -0.5841467217303957, 
        "u_B_cpdc_cpg": 0.0008800292068195821, 
        "B_cdp_cpg": 2.336587193317623, 
        "u_B_cdp_cpg": 0.003520278917221276, 
        "B_cpg_c3pl1": -1.16829327263822, 
        "u_B_cpg_c3pl1": 0.00176005373767777, 
        "B_cpg_c3pl2": -1.16829327263822, 
        "u_B_cpg_c3pl2": 0.00176005373767777, 
        "B_cpg_ctp": -2.348775541035846, 
        "u_B_cpg_ctp": 0.0035385126879531725, 
        "B_cpg_ctg": 22.297408257780408, 
        "u_B_cpg_ctg": 0.19638393776679744, 
        "B_cpg_cll1221": 1.1682936685127503, 
        "u_B_cpg_cll1221": 0.001760202451251621
    }, 
    "5.0": {
        "A_cpg": -9.132788961211816e-10, 
        "u_A_cpg": 7.248741579543702e-10, 
        "B_cpg_2": 205.80178812792627, 
        "u_B_cpg_2": 0.48223819019469627, 
        "B_cpdc_cpg": -0.582112244638297, 
        "u_B_cpdc_cpg": 4.2424882457117266e-05, 
        "B_cdp_cpg": 2.3284493725396427, 
        "u_B_cdp_cpg": 0.00016959822202959767, 
        "B_cpg_c3pl1": -1.1642244255434908, 
        "u_B_cpg_c3pl1": 8.478630649336182e-05, 
        "B_cpg_c3pl2": -1.1642244255434908, 
        "u_B_cpg_c3pl2": 8.478630649336182e-05, 
        "B_cpg_ctp": -2.3405952941482644, 
        "u_B_cpg_ctp": 0.0001704371784708667, 
        "B_cpg_ctg": 21.94622096011461, 
        "u_B_cpg_ctg": 0.0018452522000783611, 
        "B_cpg_cll1221": 1.1642246181912794, 
        "u_B_cpg_cll1221": 8.468163311497119e-05
    }, 
    "10.0": {
        "A_cpg": -2.45840865802588e-10, 
        "u_A_cpg": 7.055026031606325e-10, 
        "B_cpg_2": 206.09621291343342, 
        "u_B_cpg_2": 0.49121373302238963, 
        "B_cpdc_cpg": -0.5821289853706736, 
        "u_B_cpdc_cpg": 5.1727222971414296e-05, 
        "B_cdp_cpg": 2.3285161185739836, 
        "u_B_cdp_cpg": 0.00020700026531713685, 
        "B_cpg_c3pl1": -1.1642578231652732, 
        "u_B_cpg_c3pl1": 0.00010353212377275247, 
        "B_cpg_c3pl2": -1.1642578231652732, 
        "u_B_cpg_c3pl2": 0.00010353212377275247, 
        "B_cpg_ctp": -2.3406625009054314, 
        "u_B_cpg_ctp": 0.00020784038833044098, 
        "B_cpg_ctg": 21.948312956538206, 
        "u_B_cpg_ctg": 0.0029124748261424452, 
        "B_cpg_cll1221": 1.1642580255553174, 
        "u_B_cpg_cll1221": 0.00010341400972761124
    }, 
    "15.0": {
        "A_cpg": -1.5499434736538262e-09, 
        "u_A_cpg": 7.592488070760613e-10, 
        "B_cpg_2": 208.65685557307611, 
        "u_B_cpg_2": 0.6781294534662387, 
        "B_cpdc_cpg": -0.5820317137154528, 
        "u_B_cpdc_cpg": 0.0001551638784447334, 
        "B_cdp_cpg": 2.3281268116742133, 
        "u_B_cdp_cpg": 0.0006207287795663427, 
        "B_cpg_c3pl1": -1.1640632762743162, 
        "u_B_cpg_c3pl1": 0.0003103798930681148, 
        "B_cpg_c3pl2": -1.1640632762743162, 
        "u_B_cpg_c3pl2": 0.0003103798930681148, 
        "B_cpg_ctp": -2.3402713182036097, 
        "u_B_cpg_ctp": 0.0006238242757579249, 
        "B_cpg_ctg": 21.94461060014506, 
        "u_B_cpg_ctg": 0.007638061804157173, 
        "B_cpg_cll1221": 1.164063382700894, 
        "u_B_cpg_cll1221": 0.0003103536753668508
    }, 
    "20.0": {
        "A_cpg": -8.116050602098312e-10, 
        "u_A_cpg": 8.3241592273944e-10, 
        "B_cpg_2": 210.49867288063743, 
        "u_B_cpg_2": 0.8055799741529013, 
        "B_cpdc_cpg": -0.5821658615651931, 
        "u_B_cpdc_cpg": 9.027231379075649e-05, 
        "B_cdp_cpg": 2.32866406483189, 
        "u_B_cdp_cpg": 0.00036121478314256013, 
        "B_cpg_c3pl1": -1.164331677647215, 
        "u_B_cpg_c3pl1": 0.00018054258092700868, 
        "B_cpg_c3pl2": -1.164331677647215, 
        "u_B_cpg_c3pl2": 0.00018054258092700868, 
        "B_cpg_ctp": -2.340811091438708, 
        "u_B_cpg_ctp": 0.00036286647137366275, 
        "B_cpg_ctg": 21.952577049084212, 
        "u_B_cpg_ctg": 0.006981748549024915, 
        "B_cpg_cll1221": 1.1643319814747946, 
        "u_B_cpg_cll1221": 0.00018048151553377647
    }, 
    "25.0": {
        "A_cpg": -2.6531899277287694e-10, 
        "u_A_cpg": 9.259117889083783e-10, 
        "B_cpg_2": 215.41391647391197, 
        "u_B_cpg_2": 1.0843492194296378, 
        "B_cpdc_cpg": -0.5821916416914443, 
        "u_B_cpdc_cpg": 8.562768521901392e-05, 
        "B_cdp_cpg": 2.328767106993667, 
        "u_B_cdp_cpg": 0.0003428135734581889, 
        "B_cpg_c3pl1": -1.1643831174861345, 
        "u_B_cpg_c3pl1": 0.0001713329181547611, 
        "B_cpg_c3pl2": -1.1643831174861345, 
        "u_B_cpg_c3pl2": 0.0001713329181547611, 
        "B_cpg_ctp": -2.3409146840861386, 
        "u_B_cpg_ctp": 0.0003444067193780662, 
        "B_cpg_ctg": 21.95606376961995, 
        "u_B_cpg_ctg": 0.005448887533303162, 
        "B_cpg_cll1221": 1.1643835620043592, 
        "u_B_cpg_cll1221": 0.0001712874788357386
    }, 
    "30.0": {
        "A_cpg": -8.142544026073646e-10, 
        "u_A_cpg": 1.0914959410596288e-09, 
        "B_cpg_2": 224.75781848793306, 
        "u_B_cpg_2": 1.5980601907478633, 
        "B_cpdc_cpg": -0.582127810349251, 
        "u_B_cpdc_cpg": 0.000151201517066921, 
        "B_cdp_cpg": 2.328511514591297, 
        "u_B_cdp_cpg": 0.0006047754667221438, 
        "B_cpg_c3pl1": -1.1642554866786612, 
        "u_B_cpg_c3pl1": 0.0003024342905282028, 
        "B_cpg_c3pl2": -1.1642554866786612, 
        "u_B_cpg_c3pl2": 0.0003024342905282028, 
        "B_cpg_ctp": -2.3406579518973625, 
        "u_B_cpg_ctp": 0.0006077452785498496, 
        "B_cpg_ctg": 21.953606835163452, 
        "u_B_cpg_ctg": 0.009150119810726623, 
        "B_cpg_cll1221": 1.1642556284304162, 
        "u_B_cpg_cll1221": 0.00030239159944826755
    }, 
    "35.0": {
        "A_cpg": -4.920901395213822e-10, 
        "u_A_cpg": 9.769852955402544e-10, 
        "B_cpg_2": 242.78961103256518, 
        "u_B_cpg_2": 1.6215805321954655, 
        "B_cpdc_cpg": -0.5822952663478512, 
        "u_B_cpdc_cpg": 0.0002204736276763575, 
        "B_cdp_cpg": 2.329181353166692, 
        "u_B_cdp_cpg": 0.0008819400410730506, 
        "B_cpg_c3pl1": -1.1645903808143012, 
        "u_B_cpg_c3pl1": 0.00044094169346184505, 
        "B_cpg_c3pl2": -1.1645903808143012, 
        "u_B_cpg_c3pl2": 0.00044094169346184505, 
        "B_cpg_ctp": -2.341331129838445, 
        "u_B_cpg_ctp": 0.0008864340389750444, 
        "B_cpg_ctg": 21.987216884763587, 
        "u_B_cpg_ctg": 0.012768161823433898, 
        "B_cpg_cll1221": 1.1645906893733589, 
        "u_B_cpg_cll1221": 0.00044091182925436336
    }, 
    "45.0": {
        "A_cpg": 7.31360620942369e-10, 
        "u_A_cpg": 1.050364012000549e-09, 
        "B_cpg_2": 282.97444622336263, 
        "u_B_cpg_2": 1.7616293668098213, 
        "B_cpdc_cpg": -0.5834054787632713, 
        "u_B_cpdc_cpg": 0.00019579237870781134, 
        "B_cdp_cpg": 2.3336222277778775, 
        "u_B_cdp_cpg": 0.0007831401679073384, 
        "B_cpg_c3pl1": -1.1668108441996674, 
        "u_B_cpg_c3pl1": 0.0003915936744304877, 
        "B_cpg_c3pl2": -1.1668108441996674, 
        "u_B_cpg_c3pl2": 0.0003915936744304877, 
        "B_cpg_ctp": -2.3457948825717017, 
        "u_B_cpg_ctp": 0.0007872814121610306, 
        "B_cpg_ctg": 22.073835774943124, 
        "u_B_cpg_ctg": 0.01447269297124888, 
        "B_cpg_cll1221": 1.166811003431099, 
        "u_B_cpg_cll1221": 0.00039157598994140307
    }, 
    "60.0": {
        "A_cpg": -1.6082404095672094e-09, 
        "u_A_cpg": 1.2122394888035163e-09, 
        "B_cpg_2": 312.6501408579642, 
        "u_B_cpg_2": 1.924166706301582, 
        "B_cpdc_cpg": -0.5846814733633285, 
        "u_B_cpdc_cpg": 0.0005483335966597367, 
        "B_cdp_cpg": 2.338725666342693, 
        "u_B_cdp_cpg": 0.002193373360575963, 
        "B_cpg_c3pl1": -1.1693629928070721, 
        "u_B_cpg_c3pl1": 0.0010966897017800317, 
        "B_cpg_c3pl2": -1.1693629928070721, 
        "u_B_cpg_c3pl2": 0.0010966897017800317, 
        "B_cpg_ctp": -2.350925653846407,