{
    "450.0": {
        "A_cpg": -7.572152941822769e-09, 
        "u_A_cpg": 6.641663828586465e-08, 
        "B_cpg_2": 2108.893808712849, 
        "u_B_cpg_2": 657.6518318344017
    }, 
    "500.0": {
        "A_cpg": -2.2800668799245867e-07, 
        "u_A_cpg": 3.7619175493458375e-07, 
        "B_cpg_2": 2162.8502894773906, 
        "u_B_cpg_2": 563.3976545891111
    }, 
    "550.0": {
        "A_cpg": -2.997536500428293e-07, 
        "u_A_cpg": 7.908845014805864e-08, 
        "B_cpg_2": 2231.4919199173787, 
        "u_B_cpg_2": 173.60496013145786
    }, 
    "600.0": {
        "A_cpg": 9.462147468366553e-08, 
        "u_A_cpg": 2.1312593471888192e-07, 
        "B_cpg_2": 2077.2757537071384, 
        "u_B_cpg_2": 365.1207562470839
    }, 
    "675.0": {
        "A_cpg": 4.541763092600749e-07, 
        "u_A_cpg": 2.960866864181879e-07, 
        "B_cpg_2": 3267.0378172719847, 
        "u_B_cpg_2": 408.5054553435777
    }, 
    "800.0": {
        "B_cpg_2": 4737.647585519892, 
        "u_B_cpg_2": 293.4254013509633
    }
}