{
    "450.0": {
        "A_cpg": 29.49560925863688, 
        "u_A_cpg": 0.6698313137777647, 
        "B_cpg_2": 1.9763939196914305e-05, 
        "u_B_cpg_2": 1.028182714178379e-05
    }, 
    "600.0": {
        "A_cpg": 38.96327067649627, 
        "u_A_cpg": 2.1252901212124207, 
        "B_cpg_2": -5.304536401405558e-06, 
        "u_B_cpg_2": 3.901106570953035e-05
    }
}