{
    "0.0": {
        "A_cpdc": -0.027418274089793103, 
        "u_A_cpdc": 4.5402443564602325e-06, 
        "A_cdp": 0.10967162332474586, 
        "u_A_cdp": 1.8171372157009134e-05, 
        "A_c3pl1": -0.054835744141764016, 
        "u_A_c3pl1": 9.061391804534075e-06, 
        "A_c3pl2": -0.054835744141764016, 
        "u_A_c3pl2": 9.061391804534075e-06, 
        "A_ctp": -0.11024345397487341, 
        "u_A_ctp": 1.8255276176106016e-05, 
        "A_ctg": 1.0361821957731805, 
        "u_A_ctg": 0.0017363444881101327, 
        "A_cll1221": 0.054836049371087985, 
        "u_A_cll1221": 9.044061425367958e-06, 
        "B_cpdc_2": 0.00024084207140885364, 
        "u_B_cpdc_2": 1.6225268777109613e-05, 
        "B_cdp_2": 0.003339979756729909, 
        "u_B_cdp_2": 1.5752942676887756e-05, 
        "B_c3pl1_2": 0.0008028069513021041, 
        "u_B_c3pl1_2": 1.584209854762264e-05, 
        "B_c3pl2_2": 0.0008028069513021041, 
        "u_B_c3pl2_2": 1.584209854762264e-05, 
        "B_ctp_2": 0.0033316486600868116, 
        "u_B_ctp_2": 1.5701019259741894e-05, 
        "B_ctg_2": 0.2977830523312312, 
        "u_B_ctg_2": 0.0006594298455786976, 
        "B_cll1221_2": 0.0008111379836564332, 
        "u_B_cll1221_2": 1.3870457773295234e-05, 
        "B_cpdc_cdp": -0.001682865154186907, 
        "u_B_cpdc_cdp": 5.56808617804149e-06, 
        "B_cpdc_c3pl1": 0.0008675616745910384, 
        "u_B_cpdc_c3pl1": 5.303414688628387e-06, 
        "B_cpdc_c3pl2": 0.0008675616745910384, 
        "u_B_cpdc_c3pl2": 5.303414688628387e-06, 
        "B_cpdc_ctp": 0.0016790783512665517, 
        "u_B_cpdc_ctp": 5.926807995613613e-06, 
        "B_cpdc_ctg": -0.015702071026503447, 
        "u_B_cpdc_ctg": 2.6849048018357197e-05, 
        "B_cpdc_cll1221": -0.0008243918825654068, 
        "u_B_cpdc_cll1221": 5.56115790805789e-06, 
        "B_cdp_c3pl1": -0.0033146082308183004, 
        "u_B_cdp_c3pl1": 7.613466166719762e-06, 
        "B_cdp_c3pl2": -0.0033146082308183004, 
        "u_B_cdp_c3pl2": 7.613466166719762e-06, 
        "B_cdp_ctp": -0.0066988940224089084, 
        "u_B_cdp_ctp": 5.9325127569895255e-06, 
        "B_cdp_ctg": 0.06280714861434548, 
        "u_B_cdp_ctg": 0.000105656357191096, 
        "B_cdp_cll1221": 0.0032934018342387463, 
        "u_B_cdp_cll1221": 4.808590051296201e-06, 
        "B_c3pl1_c3pl2": 0.0017184613017886229, 
        "u_B_c3pl1_c3pl2": 6.826745014684704e-06, 
        "B_c3pl1_ctp": 0.003371410419310646, 
        "u_B_c3pl1_ctp": 5.314346918871646e-06, 
        "B_c3pl1_ctg": -0.03138293539719642, 
        "u_B_c3pl1_ctg": 5.293471764410296e-05, 
        "B_c3pl1_cll1221": -0.0016446182198235767, 
        "u_B_c3pl1_cll1221": 1.7917405103428676e-06, 
        "B_c3pl2_ctp": 0.003371410419310646, 
        "u_B_c3pl2_ctp": 5.314346918871646e-06, 
        "B_c3pl2_ctg": -0.03138293539719642, 
        "u_B_c3pl2_ctg": 5.293471764410296e-05, 
        "B_c3pl2_cll1221": -0.0016446182198235767, 
        "u_B_c3pl2_cll1221": 1.7917405103428676e-06, 
        "B_ctp_ctg": -0.06316613724423258, 
        "u_B_ctp_ctg": 0.00010571316855335294, 
        "B_ctp_cll1221": -0.0033414945333614084, 
        "u_B_ctp_cll1221": 5.5502359593738316e-06, 
        "B_ctg_cll1221": 0.03139808165635497, 
        "u_B_ctg_cll1221": 5.306630519895823e-05
    }, 
    "200.0": {
        "A_cpdc": -0.027414672376880632, 
        "u_A_cpdc": 2.4924569586757206e-05, 
        "A_cdp": 0.10966043703733866, 
        "u_A_cdp": 9.916505768933061e-05, 
        "A_c3pl1": -0.05483156069746681, 
        "u_A_c3pl1": 4.930234314117846e-05, 
        "A_c3pl2": -0.05483156069746681, 
        "u_A_c3pl2": 4.930234314117846e-05, 
        "A_ctp": -0.1102331260345945, 
        "u_A_ctp": 9.9278101341301e-05, 
        "A_ctg": 1.138067742815632, 
        "u_A_ctg": 0.024158643037377015, 
        "A_cll1221": 0.05483156627825184, 
        "u_A_cll1221": 4.939644553449523e-05, 
        "B_cpdc_2": 0.00011685057003499675, 
        "u_B_cpdc_2": 9.944568542637452e-05, 
        "B_cdp_2": 0.003435407811788058, 
        "u_B_cdp_2": 7.838581252407042e-05, 
        "B_c3pl1_2": 0.0009114347235567158, 
        "u_B_c3pl1_2": 8.95370613077991e-05, 
        "B_c3pl2_2": 0.0009114347235567158, 
        "u_B_c3pl2_2": 8.95370613077991e-05, 
        "B_ctp_2": 0.003318557335024309, 
        "u_B_ctp_2": 9.875670394898976e-05, 
        "B_ctg_2": 0.3700191468361704, 
        "u_B_ctg_2": 0.014645563156371185, 
        "B_cll1221_2": 0.0007244737555896055, 
        "u_B_cll1221_2": 6.884701855680975e-05, 
        "B_cpdc_cdp": -0.001682648855877988, 
        "u_B_cpdc_cdp": 2.1636345222770595e-05, 
        "B_cpdc_c3pl1": 0.0008646944395799689, 
        "u_B_cpdc_c3pl1": 2.962710649229536e-05, 
        "B_cpdc_c3pl2": 0.0008646944395799689, 
        "u_B_cpdc_c3pl2": 2.962710649229536e-05, 
        "B_cpdc_ctp": 0.0017177039430992629, 
        "u_B_cpdc_ctp": 3.146309917598445e-05, 
        "B_cpdc_ctg": -0.017247149903077044, 
        "u_B_cpdc_ctg": 0.0003657462730355318, 
        "B_cpdc_cll1221": -0.0007712139465532685, 
        "u_B_cpdc_cll1221": 2.9627104969916544e-05, 
        "B_cdp_c3pl1": -0.003353612478053434, 
        "u_B_cdp_c3pl1": 3.9192522275989695e-05, 
        "B_cdp_c3pl2": -0.003353612478053434, 
        "u_B_cdp_c3pl2": 3.9192522275989695e-05, 
        "B_cdp_ctp": -0.006695538829478719, 
        "u_B_cdp_ctp": 3.0845566424570774e-05, 
        "B_cdp_ctg": 0.06893017697829266, 
        "u_B_cdp_ctg": 0.0014649725454406095, 
        "B_cdp_cll1221": 0.0033185569443693573, 
        "u_B_cdp_cll1221": 2.1637728146342053e-05, 
        "B_c3pl1_c3pl2": 0.0016826488186727543, 
        "u_B_c3pl1_c3pl2": 3.5880082348344623e-05, 
        "B_c3pl1_ctp": 0.0033769823687773994, 
        "u_B_c3pl1_ctp": 3.3271187123007445e-05, 
        "B_c3pl1_ctg": -0.03450598392369962, 
        "u_B_c3pl1_ctg": 0.000730384045087924, 
        "B_c3pl1_cll1221": -0.0016359086279672545, 
        "u_B_c3pl1_cll1221": 0.0, 
        "B_c3pl2_ctp": 0.0033769823687773994, 
        "u_B_c3pl2_ctp": 3.3271187123007445e-05, 
        "B_c3pl2_ctg": -0.03450598392369962, 
        "u_B_c3pl2_ctg": 0.000730384045087924, 
        "B_c3pl2_cll1221": -0.0016359086279672545, 
        "u_B_c3pl2_cll1221": 0.0, 
        "B_ctp_ctg": -0.06936252039384751, 
        "u_B_ctp_ctg": 0.0014776882751012033, 
        "B_ctp_cll1221": -0.0032718165676376893, 
        "u_B_ctp_cll1221": 2.3371874549554727e-05, 
        "B_ctg_cll1221": 0.034459244291072624, 
        "u_B_ctg_cll1221": 0.0007323570691544377
    }, 
    "300.0": {
        "A_cpdc": -0.027425771628155994, 
        "u_A_cpdc": 4.933778467862005e-05, 
        "A_cdp": 0.10969747298699782, 
        "u_A_cdp": 0.0001932486815978943, 
        "A_c3pl1": -0.05485061163726586, 
        "u_A_c3pl1": 9.562245681807392e-05, 
        "A_c3pl2": -0.05485061163726586, 
        "u_A_c3pl2": 9.562245681807392e-05, 
        "A_ctp": -0.11027332070857537, 
        "u_A_ctp": 0.00019375561350034386, 
        "A_ctg": 1.30442999554972, 
        "u_A_ctg": 0.09412699809839549, 
        "A_cll1221": 0.05484920527944065, 
        "u_A_cll1221": 9.678738740887968e-05, 
        "B_cpdc_2": 0.00028044136901337957, 
        "u_B_cpdc_2": 0.0001801601226536355, 
        "B_cdp_2": 0.0035522583629622752, 
        "u_B_cdp_2": 0.0001223949466842055, 
        "B_c3pl1_2": 0.0009348047814460689, 
        "u_B_c3pl1_2": 0.00012239478317379237, 
        "B_c3pl2_2": 0.0009348047814460689, 
        "u_B_c3pl2_2": 0.00012239478317379237, 
        "B_ctp_2": 0.0035522583629622752, 
        "u_B_ctp_2": 0.0001223949466842055, 
        "B_ctg_2": 0.49348346029477413, 
        "u_B_ctg_2": 0.07028795795039526, 
        "B_cll1221_2": 0.0008413243245919493, 
        "u_B_cll1221_2": 0.00017309226726073358, 
        "B_cpdc_cdp": -0.0016826489488910717, 
        "u_B_cpdc_cdp": 4.327231770756779e-05, 
        "B_cpdc_c3pl1": 0.0008880645163301019, 
        "u_B_cpdc_c3pl1": 5.5865585913359925e-05,