{
    "0.0": {
        "A_cpg": 24.58018881025442, 
        "u_A_cpg": 0.013088504911182401, 
        "B_cpg_2": -2.8805030406526495e-05, 
        "u_B_cpg_2": 1.8003142530364782e-06
    }, 
    "45.0": {
        "A_cpg": 24.580768379164866, 
        "u_A_cpg": 0.013659038772557688, 
        "B_cpg_2": -2.4900444363429193e-05, 
        "u_B_cpg_2": 1.754074739894225e-06
    }, 
    "80.0": {
        "A_cpg": 24.737319702892595, 
        "u_A_cpg": 0.048160256912014046, 
        "B_cpg_2": -8.3949965917328e-06, 
        "u_B_cpg_2": 3.50016301605949e-06
    }, 
    "120.0": {
        "A_cpg": 24.698467212811824, 
        "u_A_cpg": 0.2404972560126738, 
        "B_cpg_2": 3.5316483076396308e-06, 
        "u_B_cpg_2": 7.639458222625687e-06
    }, 
    "140.0": {
        "A_cpg": 24.883432181403496, 
        "u_A_cpg": 0.19437427226549492, 
        "B_cpg_2": 1.1225373591820313e-05, 
        "u_B_cpg_2": 7.327122491511689e-06
    }, 
    "170.0": {
        "A_cpg": 25.286180717468767, 
        "u_A_cpg": 0.28755350719657313, 
        "B_cpg_2": 5.152014505419151e-06, 
        "u_B_cpg_2": 1.0083559403752446e-05
    }, 
    "200.0": {
        "A_cpg": 27.039232829536882, 
        "u_A_cpg": 0.3717970224610762, 
        "B_cpg_2": 1.4212417125913143e-06, 
        "u_B_cpg_2": 7.585382370016788e-06
    }, 
    "350.0": {
        "A_cpg": 28.546026741578938, 
        "u_A_cpg": 1.476931430522201, 
        "B_cpg_2": 9.912235198081599e-07, 
        "u_B_cpg_2": 1.973224579163863e-05
    }, 
    "450.0": {
        "A_cpg": 32.97534800611046, 
        "u_A_cpg": 6.013764392850741, 
        "B_cpg_2": -1.3546766232479228e-05, 
        "u_B_cpg_2": 3.5006741302435584e-05
    }
}