{
    "0.9": {
        "A_chl3": -0.12124844644900659, 
        "u_A_chl3": 7.580242603355727e-06, 
        "A_chbox": 0.12124767969898062, 
        "u_A_chbox": 1.074404498670176e-05, 
        "A_cll1": 0.06062331906944815, 
        "u_A_cll1": 5.368453069837153e-06, 
        "A_chdd": -0.03031232922372102, 
        "u_A_chdd": 2.7008042982975836e-06, 
        "A_chg": 15.374739101291361, 
        "u_A_chg": 0.014556679802903828, 
        "A_ctgre": -0.94778415414007, 
        "u_A_ctgre": 0.0011219472028188885, 
        "A_cthre": -0.12188047373339483, 
        "u_A_cthre": 1.0785591911116174e-05, 
        "B_chl3_2": 0.0037098984816824896, 
        "u_B_chl3_2": 9.88342489087234e-06, 
        "B_chl3_cll1": -0.0036887172279394514, 
        "u_B_chl3_cll1": 2.286588269700995e-06, 
        "B_chl3_ctgre": 0.05749390230545051, 
        "u_B_chl3_ctgre": 4.821122941627226e-05, 
        "B_chl3_cthre": 0.007327484324781575, 
        "u_B_chl3_cthre": 3.486545702699948e-06, 
        "B_chbox_2": 0.0037231763920361574, 
        "u_B_chbox_2": 7.1808103692677596e-06, 
        "B_chbox_chl3": -0.00741189360392361, 
        "u_B_chbox_chl3": 4.19829944838735e-06, 
        "B_chbox_cll1": 0.003674807044801002, 
        "u_B_chbox_cll1": 2.5985857296393835e-06, 
        "B_chbox_chg": 1.101605421199986, 
        "u_B_chbox_chg": 0.0011125014694326472, 
        "B_chbox_ctgre": -0.05744920171169788, 
        "u_B_chbox_ctgre": 6.805062255358476e-05, 
        "B_chbox_cthre": -0.007393557475312011, 
        "u_B_chbox_cthre": 2.8020946788887428e-06, 
        "B_cll1_2": 0.000983036126436808, 
        "u_B_cll1_2": 6.731232765212728e-06, 
        "B_chdd_2": 0.00025970871423158597, 
        "u_B_chdd_2": 7.23819513981277e-06, 
        "B_chdd_chl3": 0.001783975851939364, 
        "u_B_chdd_chl3": 3.7716255393934985e-06, 
        "B_chdd_chbox": -0.0018497329644820905, 
        "u_B_chdd_chbox": 2.4406970670730285e-06, 
        "B_chdd_cll1": -0.0009300037357741377, 
        "u_B_chdd_cll1": 2.644307553182155e-06, 
        "B_chdd_chg": -0.2754012944706596, 
        "u_B_chdd_chg": 0.00027813251986567015, 
        "B_chdd_ctgre": 0.014364360645422718, 
        "u_B_chdd_ctgre": 1.710566494894393e-05, 
        "B_chdd_cthre": 0.0018651447791230677, 
        "u_B_chdd_cthre": 2.535044276725016e-06, 
        "B_chg_2": 177.1294122755009, 
        "u_B_chg_2": 0.3118906261980659, 
        "B_chg_chl3": -1.1016053106011914, 
        "u_B_chg_chl3": 0.0007866549573047086, 
        "B_chg_cll1": 0.5508028132988734, 
        "u_B_chg_cll1": 0.0005562463036899148, 
        "B_chg_ctgre": -8.682281642886112, 
        "u_B_chg_ctgre": 0.029411445663399177, 
        "B_chg_cthre": -1.1073518448755608, 
        "u_B_chg_cthre": 0.0011183047111669273, 
        "B_ctgre_2": 0.22657649442456007, 
        "u_B_ctgre_2": 0.0007144956263155498, 
        "B_ctgre_cll1": -0.028731120901195704, 
        "u_B_ctgre_cll1": 3.408703036825372e-05, 
        "B_cthre_2": 0.003702943464047464, 
        "u_B_cthre_2": 6.751655911485313e-06, 
        "B_cthre_cll1": -0.003699228798275729, 
        "u_B_cthre_cll1": 2.713805215481414e-06, 
        "B_cthre_ctgre": 0.05776301060812067, 
        "u_B_cthre_ctgre": 6.832840891134402e-05
    }, 
    "1.7": {
        "A_chl3": -0.12124850583402062, 
        "u_A_chl3": 1.933524782409966e-05, 
        "A_chbox": 0.12124777784392667, 
        "u_A_chbox": 2.7349244080735965e-05, 
        "A_cll1": 0.060623302157047476, 
        "u_A_cll1": 1.3673530032270333e-05, 
        "A_chdd": -0.030312424448158227, 
        "u_A_chdd": 6.839685858122829e-06, 
        "A_chg": 15.391266015694063, 
        "u_A_chg": 0.012015879201909517, 
        "A_ctgre": -0.9456274285924676, 
        "u_A_ctgre": 0.0008181102332648371, 
        "A_cthre": -0.12188043068965596, 
        "u_A_cthre": 2.7491019717775652e-05, 
        "B_chl3_2": 0.0037151093935727975, 
        "u_B_chl3_2": 7.023081198700499e-06, 
        "B_chl3_cll1": -0.003690759789460771, 
        "u_B_chl3_cll1": 1.7337708960668687e-06, 
        "B_chl3_ctgre": 0.05736053619917297, 
        "u_B_chl3_ctgre": 3.509535251118902e-05, 
        "B_chl3_cthre": 0.0073280998490504465, 
        "u_B_chl3_cthre": 2.7861825305676205e-06, 
        "B_chbox_2": 0.0037143621145923145, 
        "u_B_chbox_2": 5.1749883794733736e-06, 
        "B_chbox_chl3": -0.0074051219147055584, 
        "u_B_chbox_chl3": 3.190778839235063e-06, 
        "B_chbox_cll1": 0.003670855300344317, 
        "u_B_chbox_cll1": 2.00006873883715e-06, 
        "B_chbox_chg": 1.0999607034283083, 
        "u_B_chbox_chg": 0.0008350569917133848, 
        "B_chbox_ctgre": -0.0573164284328888, 
        "u_B_chbox_ctgre": 4.9616800587171515e-05, 
        "B_chbox_cthre": -0.007397765694113959, 
        "u_B_chbox_cthre": 2.53942852579246e-06, 
        "B_cll1_2": 0.0009872813983182562, 
        "u_B_cll1_2": 4.706832772827594e-06, 
        "B_chdd_2": 0.00026812135610868645, 
        "u_B_chdd_2": 5.059781784589225e-06, 
        "B_chdd_chl3": 0.0017923535554091054, 
        "u_B_chdd_chl3": 2.675756885671727e-06, 
        "B_chdd_chbox": -0.0018484088565576832, 
        "u_B_chdd_chbox": 1.7730171456178354e-06, 
        "B_chdd_cll1": -0.0009312261052517994, 
        "u_B_chdd_cll1": 1.876046095277437e-06, 
        "B_chdd_chg": -0.2749901792005279, 
        "u_B_chdd_chg": 0.00020876400221314631, 
        "B_chdd_ctgre": 0.014329074678130717, 
        "u_B_chdd_ctgre": 1.2473793989628355e-05, 
        "B_chdd_cthre": 0.0018631995854376587, 
        "u_B_chdd_cthre": 1.8371386330542501e-06, 
        "B_chg_2": 177.94210194561828, 
        "u_B_chg_2": 0.43505723342299163, 
        "B_chg_chl3": -1.0999607328506753, 
        "u_B_chg_chl3": 0.0005904737079864622, 
        "B_chg_cll1": 0.5499803370029708, 
        "u_B_chg_cll1": 0.00041752911435784587, 
        "B_chg_ctgre": -8.649400023424537, 
        "u_B_chg_ctgre": 0.018195054893574678, 
        "B_chg_cthre": -1.105698605269407, 
        "u_B_chg_cthre": 0.0008394133167758657, 
        "B_ctgre_2": 0.22541069345638268, 
        "u_B_ctgre_2": 0.0005273418162961838, 
        "B_ctgre_cll1": -0.02866221757843514, 
        "u_B_ctgre_cll1": 2.4857077605315738e-05, 
        "B_cthre_2": 0.003700987538961925, 
        "u_B_cthre_2": 4.832044467841927e-06, 
        "B_cthre_cll1": -0.0036997679851149797, 
        "u_B_cthre_cll1": 2.0787606247440153e-06, 
        "B_cthre_ctgre": 0.05763623176292973, 
        "u_B_cthre_ctgre": 4.9886787656708706e-05
    }, 
    "1.3": {
        "A_chl3": -0.1212485199742437, 
        "u_A_chl3": 7.438103275949551e-06, 
        "A_chbox": 0.12124772375869372, 
        "u_A_chbox": 1.0544939289814655e-05, 
        "A_cll1": 0.06062327117806588, 
        "u_A_cll1": 5.267886922476775e-06, 
        "A_chdd": -0.030312327803030663, 
        "u_A_chdd": 2.6500442966246705e-06, 
        "A_chg": 15.399213281243064, 
        "u_A_chg": 0.015982336160842023, 
        "A_ctgre": -0.9460975139348247, 
        "u_A_ctgre": 0.001353046609098039, 
        "A_cthre": -0.12188044606193763, 
        "u_A_cthre": 1.058874933020307e-05, 
        "B_chl3_2": 0.0037183526357367413, 
        "u_B_chl3_2": 9.856443084750205e-06, 
        "B_chl3_cll1": -0.0036881603539906174, 
        "u_B_chl3_cll1": 2.2643120101859816e-06, 
        "B_chl3_ctgre": 0.05738723195820953, 
        "u_B_chl3_ctgre": 5.8010763322540425e-05, 
        "B_chl3_cthre": 0.007326417321186979, 
        "u_B_chl3_cthre": 3.5183944017370753e-06, 
        "B_chbox_2": 0.003719447770058235, 
        "u_B_chbox_2": 7.168900156524064e-06, 
        "B_chbox_chl3": -0.007407608124048841, 
        "u_B_chbox_chl3": 4.216168308702693e-06, 
        "B_chbox_cll1": 0.0036696225485854453, 
        "u_B_chbox_cll1": 2.5947750917499597e-06, 
        "B_chbox_chg": 1.101296184696669, 
        "u_B_chbox_chg": 0.001120420353512342, 
        "B_chbox_ctgre": -0.057348002848731705, 
        "u_B_chbox_ctgre": 8.211582934206938e-05,