{
    "450.0": {
        "A_cpg": -5.065387316559213e-09, 
        "u_A_cpg": 1.4582616378784103e-08, 
        "B_cpg_2": -359.1396810129077, 
        "u_B_cpg_2": 56.70733788850001, 
        "B_cpdc_cpg": -0.918252495519982, 
        "u_B_cpdc_cpg": 0.048137824390710994, 
        "B_cdp_cpg": 3.672995521645851, 
        "u_B_cdp_cpg": 0.19255243083836646, 
        "B_cpg_c3pl1": -1.836502857939912, 
        "u_B_cpg_c3pl1": 0.0962761064425939, 
        "B_cpg_c3pl2": -1.836502857939912, 
        "u_B_cpg_c3pl2": 0.0962761064425939, 
        "B_cpg_ctp": -3.692155919241776, 
        "u_B_cpg_ctp": 0.1935573245271008, 
        "B_cpg_ctg": 68.50829641849462, 
        "u_B_cpg_ctg": 8.337716524371453, 
        "B_cpg_cll1221": 1.8364979220456046, 
        "u_B_cpg_cll1221": 0.09627634374644413
    }, 
    "500.0": {
        "A_cpg": 4.5170898141076345e-09, 
        "u_A_cpg": 2.9740010281753063e-08, 
        "B_cpg_2": -546.005781443229, 
        "u_B_cpg_2": 87.52142382420463, 
        "B_cpdc_cpg": -0.9543033095050892, 
        "u_B_cpdc_cpg": 0.03574044966479577, 
        "B_cdp_cpg": 3.8172152564042725, 
        "u_B_cdp_cpg": 0.14295743421492468, 
        "B_cpg_c3pl1": -1.9086014102774926, 
        "u_B_cpg_c3pl1": 0.07148001799270473, 
        "B_cpg_c3pl2": -1.9086014102774926, 
        "u_B_cpg_c3pl2": 0.07148001799270473, 
        "B_cpg_ctp": -3.837135012815348, 
        "u_B_cpg_ctp": 0.1437056212803583, 
        "B_cpg_ctg": 72.72887168340495, 
        "u_B_cpg_ctg": 4.621311055373941, 
        "B_cpg_cll1221": 1.9086093535948383, 
        "u_B_cpg_cll1221": 0.0714793040948194
    }, 
    "550.0": {
        "A_cpg": -5.318651009254405e-08, 
        "u_A_cpg": 3.5210579262525386e-08, 
        "B_cpg_2": -529.0382522469782, 
        "u_B_cpg_2": 81.09938339351264, 
        "B_cpdc_cpg": -0.8583464516407104, 
        "u_B_cpdc_cpg": 0.036385048497384165, 
        "B_cdp_cpg": 3.433417145771169, 
        "u_B_cdp_cpg": 0.14555036481850467, 
        "B_cpg_c3pl1": -1.7167111338458219, 
        "u_B_cpg_c3pl1": 0.07277521068115025, 
        "B_cpg_c3pl2": -1.7167111338458219, 
        "u_B_cpg_c3pl2": 0.07277521068115025, 
        "B_cpg_ctp": -3.4513238138113165, 
        "u_B_cpg_ctp": 0.1463059334435623, 
        "B_cpg_ctg": 59.40176092034621, 
        "u_B_cpg_ctg": 4.7689758227646974, 
        "B_cpg_cll1221": 1.7166998482583355, 
        "u_B_cpg_cll1221": 0.07277613821578524
    }, 
    "600.0": {
        "A_cpg": 1.0637302539382076e-07, 
        "u_A_cpg": 2.5072371420807715e-08, 
        "B_cpg_2": -1024.9202471314447, 
        "u_B_cpg_2": 13.335533611584294, 
        "B_cpdc_cpg": -1.1878676361139733, 
        "u_B_cpdc_cpg": 0.12786900782066615, 
        "B_cdp_cpg": 4.751523152656022, 
        "u_B_cdp_cpg": 0.5114628125679115, 
        "B_cpg_c3pl1": -2.3757352722279466, 
        "u_B_cpg_c3pl1": 0.25573721997535603, 
        "B_cpg_c3pl2": -2.3757352722279466, 
        "u_B_cpg_c3pl2": 0.25573721997535603, 
        "B_cpg_ctp": -4.7762906765779585, 
        "u_B_cpg_ctp": 0.514133374595037, 
        "B_cpg_ctg": 132.95805845554796, 
        "u_B_cpg_ctg": 21.014681733380822, 
        "B_cpg_cll1221": 2.375770691610211, 
        "u_B_cpg_cll1221": 0.25573846411578005
    }, 
    "675.0": {
        "A_cpg": -8.273457588505313e-07, 
        "u_A_cpg": 2.553244770387021e-07, 
        "B_cpg_2": -2429.4314029902444, 
        "u_B_cpg_2": 479.53247835261897, 
        "B_cpdc_cpg": -1.2335963157353407, 
        "u_B_cpdc_cpg": 0.012892436324068132, 
        "B_cdp_cpg": 4.93410103976113, 
        "u_B_cdp_cpg": 0.05147749840117064, 
        "B_cpg_c3pl1": -2.4670624131535317, 
        "u_B_cpg_c3pl1": 0.02573500997529955, 
        "B_cpg_c3pl2": -2.4670624131535317, 
        "u_B_cpg_c3pl2": 0.02573500997529955, 
        "B_cpg_ctp": -4.959878884199728, 
        "u_B_cpg_ctp": 0.05176468925457134, 
        "B_cpg_ctg": 127.79986783904292, 
        "u_B_cpg_ctg": 9.619836277183262, 
        "B_cpg_cll1221": 2.4670388002320216, 
        "u_B_cpg_cll1221": 0.025739867064751606
    }
}