{
    "600.0": {
        "A_chl3": -0.12125029358336377, 
        "u_A_chl3": 0.00014321599040684465, 
        "A_chbox": 0.12124757234089634, 
        "u_A_chbox": 0.0002010187946613216, 
        "A_cll1": 0.06062424314157357, 
        "u_A_cll1": 9.925526323704354e-05, 
        "A_chdd": -0.030311670774946866, 
        "u_A_chdd": 5.015710908416673e-05, 
        "A_chg": 81.08618968562728, 
        "u_A_chg": 3.2227201885554977, 
        "A_ctgre": -2.1968641694105164, 
        "u_A_ctgre": 0.28246014130304, 
        "A_cthre": -0.12187829541536514, 
        "u_A_cthre": 0.00020308623854136803, 
        "B_chl3_2": 0.003885531903068602, 
        "u_B_chl3_2": 0.00029626941935623685, 
        "B_chl3_cll1": -0.003795171132598817, 
        "u_B_chl3_cll1": 0.00011066866195844835, 
        "B_chl3_ctgre": 0.13321665139641609, 
        "u_B_chl3_ctgre": 0.012065107190489302, 
        "B_chl3_cthre": 0.007409620065560947, 
        "u_B_chl3_cthre": 0.00011066392999070049, 
        "B_chbox_2": 0.0037951711325988177, 
        "u_B_chbox_2": 0.0002996936413659144, 
        "B_chbox_chl3": -0.0075903422651976355, 
        "u_B_chbox_chl3": 0.00012778658968917494, 
        "B_chbox_cll1": 0.0037048100327804734, 
        "u_B_chbox_cll1": 7.825121532917767e-05, 
        "B_chbox_chg": 8.631007137600799, 
        "u_B_chbox_chg": 0.007104392718642919, 
        "B_chbox_ctgre": -0.1330683003797571, 
        "u_B_chbox_ctgre": 0.017100146626816515, 
        "B_chbox_cthre": -0.007409619653875248, 
        "u_B_chbox_cthre": 9.035842654356177e-05, 
        "B_cll1_2": 0.000903612089150538, 
        "u_B_cll1_2": 0.00015651032087024607, 
        "B_chdd_2": 0.0001807224303487867, 
        "u_B_chdd_2": 0.00015651022363251082, 
        "B_chdd_chl3": 0.0018072245488182047, 
        "u_B_chdd_chl3": 0.00012778946653860477, 
        "B_chdd_chbox": -0.001807224466481065, 
        "u_B_chdd_chbox": 0.0, 
        "B_chdd_cll1": -0.0009036122744091024, 
        "u_B_chdd_cll1": 9.036079835365883e-05, 
        "B_chdd_chg": -2.157748490914611, 
        "u_B_chdd_chg": 0.0, 
        "B_chdd_ctgre": 0.033378338357433535, 
        "u_B_chdd_ctgre": 0.0042976156108085715, 
        "B_chdd_cthre": 0.001807224466481065, 
        "u_B_chdd_cthre": 0.0, 
        "B_chg_2": 2077.2757464679144, 
        "u_B_chg_2": 365.120756247089, 
        "B_chg_chl3": -8.631005490858003, 
        "u_B_chg_chl3": 0.0, 
        "B_chg_cll1": 4.315507685657385, 
        "u_B_chg_cll1": 0.0009018736114574273, 
        "B_chg_ctgre": -212.98750629233362, 
        "u_B_chg_ctgre": 0.10978492668519592, 
        "B_chg_cthre": -8.676029085594603, 
        "u_B_chg_cthre": 0.0033099120541145916, 
        "B_ctgre_2": 1.4778416003817592, 
        "u_B_ctgre_2": 0.3476291548198558, 
        "B_ctgre_cll1": -0.06660832569820806, 
        "u_B_ctgre_cll1": 0.008564147387139205, 
        "B_cthre_2": 0.003433726527482594, 
        "u_B_cthre_2": 0.0002996932794715815, 
        "B_cthre_cll1": -0.0037048100327804734, 
        "u_B_cthre_cll1": 7.825121532917767e-05, 
        "B_cthre_ctgre": 0.13395840985908236, 
        "u_B_cthre_ctgre": 0.017201483176418713
    }, 
    "675.0": {
        "A_chl3": -0.1212510829712092, 
        "u_A_chl3": 0.00023414872105601586, 
        "A_chbox": 0.1212456534281875, 
        "u_A_chbox": 0.0003271767317832628, 
        "A_cll1": 0.0606219217902568, 
        "u_A_cll1": 0.00016546530673346838, 
        "A_chdd": -0.03031729639265202, 
        "u_A_chdd": 8.242127677862602e-05, 
        "A_chg": 86.49055809051207, 
        "u_A_chg": 4.2957720615318395, 
        "A_ctgre": -2.538432902169375, 
        "u_A_ctgre": 0.3509024053736214, 
        "A_cthre": -0.12188270744142163, 
        "u_A_cthre": 0.00032843675591061734, 
        "B_chl3_2": 0.0039814975850489265, 
        "u_B_chl3_2": 0.00025594062196648116, 
        "B_chl3_cll1": -0.0036195436339226473, 
        "u_B_chl3_cll1": 0.0, 
        "B_chl3_ctgre": 0.1539053330429897, 
        "u_B_chl3_ctgre": 0.014977786177855142, 
        "B_chl3_cthre": 0.0072390872678452945, 
        "u_B_chl3_cthre": 0.0, 
        "B_chbox_2": 0.003981497914861715, 
        "u_B_chbox_2": 0.00018097476754794944, 
        "B_chbox_chl3": -0.0076010411365183776, 
        "u_B_chbox_chl3": 0.0001279667096668826, 
        "B_chbox_cll1": 0.0036195436339226473, 
        "u_B_chbox_cll1": 0.0, 
        "B_chbox_chg": 5.294582969250935, 
        "u_B_chbox_chg": 1.2013578690773268, 
        "B_chbox_ctgre": -0.15390532965885517, 
        "u_B_chbox_ctgre": 0.021288038735827734, 
        "B_chbox_cthre": -0.007510552463217113, 
        "u_B_chbox_cthre": 7.836076498877991e-05, 
        "B_cll1_2": 0.0010858628840438016, 
        "u_B_cll1_2": 0.00018097732589507576, 
        "B_chdd_2": 0.0007239086443313324, 
        "u_B_chdd_2": 8.749211848603147e-08, 
        "B_chdd_chl3": 0.0019907492047904485, 
        "u_B_chdd_chl3": 0.00011082424651463654, 
        "B_chdd_chbox": -0.0018097718169613236, 
        "u_B_chdd_chbox": 0.0, 
        "B_chdd_cll1": -0.0009048859497072603, 
        "u_B_chdd_cll1": 9.04881652786601e-05, 
        "B_chdd_chg": -1.3236605509069128, 
        "u_B_chdd_chg": 0.3003441809236526, 
        "B_chdd_ctgre": 0.038402052353230944, 
        "u_B_chdd_ctgre": 0.005285151895175029, 
        "B_chdd_cthre": 0.0018097718169613236, 
        "u_B_chdd_cthre": 0.0, 
        "B_chg_2": 3267.0378392293906, 
        "u_B_chg_2": 408.50545534358804, 
        "B_chg_chl3": -5.29459517232409, 
        "u_B_chg_chl3": 0.8494914062001895, 
        "B_chg_cll1": 2.64728538308889, 
        "u_B_chg_cll1": 0.6006771765794369, 
        "B_chg_ctgre": -93.29447666593904, 
        "u_B_chg_ctgre": 30.67834061292137, 
        "B_chg_cthre": -5.322206274399705, 
        "u_B_chg_cthre": 1.2076237920410111, 
        "B_ctgre_2": 1.7517399815302765, 
        "u_B_ctgre_2": 0.47678148020764466, 
        "B_ctgre_cll1": -0.07702695165917954, 
        "u_B_ctgre_cll1": 0.01067461854145602, 
        "B_cthre_2": 0.003981497914861715, 
        "u_B_cthre_2": 0.00018097476754794944, 
        "B_cthre_cll1": -0.0037100321010909176, 
        "u_B_cthre_cll1": 7.836151334397698e-05, 
        "B_cthre_ctgre": 0.15472239510656094, 
        "u_B_cthre_ctgre": 0.021384075604045535
    }, 
    "800.0": {
        "A_chl3": -0.12124601045367138, 
        "u_A_chl3": 0.0, 
        "A_chbox": 0.12124961860810039, 
        "u_A_chbox": 0.0001105698490197677, 
        "A_cll1": 0.060619355503807267, 
        "u_A_cll1": 8.63084255353874e-06, 
        "A_chdd": -0.030316977197960476, 
        "u_A_chdd": 1.3342419641581243e-05, 
        "A_chg": 121.10454478068993, 
        "u_A_chg": 8.477103148197012, 
        "A_ctgre": -2.0409679233550357, 
        "u_A_ctgre": 0.0, 
        "A_cthre": -0.12187372955968045, 
        "u_A_cthre": 6.308437279846111e-05, 
        "B_chl3_2": 0.0036495693908786845, 
        "u_B_chl3_2": 1.1537082350825e-06, 
        "B_chl3_cll1": -0.0036495700559762757, 
        "u_B_chl3_cll1": 0.0, 
        "B_chl3_ctgre": 0.12402582124267514, 
        "u_B_chl3_ctgre": 3.2387267340723676e-05, 
        "B_chl3_cthre": 0.008029053125501421, 
        "u_B_chl3_cthre": 0.0, 
        "B_chbox_2": 0.0036495700559762757, 
        "u_B_chbox_2": 0.0, 
        "B_chbox_chl3": -0.007299140111952551, 
        "u_B_chbox_chl3": 0.0, 
        "B_chbox_cll1": 0.0036495700559762757, 
        "u_B_chbox_cll1": 0.0, 
        "B_chbox_chg": 10.008305406162625, 
        "u_B_chbox_chg": 0.27435266234855665, 
        "B_chbox_ctgre": -0.12342666479591166, 
        "u_B_chbox_ctgre": 5.157669668608428e-05, 
        "B_chbox_cthre": -0.007299139280580563, 
        "u_B_chbox_cthre": 0.0, 
        "B_cll1_2": 0.001459827689841715, 
        "u_B_cll1_2": 7.810136963147219e-07, 
        "B_chdd_2": 0.0007299139280580563, 
        "u_B_chdd_2": 0.0, 
        "B_chdd_chl3": 0.0021897423661345603, 
        "u_B_chdd_chl3": 0.0,