{
    "450.0": {
        "A_cpdc": -0.030310661017414708, 
        "u_A_cpdc": 2.970634173984525e-05, 
        "A_cdp": 0.12124716392902266, 
        "u_A_cdp": 0.00011797273057843019, 
        "A_c3pl1": -0.06062282796791736, 
        "u_A_c3pl1": 5.850713379331476e-05, 
        "A_c3pl2": -0.06062282796791736, 
        "u_A_c3pl2": 5.850713379331476e-05, 
        "A_ctp": -0.12188260863593911, 
        "u_A_ctp": 0.00011880050338545746, 
        "A_ctg": 2.11017627588859, 
        "u_A_ctg": 0.18690905649589926, 
        "A_cll1221": 0.06062403312640771, 
        "u_A_cll1221": 5.8738146177783296e-05, 
        "B_cpdc_2": 0.00012057945095111744, 
        "u_B_cpdc_2": 0.0001154460409494653, 
        "B_cdp_2": 0.003798253103883974, 
        "u_B_cdp_2": 0.00012428938711090635, 
        "B_c3pl1_2": 0.0007837663785096096, 
        "u_B_c3pl1_2": 0.00015855934247183516, 
        "B_c3pl2_2": 0.0007837663785096096, 
        "u_B_c3pl2_2": 0.00015855934247183516, 
        "B_ctp_2": 0.003918832472669339, 
        "u_B_ctp_2": 0.0001585585992692994, 
        "B_ctg_2": 1.2508310512003513, 
        "u_B_ctg_2": 0.2482352792938887, 
        "B_cll1221_2": 0.0009043458289842331, 
        "u_B_cll1221_2": 0.00012429051298315548, 
        "B_cpdc_cdp": -0.0018991263802669884, 
        "u_B_cpdc_cdp": 6.214518765930283e-05, 
        "B_cpdc_c3pl1": 0.0009344909149590722, 
        "u_B_cpdc_c3pl1": 5.148184457155557e-05, 
        "B_cpdc_c3pl2": 0.0009344909149590722, 
        "u_B_cpdc_c3pl2": 5.148184457155557e-05, 
        "B_cpdc_ctp": 0.0018086918365104647, 
        "u_B_cpdc_ctp": 6.028957045876026e-05, 
        "B_cpdc_ctg": -0.03201384661868921, 
        "u_B_cpdc_ctg": 0.0028202772217050366, 
        "B_cpdc_cll1221": -0.0009344909149590724, 
        "u_B_cpdc_cll1221": 5.1481853731227955e-05, 
        "B_cdp_c3pl1": -0.0037078183541174527, 
        "u_B_cdp_c3pl1": 6.21439474899866e-05, 
        "B_cdp_c3pl2": -0.0037078183541174527, 
        "u_B_cdp_c3pl2": 6.21439474899866e-05, 
        "B_cdp_ctp": -0.007475926220952588, 
        "u_B_cdp_ctp": 4.9224626607207814e-05, 
        "B_cdp_ctg": 0.12781421331648624, 
        "u_B_cdp_ctg": 0.011331133818987545, 
        "B_cdp_cll1221": 0.00364752870405977, 
        "u_B_cdp_cll1221": 5.148026211192538e-05, 
        "B_c3pl1_c3pl2": 0.0018991263802669884, 
        "u_B_c3pl1_c3pl2": 6.214518765930319e-05, 
        "B_c3pl1_ctp": 0.0036776735977586106, 
        "u_B_c3pl1_ctp": 3.891401032704157e-05, 
        "B_c3pl1_ctg": -0.06402768774377848, 
        "u_B_c3pl1_ctg": 0.005664188315922582, 
        "B_c3pl1_cll1221": -0.0018086919738504639, 
        "u_B_c3pl1_cll1221": 0.0, 
        "B_c3pl2_ctp": 0.0036776735977586106, 
        "u_B_c3pl2_ctp": 3.891401032704157e-05, 
        "B_c3pl2_ctg": -0.06402768774377848, 
        "u_B_c3pl2_ctg": 0.005664188315922582, 
        "B_c3pl2_cll1221": -0.0018086919738504639, 
        "u_B_c3pl2_cll1221": 0.0, 
        "B_ctp_ctg": -0.12865828434873366, 
        "u_B_ctp_ctg": 0.011401952502687206, 
        "B_ctp_cll1221": -0.0036776735290886117, 
        "u_B_ctp_cll1221": 5.772148362071986e-05, 
        "B_ctg_cll1221": 0.06387696396198428, 
        "u_B_ctg_cll1221": 0.005674840768091761
    }, 
    "500.0": {
        "A_cpdc": -0.030308386964866044, 
        "u_A_cpdc": 2.628097282911502e-05, 
        "A_cdp": 0.12124986477012907, 
        "u_A_cdp": 0.00010707128795209883, 
        "A_c3pl1": -0.06062402919840364, 
        "u_A_c3pl1": 5.297895387086912e-05, 
        "A_c3pl2": -0.06062402919840364, 
        "u_A_c3pl2": 5.297895387086912e-05, 
        "A_ctp": -0.12188307967462784, 
        "u_A_ctp": 0.00010700858422652676, 
        "A_ctg": 1.9577946332185439, 
        "u_A_ctg": 0.11988866499722263, 
        "A_cll1221": 0.06062620941821876, 
        "u_A_cll1221": 5.269928025854808e-05, 
        "B_cpdc_2": -0.00014523160566719774, 
        "u_B_cpdc_2": 9.185253487721492e-05, 
        "B_cdp_2": 0.003412942979146314, 
        "u_B_cdp_2": 0.00014703513349458185, 
        "B_c3pl1_2": 0.0008713895267171391, 
        "u_B_c3pl1_2": 0.00022499188957563498, 
        "B_c3pl2_2": 0.0008713895267171391, 
        "u_B_c3pl2_2": 0.00022499188957563498, 
        "B_ctp_2": 0.0039938697446032945, 
        "u_B_ctp_2": 0.0001540405269348549, 
        "B_ctg_2": 1.0864777242078176, 
        "u_B_ctg_2": 0.09630575156608329, 
        "B_cll1221_2": 0.0007261580722225108, 
        "u_B_cll1221_2": 0.0, 
        "B_cpdc_cdp": -0.0017427793038581293, 
        "u_B_cpdc_cdp": 4.5926085894014354e-05, 
        "B_cpdc_c3pl1": 0.0009076977226131805, 
        "u_B_cpdc_c3pl1": 5.7407478482196926e-05, 
        "B_cpdc_c3pl2": 0.0009076977226131805, 
        "u_B_cpdc_c3pl2": 5.7407478482196926e-05, 
        "B_cpdc_ctp": 0.0018517028707771476, 
        "u_B_cpdc_ctp": 0.00010831713930151299, 
        "B_cpdc_ctg": -0.02969986743337179, 
        "u_B_cpdc_ctg": 0.00182899160057361, 
        "B_cpdc_cll1221": -0.0008713896602000046, 
        "u_B_cpdc_cll1221": 5.624793927162573e-05, 
        "B_cdp_c3pl1": -0.0035218669596123377, 
        "u_B_cdp_c3pl1": 7.351539317221335e-05, 
        "B_cdp_c3pl2": -0.0035218669596123377, 
        "u_B_cdp_c3pl2": 7.351539317221335e-05, 
        "B_cdp_ctp": -0.007297888743283583, 
        "u_B_cdp_ctp": 6.182498903640807e-05, 
        "B_cdp_ctg": 0.1187268459166865, 
        "u_B_cdp_ctg": 0.007279886353881153, 
        "B_cdp_cll1221": 0.0037397137626127702, 
        "u_B_cdp_cll1221": 5.261528779335956e-05, 
        "B_c3pl1_c3pl2": 0.0019243190783129005, 
        "u_B_c3pl1_c3pl2": 7.351700003702885e-05, 
        "B_c3pl1_ctp": 0.0036307901956937525, 
        "u_B_c3pl1_ctp": 0.0, 
        "B_c3pl1_ctg": -0.059327114358318965, 
        "u_B_c3pl1_ctg": 0.0036569119563456165, 
        "B_c3pl1_cll1221": -0.0018153951805562774, 
        "u_B_c3pl1_cll1221": 0.0, 
        "B_c3pl2_ctp": 0.0036307901956937525, 
        "u_B_c3pl2_ctp": 0.0, 
        "B_c3pl2_ctg": -0.059327114358318965, 
        "u_B_c3pl2_ctg": 0.0036569119563456165, 
        "B_c3pl2_cll1221": -0.0018153951805562774, 
        "u_B_c3pl2_cll1221": 0.0, 
        "B_ctp_ctg": -0.11934407143974901, 
        "u_B_ctp_ctg": 0.007295459819344007, 
        "B_ctp_cll1221": -0.0037397140934503754, 
        "u_B_ctp_cll1221": 8.967301515495847e-05, 
        "B_ctg_cll1221": 0.0592908065853887, 
        "u_B_ctg_cll1221": 0.003635885543757514
    }, 
    "550.0": {
        "A_cpdc": -0.03031239173305206, 
        "u_A_cpdc": 7.710541198446053e-05, 
        "A_cdp": 0.1212483405942075, 
        "u_A_cdp": 0.0003119718022449367, 
        "A_c3pl1": -0.0606247862157409, 
        "u_A_c3pl1": 0.00015335787369128654, 
        "A_c3pl2": -0.0606247862157409, 
        "u_A_c3pl2": 0.00015335787369128654, 
        "A_ctp": -0.12188323172508911, 
        "u_A_ctp": 0.0003163531656927909, 
        "A_ctg": 2.323294317820616, 
        "u_A_ctg": 0.15019491696355244, 
        "A_cll1221": 0.06062116494411088, 
        "u_A_cll1221": 0.00015330411718186571, 
        "B_cpdc_2": 0.00024140796346212455, 
        "u_B_cpdc_2": 0.0001971087938341173, 
        "B_cdp_2": 0.0036211198500678055, 
        "u_B_cdp_2": 0.0, 
        "B_c3pl1_2": 0.0009656317950398752, 
        "u_B_c3pl1_2": 0.00019710893680396398, 
        "B_c3pl2_2": 0.0009656317950398752, 
        "u_B_c3pl2_2": 0.00019710893680396398, 
        "B_ctp_2": 0.004103935720091376, 
        "u_B_ctp_2": 0.00019710574258628653, 
        "B_ctg_2": 1.381094982352831, 
        "u_B_ctg_2": 0.1754421199860199, 
        "B_cll1221_2": 0.0012070397025552922, 
        "u_B_cll1221_2": 0.00019710908783173199, 
        "B_cpdc_cdp": -0.0018105599250339028, 
        "u_B_cpdc_cdp": 0.0, 
        "B_cpdc_c3pl1": 0.0009656320425071846, 
        "u_B_cpdc_c3pl1": 9.855359548053302e-05, 
        "B_cpdc_c3pl2": 0.0009656320425071846, 
        "u_B_cpdc_c3pl2": 9.855359548053302e-05, 
        "B_cpdc_ctp": 0.0018105599250339028,