{
    "450.0": {
        "A_chl3": -0.07657049840472259, 
        "u_A_chl3": 4.564019786919888e-05, 
        "A_chbox": 0.07657009549392953, 
        "u_A_chbox": 6.3968616362249035e-05, 
        "A_cll1": 0.038285919903293636, 
        "u_A_cll1": 3.2108831892260927e-05, 
        "A_chdd": -0.01914269223810655, 
        "u_A_chdd": 1.5980873654223882e-05, 
        "A_chg": 43.38801725032559, 
        "u_A_chg": 1.3823578255375466, 
        "A_ctgre": -1.2318365262281288, 
        "u_A_ctgre": 0.081165317388072519, 
        "A_cthre": -0.07696950111629214, 
        "u_A_cthre": 6.443128376761068e-05, 
        "B_chl3_2": 0.002279812387811853, 
        "u_B_chl3_2": 7.2404143882151656e-05, 
        "B_chl3_cll1": -0.0022865376859148284, 
        "u_B_chl3_cll1": 0.0, 
        "B_chl3_ctgre": 0.074690840077542842, 
        "u_B_chl3_ctgre": 0.0034775721031292364, 
        "B_chl3_cthre": 0.004680677157179848, 
        "u_B_chl3_cthre": 2.7096766311133214e-05, 
        "B_chbox_2": 0.002394139685742248, 
        "u_B_chbox_2": 5.0536688158921e-05, 
        "B_chbox_chl3": -0.004680677310377868, 
        "u_B_chbox_chl3": 3.5734290792036894e-05, 
        "B_chbox_cll1": 0.0023268884205303085, 
        "u_B_chbox_cll1": 1.4948051809351446e-05, 
        "B_chbox_chg": 3.466894636880002, 
        "u_B_chbox_chg": 0.17059023155451228, 
        "B_chbox_ctgre": -0.07465219612034095, 
        "u_B_chbox_ctgre": 0.0049161912054514062, 
        "B_chbox_cthre": -0.004673951779413901, 
        "u_B_chbox_cthre": 1.9471092408459455e-05, 
        "B_cll1_2": 0.0005111084126873716, 
        "u_B_cll1_2": 5.9439343522309527e-05, 
        "B_chdd_2": 0.00014795242149372856, 
        "u_B_chdd_2": 4.5495116195393792e-05, 
        "B_chdd_chl3": 0.0011701692755071403, 
        "u_B_chdd_chl3": 2.7535754274414435e-05, 
        "B_chdd_chbox": -0.0011836195162936865, 
        "u_B_chdd_chbox": 1.7717898184630909e-05, 
        "B_chdd_cll1": -0.0005581841898840423, 
        "u_B_chdd_cll1": 1.9470727513606668e-05, 
        "B_chdd_chg": -0.8667258502482014, 
        "u_B_chdd_chg": 0.04264821741842361, 
        "B_chdd_ctgre": 0.018686511693163408, 
        "u_B_chdd_ctgre": 0.00122865943531036, 
        "B_chdd_cthre": 0.0011836194396946766, 
        "u_B_chdd_cthre": 2.0109319649774345e-05, 
        "B_chg_2": 659.6207782052883, 
        "u_B_chg_2": 83.115251626042905, 
        "B_chg_chl3": -3.466891689745444, 
        "u_B_chg_chl3": 0.12062581467274278, 
        "B_chg_cll1": 1.7334475923185264, 
        "u_B_chg_cll1": 0.085294808216889673, 
        "B_chg_ctgre": -52.524891130624361, 
        "u_B_chg_ctgre": 5.5351283444080073, 
        "B_chg_cthre": -3.4849820451439606, 
        "u_B_chg_cthre": 0.17148084817396167, 
        "B_ctgre_2": 0.70755379488994652, 
        "u_B_ctgre_2": 0.1039158729344869, 
        "B_ctgre_cll1": -0.037334380057897042, 
        "u_B_ctgre_cll1": 0.0024587276077079785, 
        "B_cthre_2": 0.002273087619774025, 
        "u_B_cthre_2": 4.4549236115818029e-05, 
        "B_cthre_cll1": -0.0023268883898907044, 
        "u_B_cthre_cll1": 1.4948270591554905e-05, 
        "B_cthre_ctgre": 0.075077268457417912, 
        "u_B_cthre_ctgre": 0.0049430988939672847
    }, 
    "650.0": {
        "A_chl3": -0.076469592077565, 
        "u_A_chl3": 8.7825216313848134e-05, 
        "A_chbox": 0.07646798778789773, 
        "u_A_chbox": 0.00012343037049841879, 
        "A_cll1": 0.03823616801897199, 
        "u_A_cll1": 6.1463871451010167e-05, 
        "A_chdd": -0.01911865540746165, 
        "u_A_chdd": 3.0895012958609021e-05, 
        "A_chg": 82.19289672891558, 
        "u_A_chg": 23.495262485958747, 
        "A_ctgre": -1.4953199607793441, 
        "u_A_ctgre": 0.18934264618480562, 
        "A_cthre": -0.07686790907479622, 
        "u_A_cthre": 0.00012410722394234439, 
        "B_chl3_2": 0.0022636720973910488, 
        "u_B_chl3_2": 0.00013889662773410941, 
        "B_chl3_cll1": -0.0022865378084732453, 
        "u_B_chl3_cll1": 0.0, 
        "B_chl3_ctgre": 0.09073088289249405, 
        "u_B_chl3_ctgre": 0.008122063019685823, 
        "B_chl3_cthre": 0.0045730755127718365, 
        "u_B_chl3_cthre": 4.5728617411658799e-05, 
        "B_chbox_2": 0.002515191537233243, 
        "u_B_chbox_2": 9.7008881792323584e-05, 
        "B_chbox_chl3": -0.004801728981095201, 
        "u_B_chbox_chl3": 6.8595473978579614e-05, 
        "B_chbox_cll1": 0.0023322685021379182, 
        "u_B_chbox_cll1": 2.892089262270544e-05, 
        "B_chbox_chg": 5.196322359503853, 
        "u_B_chbox_chg": 0.36775986450174331, 
        "B_chbox_ctgre": -0.090618264826014414, 
        "u_B_chbox_ctgre": 0.011478712090718482, 
        "B_chbox_cthre": -0.004710267489591201, 
        "u_B_chbox_cthre": 3.5421550866518293e-05, 
        "B_cll1_2": 0.00041157673781165913, 
        "u_B_cll1_2": 0.00010122934680912405, 
        "B_chdd_2": 0.0002743845057643933, 
        "u_B_chdd_2": 9.5925640405818911e-05, 
        "B_chdd_chl3": 0.0011432689563239493, 
        "u_B_chdd_chl3": 5.1128283350984673e-05, 
        "B_chdd_chbox": -0.0011661342510689591, 
        "u_B_chdd_chbox": 2.1691446047317476e-05, 
        "B_chdd_cll1": -0.0005259036907401137, 
        "u_B_chdd_cll1": 3.3134975173825667e-05, 
        "B_chdd_chg": -1.2990841839015166, 
        "u_B_chdd_chg": 0.09194125926140688, 
        "B_chdd_ctgre": 0.022654565351373519, 
        "u_B_chdd_ctgre": 0.0028747155604638792, 
        "B_chdd_cthre": 0.0011661341989816318, 
        "u_B_chdd_cthre": 3.8938192690572048e-05, 
        "B_chg_2": 1193.8809707982446, 
        "u_B_chg_2": 171.94192087203061, 
        "B_chg_chl3": -5.196322359503853, 
        "u_B_chg_chl3": 0.26004382473054866, 
        "B_chg_cll1": 2.598154095875474, 
        "u_B_chg_cll1": 0.18388017950689975, 
        "B_chg_ctgre": -123.79873838535298, 
        "u_B_chg_ctgre": 21.550635840777478, 
        "B_chg_cthre": -5.223433500610529, 
        "u_B_chg_cthre": 0.36968203248478698, 
        "B_ctgre_2": 1.058955169073224, 
        "u_B_ctgre_2": 0.21291016179402855, 
        "B_ctgre_cll1": -0.045346671340935375, 
        "u_B_ctgre_cll1": 0.0057434828129620426, 
        "B_cthre_2": 0.0022865378084732453, 
        "u_B_cthre_2": 6.4672134771686317e-05, 
        "B_cthre_cll1": -0.002309403155305581, 
        "u_B_cthre_cll1": 2.1689402738299577e-05, 
        "B_cthre_ctgre": 0.09112503629117677, 
        "u_B_cthre_ctgre": 0.011536188018487017
    }
}