{
    "-3.141593": {
        "A_cpg": 23.79496167095642, 
        "u_A_cpg": 0.019103500599301607, 
        "B_cpg_2": 7.854027351381759e-06, 
        "u_B_cpg_2": 1.133495348469928e-06
    }, 
    "-1.570796": {
        "A_cpg": 23.638755674008372, 
        "u_A_cpg": 0.04528993246992116, 
        "B_cpg_2": -6.459123566352049e-07, 
        "u_B_cpg_2": 5.856309626813411e-06
    }, 
    "0.0": {
        "A_cpg": 23.62500389049641, 
        "u_A_cpg": 0.07612894006096015, 
        "B_cpg_2": 6.80779838176632e-06, 
        "u_B_cpg_2": 5.863892505246604e-06
    }, 
    "1.570796": {
        "A_cpg": 23.808240837484288, 
        "u_A_cpg": 0.019779152792706776, 
        "B_cpg_2": 7.46510261038695e-06, 
        "u_B_cpg_2": 1.1335650805171452e-06
    }
}