{
    "0.0": {
        "A_cpdc": -0.046699306628398524, 
        "u_A_cpdc": 1.1761167604121377e-05, 
        "A_cdp": 0.18679462090543403, 
        "u_A_cdp": 4.7114715905676236e-05, 
        "A_c3pl1": -0.0933983517853152, 
        "u_A_c3pl1": 2.3503590646483137e-05, 
        "A_c3pl2": -0.0933983517853152, 
        "u_A_c3pl2": 2.3503590646483137e-05, 
        "A_ctp": -0.18777052561199142, 
        "u_A_ctp": 4.723267059989347e-05, 
        "A_ctg": 1.775980190043797, 
        "u_A_ctg": 0.004737307165950455, 
        "A_cll1221": 0.09339740345101719, 
        "u_A_cll1221": 2.3556279483182917e-05, 
        "B_cpdc_2": 0.0003816506446097381, 
        "u_B_cpdc_2": 2.5746321759113816e-05, 
        "B_cdp_2": 0.005768252598648893, 
        "u_B_cdp_2": 2.633334342994521e-05, 
        "B_c3pl1_2": 0.001474506599598655, 
        "u_B_c3pl1_2": 2.576470086106937e-05, 
        "B_c3pl2_2": 0.001474506599598655, 
        "u_B_c3pl2_2": 2.576470086106937e-05, 
        "B_ctp_2": 0.00577284338246679, 
        "u_B_ctp_2": 2.7334358226446468e-05, 
        "B_ctg_2": 0.5152808075423253, 
        "u_B_ctg_2": 0.002885554013668425, 
        "B_cll1221_2": 0.0014329890439453443, 
        "u_B_cll1221_2": 2.4839671618333068e-05, 
        "B_cpdc_cdp": -0.002792444256280554, 
        "u_B_cpdc_cdp": 9.151583166290478e-06, 
        "B_cpdc_c3pl1": 0.001421564255995589, 
        "u_B_cpdc_c3pl1": 1.0059409413425886e-05, 
        "B_cpdc_c3pl2": 0.001421564255995589, 
        "u_B_cpdc_c3pl2": 1.0059409413425886e-05, 
        "B_cpdc_ctp": 0.002856744715987423, 
        "u_B_cpdc_ctp": 8.377051193413267e-06, 
        "B_cpdc_ctg": -0.026897126905749108, 
        "u_B_cpdc_ctg": 7.269738365377835e-05, 
        "B_cpdc_cll1221": -0.0013959127294187277, 
        "u_B_cpdc_cll1221": 1.014527948592747e-05, 
        "B_cdp_c3pl1": -0.005696710600014791, 
        "u_B_cdp_c3pl1": 1.1997182166414625e-05, 
        "B_cdp_c3pl2": -0.005696710600014791, 
        "u_B_cdp_c3pl2": 1.1997182166414625e-05, 
        "B_cdp_ctp": -0.011382822519052992, 
        "u_B_cdp_ctp": 1.0291134867400847e-05, 
        "B_cdp_ctg": 0.10764576911863419, 
        "u_B_cdp_ctg": 0.000287190642170911, 
        "B_cdp_cll1221": 0.005679633193838598, 
        "u_B_cdp_cll1221": 1.0175104853878762e-05, 
        "B_c3pl1_c3pl2": 0.0027952457472845316, 
        "u_B_c3pl1_c3pl2": 1.341250986013143e-05, 
        "B_c3pl1_ctp": 0.005704378302962525, 
        "u_B_c3pl1_ctp": 9.383711624082403e-06, 
        "B_c3pl1_ctg": -0.05384443598401223, 
        "u_B_c3pl1_ctg": 0.00014447533794336427, 
        "B_c3pl1_cll1221": -0.002812584279993394, 
        "u_B_c3pl1_cll1221": 4.749089095863083e-06, 
        "B_c3pl2_ctp": 0.005704378302962525, 
        "u_B_c3pl2_ctp": 9.383711624082403e-06, 
        "B_c3pl2_ctg": -0.05384443598401223, 
        "u_B_c3pl2_ctg": 0.00014447533794336427, 
        "B_c3pl2_cll1221": -0.002812584279993394, 
        "u_B_c3pl2_cll1221": 4.749089095863083e-06, 
        "B_ctp_ctg": -0.10821428173233981, 
        "u_B_ctp_ctg": 0.0002887130377039796, 
        "B_ctp_cll1221": -0.005643877389533126, 
        "u_B_ctp_cll1221": 9.214663605851016e-06, 
        "B_ctg_cll1221": 0.05386162852732721, 
        "u_B_ctg_cll1221": 0.00014420029827447544
    }, 
    "1.6": {
        "A_cpdc": -0.046701659937734154, 
        "u_A_cpdc": 2.4302162565122112e-05, 
        "A_cdp": 0.1868078109028674, 
        "u_A_cdp": 9.717052894223529e-05, 
        "A_c3pl1": -0.09340451228384576, 
        "u_A_c3pl1": 4.844467456944149e-05, 
        "A_c3pl2": -0.09340451228384576, 
        "u_A_c3pl2": 4.844467456944149e-05, 
        "A_ctp": -0.1877821531271998, 
        "u_A_ctp": 9.737419685344731e-05, 
        "A_ctg": 1.8139545952260283, 
        "u_A_ctg": 0.013576138874259774, 
        "A_cll1221": 0.09340393781783621, 
        "u_A_cll1221": 4.860248114054927e-05, 
        "B_cpdc_2": 0.00030887469610995993, 
        "u_B_cpdc_2": 5.853476772771576e-05, 
        "B_cdp_2": 0.005647618469815012, 
        "u_B_cdp_2": 5.8587972729921005e-05, 
        "B_c3pl1_2": 0.0014732080849712043, 
        "u_B_c3pl1_2": 5.6740191559024064e-05, 
        "B_c3pl2_2": 0.0014732080849712043, 
        "u_B_c3pl2_2": 5.6740191559024064e-05, 
        "B_ctp_2": 0.0057312892213019564, 
        "u_B_ctp_2": 5.719813275032866e-05, 
        "B_ctg_2": 0.5415930402861268, 
        "u_B_ctg_2": 0.010973960033004427, 
        "B_cll1221_2": 0.0014087264556796233, 
        "u_B_cll1221_2": 4.6232567013789695e-05, 
        "B_cpdc_cdp": -0.0027920564828112712, 
        "u_B_cpdc_cdp": 1.7323931745113044e-05, 
        "B_cpdc_c3pl1": 0.0014473938682437236, 
        "u_B_cpdc_c3pl1": 2.068643570470677e-05, 
        "B_cpdc_c3pl2": 0.0014473938682437236, 
        "u_B_cpdc_c3pl2": 2.068643570470677e-05, 
        "B_cpdc_ctp": 0.002859688956235703, 
        "u_B_cpdc_ctp": 1.7349003739026405e-05, 
        "B_cpdc_ctg": -0.027479413350959807, 
        "u_B_cpdc_ctg": 0.0002057878599372839, 
        "B_cpdc_cll1221": -0.0013961445060397604, 
        "u_B_cpdc_cll1221": 2.120395657326389e-05, 
        "B_cdp_c3pl1": -0.005648339120563335, 
        "u_B_cdp_c3pl1": 2.6490585734342324e-05, 
        "B_cdp_c3pl2": -0.005648339120563335, 
        "u_B_cdp_c3pl2": 2.6490585734342324e-05, 
        "B_cdp_ctp": -0.01137726529640872, 
        "u_B_cdp_ctp": 2.1376397748947273e-05, 
        "B_cdp_ctg": 0.109969010845741, 
        "u_B_cdp_ctg": 0.0008215485953605146, 
        "B_cdp_cll1221": 0.005648230784945121, 
        "u_B_cdp_cll1221": 2.114420076703067e-05, 
        "B_c3pl1_c3pl2": 0.0028207047203314215, 
        "u_B_c3pl1_c3pl2": 3.058295352912971e-05, 
        "B_c3pl1_ctp": 0.0057159262960783655, 
        "u_B_c3pl1_ctp": 2.040243625451085e-05, 
        "B_c3pl1_ctg": -0.05500404283722661, 
        "u_B_c3pl1_ctg": 0.0004144939258094522, 
        "B_c3pl1_cll1221": -0.002824529989529397, 
        "u_B_c3pl1_cll1221": 1.1733127265533885e-05, 
        "B_c3pl2_ctp": 0.0057159262960783655, 
        "u_B_c3pl2_ctp": 2.040243625451085e-05, 
        "B_c3pl2_ctg": -0.05500404283722661, 
        "u_B_c3pl2_ctg": 0.0004144939258094522, 
        "B_c3pl2_cll1221": -0.002824529989529397, 
        "u_B_c3pl2_cll1221": 1.1733127265533885e-05, 
        "B_ctp_ctg": -0.11056736115275871, 
        "u_B_ctp_ctg": 0.0008320059941757136, 
        "B_ctp_cll1221": -0.005677360297322145, 
        "u_B_ctp_cll1221": 1.9863563164490383e-05, 
        "B_ctg_cll1221": 0.05495849331291942, 
        "u_B_ctg_cll1221": 0.0004120501009727685
    }, 
    "3.0": {
        "A_cpdc": -0.04673825594951663, 
        "u_A_cpdc": 4.559649517703061e-05, 
        "A_cdp": 0.1869554642727361, 
        "u_A_cdp": 0.00018296877894430553, 
        "A_c3pl1": -0.09347759091368602, 
        "u_A_c3pl1": 9.158562114275123e-05, 
        "A_c3pl2": -0.09347759091368602, 
        "u_A_c3pl2": 9.158562114275123e-05, 
        "A_ctp": -0.18793085815813562, 
        "u_A_ctp": 0.00018358490193584666, 
        "A_ctg": 1.7857261352105787, 
        "u_A_ctg": 0.00675768963356627, 
        "A_cll1221": 0.09347640464315737, 
        "u_A_cll1221": 9.158798205346581e-05, 
        "B_cpdc_2": 0.0002954384523751172, 
        "u_B_cpdc_2": 8.616127929839998e-05, 
        "B_cdp_2": 0.005617241522444522, 
        "u_B_cdp_2": 8.427723121508617e-05, 
        "B_c3pl1_2": 0.0013981181529422496, 
        "u_B_c3pl1_2": 8.559328660671258e-05, 
        "B_c3pl2_2": 0.0013981181529422496, 
        "u_B_c3pl2_2": 8.559328660671258e-05, 
        "B_ctp_2": 0.005758172515393725, 
        "u_B_ctp_2": 8.268437720374104e-05, 
        "B_ctg_2": 0.5175966947625417, 
        "u_B_ctg_2": 0.003907227400783144, 
        "B_cll1221_2": 0.0015369162139248994, 
        "u_B_cll1221_2": 7.77326965863018e-05, 
        "B_cpdc_cdp": -0.0028086289961552742, 
        "u_B_cpdc_cdp": 3.224592236014409e-05, 
        "B_cpdc_c3pl1": 0.0014127107257352032, 
        "u_B_cpdc_c3pl1": 3.332801826011557e-05,