{
    "0.0": {
        "A_cpg": 9.80607789169733e-09, 
        "u_A_cpg": 8.968631035854873e-10, 
        "B_cpg_2": 232.7023353270498, 
        "u_B_cpg_2": 0.16431594742256167
    }, 
    "45.0": {
        "A_cpg": 7.524054290376557e-09, 
        "u_A_cpg": 8.784204819908353e-10, 
        "B_cpg_2": 232.719708386656, 
        "u_B_cpg_2": 0.1828639550466306
    }, 
    "80.0": {
        "A_cpg": 5.331825453259681e-09, 
        "u_A_cpg": 1.7484826008451734e-09, 
        "B_cpg_2": 235.67853367674329, 
        "u_B_cpg_2": 0.8051616740304491
    }, 
    "120.0": {
        "A_cpg": -9.333053932745666e-10, 
        "u_A_cpg": 3.523437119769136e-09, 
        "B_cpg_2": 239.91092450517178, 
        "u_B_cpg_2": 2.6336529869319714
    }, 
    "140.0": {
        "A_cpg": 5.305190616715943e-09, 
        "u_A_cpg": 4.017278996646666e-09, 
        "B_cpg_2": 246.03489561389256, 
        "u_B_cpg_2": 3.801097215629651
    }, 
    "170.0": {
        "A_cpg": 1.4421107579062684e-08, 
        "u_A_cpg": 4.97059647038022e-09, 
        "B_cpg_2": 261.4454088740144, 
        "u_B_cpg_2": 5.600946548574278
    }, 
    "200.0": {
        "A_cpg": -3.2634619242942867e-09, 
        "u_A_cpg": 4.026198034838494e-09, 
        "B_cpg_2": 313.27176376586016, 
        "u_B_cpg_2": 7.958014789207921
    }, 
    "350.0": {
        "A_cpg": -1.4077656330441896e-08, 
        "u_A_cpg": 1.1619877695626729e-08, 
        "B_cpg_2": 440.5790113829942, 
        "u_B_cpg_2": 21.988452178840436
    }, 
    "450.0": {
        "B_cpg_2": 858.4125557427174, 
        "u_B_cpg_2": 120.74021804851935
    }
}