{
    "450.0": {
        "A_cpg": 43.38801723493103, 
        "u_A_cpg": 1.382357825537539, 
        "B_cpg_2": 4.150270457489722e-05, 
        "u_B_cpg_2": 3.281120322431598e-05
    }, 
    "650.0": {
        "A_cpg": 82.19289695382597, 
        "u_A_cpg": 23.495262485958747, 
        "B_cpg_2": -0.00014720171747880048, 
        "u_B_cpg_2": 8.796985009026309e-05
    }
}