{
    "-3.141593": {
        "A_cpg": 1.3353598412864007e-10, 
        "u_A_cpg": 5.88364919856451e-10, 
        "B_cpg_2": 221.55728623690075, 
        "u_B_cpg_2": 0.41397562508989705
    }, 
    "-1.570796": {
        "A_cpg": -3.052205861951685e-09, 
        "u_A_cpg": 3.114978999836637e-09, 
        "B_cpg_2": 217.38333809938354, 
        "u_B_cpg_2": 0.5661337767112701
    }, 
    "0.0": {
        "A_cpg": 6.005321905223538e-10, 
        "u_A_cpg": 2.9361291990214226e-09, 
        "B_cpg_2": 217.5826991861547, 
        "u_B_cpg_2": 1.0888235693518347
    }, 
    "1.570796": {
        "A_cpg": 8.590647021009963e-10, 
        "u_A_cpg": 5.889298692334096e-10, 
        "B_cpg_2": 221.53894974540367, 
        "u_B_cpg_2": 0.4955675268232427
    }
}