{
    "0.0": {
        "A_cpg": -2.8023190689569642e-09, 
        "u_A_cpg": 8.118375145835802e-10, 
        "B_cpg_2": 241.08764272345005, 
        "u_B_cpg_2": 0.3313024749299962, 
        "B_cpdc_cpg": -0.6865072491903623, 
        "u_B_cpdc_cpg": 9.256505857604899e-05, 
        "B_cdp_cpg": 2.746028374191955, 
        "u_B_cdp_cpg": 0.00037032551898638985, 
        "B_cpg_c3pl1": -1.37301410570886, 
        "u_B_cpg_c3pl1": 0.0001851308507474632, 
        "B_cpg_c3pl2": -1.37301410570886, 
        "u_B_cpg_c3pl2": 0.0001851308507474632, 
        "B_cpg_ctp": -2.7603526746147384, 
        "u_B_cpg_ctp": 0.0003723100958151503, 
        "B_cpg_ctg": 25.8809364446442, 
        "u_B_cpg_ctg": 0.004734175990444341, 
        "B_cpg_cll1221": 1.3730141476609825, 
        "u_B_cpg_cll1221": 0.0001850879223217107
    }, 
    "10.0": {
        "A_cpg": -3.836334532667265e-09, 
        "u_A_cpg": 7.310486586223409e-10, 
        "B_cpg_2": 244.61960654175405, 
        "u_B_cpg_2": 0.5453293478194919, 
        "B_cpdc_cpg": -0.6866128135127482, 
        "u_B_cpdc_cpg": 8.71042263762658e-05, 
        "B_cdp_cpg": 2.746450512725455, 
        "u_B_cdp_cpg": 0.00034843435792633083, 
        "B_cpg_c3pl1": -1.3732253107778152, 
        "u_B_cpg_c3pl1": 0.00017415778697924783, 
        "B_cpg_c3pl2": -1.3732253107778152, 
        "u_B_cpg_c3pl2": 0.00017415778697924783, 
        "B_cpg_ctp": -2.760777179277851, 
        "u_B_cpg_ctp": 0.00035017531184156016, 
        "B_cpg_ctg": 25.88624495335745, 
        "u_B_cpg_ctg": 0.004802090728151896, 
        "B_cpg_cll1221": 1.3732251635369919, 
        "u_B_cpg_cll1221": 0.00017419974990146608
    }, 
    "20.0": {
        "A_cpg": -3.0162892747909734e-09, 
        "u_A_cpg": 8.574483477826807e-10, 
        "B_cpg_2": 254.09554147197724, 
        "u_B_cpg_2": 1.0474894497354525, 
        "B_cpdc_cpg": -0.6865656494496535, 
        "u_B_cpdc_cpg": 0.00011796983980526403, 
        "B_cdp_cpg": 2.746262079593298, 
        "u_B_cdp_cpg": 0.0004718779068952203, 
        "B_cpg_c3pl1": -1.373130943222023, 
        "u_B_cpg_c3pl1": 0.00023597069173692434, 
        "B_cpg_c3pl2": -1.373130943222023, 
        "u_B_cpg_c3pl2": 0.00023597069173692434, 
        "B_cpg_ctp": -2.7605876300028203, 
        "u_B_cpg_ctp": 0.0004743148734384926, 
        "B_cpg_ctg": 25.884551268288153, 
        "u_B_cpg_ctg": 0.00648849510205848, 
        "B_cpg_cll1221": 1.373131044507607, 
        "u_B_cpg_cll1221": 0.00023590188962586205
    }, 
    "30.0": {
        "A_cpg": -3.91451440527058e-09, 
        "u_A_cpg": 9.292171519381733e-10, 
        "B_cpg_2": 278.28131557595395, 
        "u_B_cpg_2": 1.4427186898068862, 
        "B_cpdc_cpg": -0.6871524384473823, 
        "u_B_cpdc_cpg": 0.00023240878549710356, 
        "B_cdp_cpg": 2.7486088077031443, 
        "u_B_cdp_cpg": 0.0009296863662590115, 
        "B_cpg_c3pl1": -1.3743044575563212, 
        "u_B_cpg_c3pl1": 0.0004648494474883803, 
        "B_cpg_c3pl2": -1.3743044575563212, 
        "u_B_cpg_c3pl2": 0.0004648494474883803, 
        "B_cpg_ctp": -2.762946813061693, 
        "u_B_cpg_ctp": 0.0009345442658575025, 
        "B_cpg_ctg": 25.92347692362979, 
        "u_B_cpg_ctg": 0.014806472516279114, 
        "B_cpg_cll1221": 1.3743043023275285, 
        "u_B_cpg_cll1221": 0.000464848997023861
    }, 
    "45.0": {
        "A_cpg": -7.706925044674414e-10, 
        "u_A_cpg": 1.3384720337935109e-09, 
        "B_cpg_2": 331.9243940474048, 
        "u_B_cpg_2": 2.1234941618996084, 
        "B_cpdc_cpg": -0.6882480887193335, 
        "u_B_cpdc_cpg": 0.00025137492721701894, 
        "B_cdp_cpg": 2.752991661648369, 
        "u_B_cdp_cpg": 0.0010054586172290809, 
        "B_cpg_c3pl1": -1.376495936178131, 
        "u_B_cpg_c3pl1": 0.0005027571229602144, 
        "B_cpg_c3pl2": -1.376495936178131, 
        "u_B_cpg_c3pl2": 0.0005027571229602144, 
        "B_cpg_ctp": -2.7673521103258483, 
        "u_B_cpg_ctp": 0.0010107438731309086, 
        "B_cpg_ctg": 26.035006390440234, 
        "u_B_cpg_ctg": 0.019265287311737076, 
        "B_cpg_cll1221": 1.3764958887688554, 
        "u_B_cpg_cll1221": 0.000502744523904137
    }, 
    "60.0": {
        "A_cpg": -2.701874964922999e-09, 
        "u_A_cpg": 1.5005331696415835e-09, 
        "B_cpg_2": 365.84528361182294, 
        "u_B_cpg_2": 2.229663022370775, 
        "B_cpdc_cpg": -0.688449905243962, 
        "u_B_cpdc_cpg": 0.0005937262819891349, 
        "B_cdp_cpg": 2.7537996397956865, 
        "u_B_cdp_cpg": 0.002374904538910746, 
        "B_cpg_c3pl1": -1.376899877533598, 
        "u_B_cpg_c3pl1": 0.0011874424551684111, 
        "B_cpg_c3pl2": -1.376899877533598, 
        "u_B_cpg_c3pl2": 0.0011874424551684111, 
        "B_cpg_ctp": -2.7681643906548494, 
        "u_B_cpg_ctp": 0.0023872821040360195, 
        "B_cpg_ctg": 26.114359358804563, 
        "u_B_cpg_ctg": 0.0321214310974106, 
        "B_cpg_cll1221": 1.3768998881197572, 
        "u_B_cpg_cll1221": 0.001187452755712536
    }, 
    "80.0": {
        "A_cpg": -8.33511210446392e-10, 
        "u_A_cpg": 1.3312606315603533e-09, 
        "B_cpg_2": 350.69974660079663, 
        "u_B_cpg_2": 1.8418858880470343, 
        "B_cpdc_cpg": -0.688703298039901, 
        "u_B_cpdc_cpg": 0.0009171587860608145, 
        "B_cdp_cpg": 2.7548130582573815, 
        "u_B_cdp_cpg": 0.003668627316203674, 
        "B_cpg_c3pl1": -1.3774065960798028, 
        "u_B_cpg_c3pl1": 0.001834322657778452, 
        "B_cpg_c3pl2": -1.3774065960798028, 
        "u_B_cpg_c3pl2": 0.001834322657778452, 
        "B_cpg_ctp": -2.7691835959665747, 
        "u_B_cpg_ctp": 0.0036877844784343763, 
        "B_cpg_ctg": 26.27496827276023, 
        "u_B_cpg_ctg": 0.052383822558325466, 
        "B_cpg_cll1221": 1.3774063444732063, 
        "u_B_cpg_cll1221": 0.0018343202872871077
    }, 
    "120.0": {
        "A_cpg": 1.0063249732519186e-09, 
        "u_A_cpg": 1.3117876338816216e-09, 
        "B_cpg_2": 279.05552335859767, 
        "u_B_cpg_2": 2.4705791455236286, 
        "B_cpdc_cpg": -0.6922824929125686, 
        "u_B_cpdc_cpg": 0.0017486645684059833, 
        "B_cdp_cpg": 2.769129993744803, 
        "u_B_cdp_cpg": 0.006994663710754213, 
        "B_cpg_c3pl1": -1.3845649961359177, 
        "u_B_cpg_c3pl1": 0.0034973305864254276, 
        "B_cpg_c3pl2": -1.3845649961359177, 
        "u_B_cpg_c3pl2": 0.0034973305864254276, 
        "B_cpg_ctp": -2.783574983750042, 
        "u_B_cpg_ctp": 0.007031146088185368, 
        "B_cpg_ctg": 27.17084779535596, 
        "u_B_cpg_ctg": 0.12464559423610427, 
        "B_cpg_cll1221": 1.384564982879199, 
        "u_B_cpg_cll1221": 0.0034973369026447283
    }, 
    "200.0": {
        "A_cpg": -1.7324892642533012e-09, 
        "u_A_cpg": 1.9946392757493853e-09, 
        "B_cpg_2": 51.63245356704598, 
        "u_B_cpg_2": 10.215924244623892, 
        "B_cpdc_cpg": -0.8222053017723904, 
        "u_B_cpdc_cpg": 0.006188097253906549, 
        "B_cdp_cpg": 3.288821444337864, 
        "u_B_cdp_cpg": 0.024752460757610863, 
        "B_cpg_c3pl1": -1.6444104314059762, 
        "u_B_cpg_c3pl1": 0.012376191753939324, 
        "B_cpg_c3pl2": -1.6444104314059762, 
        "u_B_cpg_c3pl2": 0.012376191753939324, 
        "B_cpg_ctp": -3.3059774009042053, 
        "u_B_cpg_ctp": 0.02488155195916587, 
        "B_cpg_ctg": 42.16650474278445, 
        "u_B_cpg_ctg": 1.176787240611861, 
        "B_cpg_cll1221": 1.6444108443607262, 
        "u_B_cpg_cll1221": 0.012376249318956206
    }
}