{
    "30.0": {
        "A_cpg": -1.5214529272058727e-08, 
        "u_A_cpg": 7.297645278337928e-10, 
        "B_cpg_2": 232.1406305205641, 
        "u_B_cpg_2": 0.03976043869294023
    }, 
    "60.0": {
        "A_cpg": -4.540665968005249e-09, 
        "u_A_cpg": 1.1037709818457872e-09, 
        "B_cpg_2": 234.1827641425449, 
        "u_B_cpg_2": 0.24002020084991227
    }, 
    "120.0": {
        "A_cpg": -1.2523726934746864e-09, 
        "u_A_cpg": 2.022876928615138e-09, 
        "B_cpg_2": 239.95456303233377, 
        "u_B_cpg_2": 1.5653832591723664
    }, 
    "200.0": {
        "A_cpg": 1.0426532110203469e-09, 
        "u_A_cpg": 3.2858405479767965e-09, 
        "B_cpg_2": 290.8117370336079, 
        "u_B_cpg_2": 4.6637651757738725
    }, 
    "350.0": {
        "A_cpg": 2.2054992472872725e-08, 
        "u_A_cpg": 1.8917692420128675e-08, 
        "B_cpg_2": 601.5403021457568, 
        "u_B_cpg_2": 58.25228642024272
    }
}