{
    "-0.5": {
        "A_cpg": -5.974698523981708e-09, 
        "u_A_cpg": 5.481034336948155e-09, 
        "B_cpg_2": 500.7616715739238, 
        "u_B_cpg_2": 0.6463600147286468
    }, 
    "0.5": {
        "A_cpg": 1.830992424261158e-09, 
        "u_A_cpg": 2.3052978127628187e-09, 
        "B_cpg_2": 501.0711196780436, 
        "u_B_cpg_2": 0.46289421789599305
    }, 
    "1.5": {
        "A_cpg": -5.486493561319741e-09, 
        "u_A_cpg": 3.2937217119851078e-09, 
        "B_cpg_2": 509.78577734207414, 
        "u_B_cpg_2": 1.8320510533192957
    }, 
    "2.5": {
        "A_cpg": -8.610298833766073e-10, 
        "u_A_cpg": 4.5412054787026545e-09, 
        "B_cpg_2": 522.0861906225955, 
        "u_B_cpg_2": 4.8247176093030735
    }, 
    "3.5": {
        "A_cpg": 1.7966560859239497e-09, 
        "u_A_cpg": 9.003768961228978e-09, 
        "B_cpg_2": 516.0257068807379, 
        "u_B_cpg_2": 29.808825911819103
    }
}