{
    "-0.5": {
        "A_cpg": -3.931587640487296e-09, 
        "u_A_cpg": 2.211384529119503e-09, 
        "B_cpg_2": 370.01748754276605, 
        "u_B_cpg_2": 0.35014129102911246, 
        "B_cpdc_cpg": -1.0566910154842466, 
        "u_B_cpdc_cpg": 0.0001862083451728965, 
        "B_cdp_cpg": 4.226763144527939, 
        "u_B_cdp_cpg": 0.0007446965936598951, 
        "B_cpg_c3pl1": -2.1133815638627893, 
        "u_B_cpg_c3pl1": 0.0003723820109742702, 
        "B_cpg_c3pl2": -2.1133815638627893, 
        "u_B_cpg_c3pl2": 0.0003723820109742702, 
        "B_cpg_ctp": -4.248812146849236, 
        "u_B_cpg_ctp": 0.0007486225452807702, 
        "B_cpg_ctg": 39.83768476700799, 
        "u_B_cpg_ctg": 0.0070182626269715805, 
        "B_cpg_cll1221": 2.113381433644472, 
        "u_B_cpg_cll1221": 0.0003724520324226898
    }, 
    "0.5": {
        "A_cpg": -4.378304910111943e-09, 
        "u_A_cpg": 1.192905274727107e-09, 
        "B_cpg_2": 377.1419704656226, 
        "u_B_cpg_2": 0.7920366461167156, 
        "B_cpdc_cpg": -1.0571497365978522, 
        "u_B_cpdc_cpg": 0.00010500720682922485, 
        "B_cdp_cpg": 4.2285978698683, 
        "u_B_cdp_cpg": 0.00042004371339049787, 
        "B_cpg_c3pl1": -2.114298857406767, 
        "u_B_cpg_c3pl1": 0.0002101031056199125, 
        "B_cpg_c3pl2": -2.114298857406767, 
        "u_B_cpg_c3pl2": 0.0002101031056199125, 
        "B_cpg_ctp": -4.250656293488815, 
        "u_B_cpg_ctp": 0.0004223499412654285, 
        "B_cpg_ctg": 39.861785110598795, 
        "u_B_cpg_ctg": 0.004786408183508394, 
        "B_cpg_cll1221": 2.114298635899954, 
        "u_B_cpg_cll1221": 0.00021019756368520972
    }, 
    "1.5": {
        "A_cpg": -3.896304518316588e-09, 
        "u_A_cpg": 7.636722415067135e-10, 
        "B_cpg_2": 402.32601567513296, 
        "u_B_cpg_2": 1.168406948673965, 
        "B_cpdc_cpg": -1.0593627243466448, 
        "u_B_cpdc_cpg": 0.00039465230352571037, 
        "B_cdp_cpg": 4.23744975948346, 
        "u_B_cdp_cpg": 0.0015785718781539157, 
        "B_cpg_c3pl1": -2.1187249211885315, 
        "u_B_cpg_c3pl1": 0.0007892895825384064, 
        "B_cpg_c3pl2": -2.1187249211885315, 
        "u_B_cpg_c3pl2": 0.0007892895825384064, 
        "B_cpg_ctp": -4.2595546390904255, 
        "u_B_cpg_ctp": 0.001586792812246868, 
        "B_cpg_ctg": 40.17536002935179, 
        "u_B_cpg_ctg": 0.06737139697999316, 
        "B_cpg_cll1221": 2.118724676275609, 
        "u_B_cpg_cll1221": 0.0007892786816864992
    }, 
    "2.5": {
        "A_cpg": -2.321707833339773e-09, 
        "u_A_cpg": 1.4621771077218192e-09, 
        "B_cpg_2": 493.00727722412574, 
        "u_B_cpg_2": 3.1910524459704104, 
        "B_cpdc_cpg": -1.0673437032961428, 
        "u_B_cpdc_cpg": 0.0011663219253780735, 
        "B_cdp_cpg": 4.269373665806394, 
        "u_B_cdp_cpg": 0.0046651837049429025, 
        "B_cpg_c3pl1": -2.134686919825785, 
        "u_B_cpg_c3pl1": 0.002332610646031803, 
        "B_cpg_c3pl2": -2.134686919825785, 
        "u_B_cpg_c3pl2": 0.002332610646031803, 
        "B_cpg_ctp": -4.29164478951961, 
        "u_B_cpg_ctp": 0.004689535328358372, 
        "B_cpg_ctg": 41.3115448855607, 
        "u_B_cpg_ctg": 0.13887791952061307, 
        "B_cpg_cll1221": 2.134686679753871, 
        "u_B_cpg_cll1221": 0.0023325794595530584
    }, 
    "3.5": {
        "A_cpg": -7.781433559514917e-10, 
        "u_A_cpg": 1.7187326438085743e-09, 
        "B_cpg_2": 466.42174939432863, 
        "u_B_cpg_2": 4.663768635716134, 
        "B_cpdc_cpg": -1.0781907263258166, 
        "u_B_cpdc_cpg": 0.0021086429337160146, 
        "B_cdp_cpg": 4.312764312371075, 
        "u_B_cdp_cpg": 0.00843459697849413, 
        "B_cpg_c3pl1": -2.1563817474043687, 
        "u_B_cpg_c3pl1": 0.00421728917825974, 
        "B_cpg_c3pl2": -2.1563817474043687, 
        "u_B_cpg_c3pl2": 0.00421728917825974, 
        "B_cpg_ctp": -4.335260949324788, 
        "u_B_cpg_ctp": 0.008478586362020807, 
        "B_cpg_ctg": 43.44321594694823, 
        "u_B_cpg_ctg": 0.21876488981090159, 
        "B_cpg_cll1221": 2.156381973309752, 
        "u_B_cpg_cll1221": 0.004217299896608302
    }
}