{
    "-3.141593": {
        "A_cpdc": -0.030311809464200413, 
        "u_A_cpdc": 1.0730800566597661e-05, 
        "A_cdp": 0.12124739762794214, 
        "u_A_cdp": 4.289191387205714e-05, 
        "A_c3pl1": -0.060624873438572625, 
        "u_A_c3pl1": 2.1422447999157268e-05, 
        "A_c3pl2": -0.060624873438572625, 
        "u_A_c3pl2": 2.1422447999157268e-05, 
        "A_ctp": -0.12188081059199182, 
        "u_A_ctp": 4.315497776066724e-05, 
        "A_ctg": 1.1671600363573829, 
        "u_A_ctg": 0.0050442175142637454, 
        "A_cll1221": 0.06062357643476449, 
        "u_A_cll1221": 2.1399404512690704e-05, 
        "B_cpdc_2": 0.00018947415673154785, 
        "u_B_cpdc_2": 2.1314346970296915e-05, 
        "B_cdp_2": 0.0037408174771785627, 
        "u_B_cdp_2": 2.1884695629266073e-05, 
        "B_c3pl1_2": 0.0010086525681369401, 
        "u_B_c3pl1_2": 2.1587559231929904e-05, 
        "B_c3pl2_2": 0.0010086525681369401, 
        "u_B_c3pl2_2": 2.1587559231929904e-05, 
        "B_ctp_2": 0.0037319073199549523, 
        "u_B_ctp_2": 2.456218750231172e-05, 
        "B_ctg_2": 0.3438265587660917, 
        "u_B_ctg_2": 0.0038099421977692864, 
        "B_cll1221_2": 0.0009474926881006104, 
        "u_B_cll1221_2": 2.0719510024141043e-05, 
        "B_cpdc_cdp": -0.001828655940331117, 
        "u_B_cpdc_cdp": 7.636297947602074e-06, 
        "B_cpdc_c3pl1": 0.0009191333199531543, 
        "u_B_cpdc_c3pl1": 8.570857683064835e-06, 
        "B_cpdc_c3pl2": 0.0009191333199531543, 
        "u_B_cpdc_c3pl2": 8.570857683064835e-06, 
        "B_cpdc_ctp": 0.001861665761534487, 
        "u_B_cpdc_ctp": 8.100331276418305e-06, 
        "B_cpdc_ctg": -0.017670808317333843, 
        "u_B_cpdc_ctg": 7.724294076586104e-05, 
        "B_cpdc_cll1221": -0.0008979043461756829, 
        "u_B_cpdc_cll1221": 8.642560710679626e-06, 
        "B_cdp_c3pl1": -0.0036967972727383813, 
        "u_B_cdp_c3pl1": 1.0044509904149119e-05, 
        "B_cdp_c3pl2": -0.0036967972727383813, 
        "u_B_cdp_c3pl2": 1.0044509904149119e-05, 
        "B_cdp_ctp": -0.007365524069273785, 
        "u_B_cdp_ctp": 8.81137775531793e-06, 
        "B_cdp_ctg": 0.07074715393264049, 
        "u_B_cdp_ctg": 0.00030609054321362, 
        "B_cdp_cll1221": 0.0036951136724000123, 
        "u_B_cdp_cll1221": 8.981338295899138e-06, 
        "B_c3pl1_c3pl2": 0.0018078054157729538, 
        "u_B_c3pl1_c3pl2": 1.0915882809878573e-05, 
        "B_c3pl1_ctp": 0.003691794585709467, 
        "u_B_c3pl1_ctp": 7.893666580823381e-06, 
        "B_c3pl1_ctg": -0.035402625505157256, 
        "u_B_c3pl1_ctg": 0.0001527866749128595, 
        "B_c3pl1_cll1221": -0.0018263888061885198, 
        "u_B_c3pl1_cll1221": 4.077319448033117e-06, 
        "B_c3pl2_ctp": 0.003691794585709467, 
        "u_B_c3pl2_ctp": 7.893666580823381e-06, 
        "B_c3pl2_ctg": -0.035402625505157256, 
        "u_B_c3pl2_ctg": 0.0001527866749128595, 
        "B_c3pl2_cll1221": -0.0018263888061885198, 
        "u_B_c3pl2_cll1221": 4.077319448033117e-06, 
        "B_ctp_ctg": -0.07113846668621325, 
        "u_B_ctp_ctg": 0.00030733374773136735, 
        "B_ctp_cll1221": -0.0036788165382634045, 
        "u_B_ctp_cll1221": 8.22193420254653e-06, 
        "B_ctg_cll1221": 0.03538414007975899, 
        "u_B_ctg_cll1221": 0.00015289157734510092
    }, 
    "-1.570796": {
        "A_cpdc": -0.03031394322008002, 
        "u_A_cpdc": 4.506754551251492e-05, 
        "A_cdp": 0.12124623862842836, 
        "u_A_cdp": 0.00018104165811730997, 
        "A_c3pl1": -0.060624537468952786, 
        "u_A_c3pl1": 9.017349647948833e-05, 
        "A_c3pl2": -0.060624537468952786, 
        "u_A_c3pl2": 9.017349647948833e-05, 
        "A_ctp": -0.12188206480237539, 
        "u_A_ctp": 0.0001817114681998711, 
        "A_ctg": 1.158412184669549, 
        "u_A_ctg": 0.008982265314485382, 
        "A_cll1221": 0.06062298643770546, 
        "u_A_cll1221": 8.999246100953097e-05, 
        "B_cpdc_2": 0.0004125399091906909, 
        "u_B_cpdc_2": 9.548440499008277e-05, 
        "B_cdp_2": 0.0038675612589696476, 
        "u_B_cdp_2": 0.00013850679421211778, 
        "B_c3pl1_2": 0.0009797821385754129, 
        "u_B_c3pl1_2": 9.245244100157598e-05, 
        "B_c3pl2_2": 0.0009797821385754129, 
        "u_B_c3pl2_2": 9.245244100157598e-05, 
        "B_ctp_2": 0.003867561403925838, 
        "u_B_ctp_2": 9.245078902911361e-05, 
        "B_ctg_2": 0.3358590282678101, 
        "u_B_ctg_2": 0.0055549315370906445, 
        "B_cll1221_2": 0.0009797821387430522, 
        "u_B_cll1221_2": 0.00013850731480365125, 
        "B_cpdc_cdp": -0.0018564292999369732, 
        "u_B_cpdc_cdp": 4.969190750484966e-05, 
        "B_cpdc_c3pl1": 0.0009282147707653125, 
        "u_B_cpdc_c3pl1": 4.774201717884661e-05, 
        "B_cpdc_c3pl2": 0.0009282147707653125, 
        "u_B_cpdc_c3pl2": 4.774201717884661e-05, 
        "B_cpdc_ctp": 0.0018306455556335096, 
        "u_B_cpdc_ctp": 2.4846219763658588e-05, 
        "B_cpdc_ctg": -0.017507159144696624, 
        "u_B_cpdc_ctg": 0.00014923652820238522, 
        "B_cpdc_cll1221": -0.0009024310264618494, 
        "u_B_cpdc_cll1221": 4.823679009046949e-05, 
        "B_cdp_c3pl1": -0.0037386418609901043, 
        "u_B_cdp_c3pl1": 6.925608800571849e-05, 
        "B_cdp_c3pl2": -0.0037386418609901043, 
        "u_B_cdp_c3pl2": 6.925608800571849e-05, 
        "B_cdp_ctp": -0.007399933841994271, 
        "u_B_cdp_ctp": 4.823391233061307e-05, 
        "B_cdp_ctg": 0.07026069356319134, 
        "u_B_cdp_ctg": 0.0005304369827592344, 
        "B_cdp_cll1221": 0.003712858599873945, 
        "u_B_cdp_cll1221": 4.358174742463169e-05, 
        "B_c3pl1_c3pl2": 0.001882212995921706, 
        "u_B_c3pl1_c3pl2": 5.3820689089973555e-05, 
        "B_c3pl1_ctp": 0.003712858841467598, 
        "u_B_c3pl1_ctp": 4.357960759106651e-05, 
        "B_c3pl1_ctg": -0.03506588355533856, 
        "u_B_c3pl1_ctg": 0.0002700886655643001, 
        "B_c3pl1_cll1221": -0.0018048618113300464, 
        "u_B_c3pl1_cll1221": 1.3271104503303832e-07, 
        "B_c3pl2_ctp": 0.003712858841467598, 
        "u_B_c3pl2_ctp": 4.357960759106651e-05, 
        "B_c3pl2_ctg": -0.03506588355533856, 
        "u_B_c3pl2_ctg": 0.0002700886655643001, 
        "B_c3pl2_cll1221": -0.0018048618113300464, 
        "u_B_c3pl2_cll1221": 1.3271104503303832e-07, 
        "B_ctp_ctg": -0.0705701001376697, 
        "u_B_ctp_ctg": 0.0005417675105505708, 
        "B_ctp_cll1221": -0.0036355078018321303, 
        "u_B_ctp_cll1221": 2.4837980016733492e-05, 
        "B_ctg_cll1221": 0.03516901746954034, 
        "u_B_ctg_cll1221": 0.000277041638407201
    }, 
    "0.0": {
        "A_cpdc": -0.03031254025113071, 
        "u_A_cpdc": 5.0779234684268874e-05, 
        "A_cdp": 0.12124696232003515, 
        "u_A_cdp": 0.00020191025501291134, 
        "A_c3pl1": -0.06062428222878013, 
        "u_A_c3pl1": 0.00010122206563811474, 
        "A_c3pl2": -0.06062428222878013, 
        "u_A_c3pl2": 0.00010122206563811474, 
        "A_ctp": -0.12187989785689167, 
        "u_A_ctp": 0.0002032200279871069, 
        "A_ctg": 1.157203116891615, 
        "u_A_ctg": 0.007911769519515362, 
        "A_cll1221": 0.06062222990385127, 
        "u_A_cll1221": 0.00010119582774440547, 
        "B_cpdc_2": 0.00028397441787168294, 
        "u_B_cpdc_2": 8.618309621398417e-05, 
        "B_cdp_2": 0.0037770077023092535, 
        "u_B_cdp_2": 0.00011057722959189978, 
        "B_c3pl1_2": 0.0009763811974925929, 
        "u_B_c3pl1_2": 8.50995185518606e-05, 
        "B_c3pl2_2": 0.0009763811974925929, 
        "u_B_c3pl2_2": 8.50995185518606e-05, 
        "B_ctp_2": 0.0036814811277394548, 
        "u_B_ctp_2": 0.00010820178383950474, 
        "B_ctg_2": 0.33534160168704336, 
        "u_B_ctg_2": 0.004623495489128624, 
        "B_cll1221_2": 0.0010691342789728986, 
        "u_B_cll1221_2": 8.711702416030613e-05, 
        "B_cpdc_cdp": -0.001856374255677286, 
        "u_B_cpdc_cdp": 2.5241284232354393e-05, 
        "B_cpdc_c3pl1": 0.0008650694635485978,