{
    "450.0": {
        "A_cpg": -4.2684989808972125e-09, 
        "u_A_cpg": 5.928327852121852e-09, 
        "B_cpg_2": 449.28192383676065, 
        "u_B_cpg_2": 14.401467503122085
    }, 
    "600.0": {
        "A_cpg": -8.911405926297582e-09, 
        "u_A_cpg": 2.1448813061705843e-08, 
        "B_cpg_2": 881.4794785979842, 
        "u_B_cpg_2": 79.55333074089813
    }
}