{
    "0.0": {
        "A_cpg": -4.0552132577036284e-10, 
        "u_A_cpg": 9.863185588850043e-10, 
        "B_cpg_2": 253.25765591685504, 
        "u_B_cpg_2": 3.136856927584602, 
        "B_cpdc_cpg": -0.5981928596729471, 
        "u_B_cpdc_cpg": 0.001467859884577543, 
        "B_cdp_cpg": 2.3927709062791047, 
        "u_B_cdp_cpg": 0.00587147801518138, 
        "B_cpg_c3pl1": -1.1963855274031239, 
        "u_B_cpg_c3pl1": 0.0029357258107896773, 
        "B_cpg_c3pl2": -1.1963855274031239, 
        "u_B_cpg_c3pl2": 0.0029357258107896773, 
        "B_cpg_ctp": -2.405252978927898, 
        "u_B_cpg_ctp": 0.005902102940446519, 
        "B_cpg_ctg": 24.603158985894215, 
        "u_B_cpg_ctg": 0.17684851049474173, 
        "B_cpg_cll1221": 1.1963854474269693, 
        "u_B_cpg_cll1221": 0.0029357291803605527
    }, 
    "0.5": {
        "A_cpg": -8.31925399472348e-10, 
        "u_A_cpg": 9.766986978622391e-10, 
        "B_cpg_2": 254.9723734124751, 
        "u_B_cpg_2": 2.8471369982319583, 
        "B_cpdc_cpg": -0.5966412195035866, 
        "u_B_cpdc_cpg": 0.0013377335379552242, 
        "B_cdp_cpg": 2.3865637333414624, 
        "u_B_cdp_cpg": 0.005350951298080012, 
        "B_cpg_c3pl1": -1.193281870203672, 
        "u_B_cpg_c3pl1": 0.002675473737711909, 
        "B_cpg_c3pl2": -1.193281870203672, 
        "u_B_cpg_c3pl2": 0.002675473737711909, 
        "B_cpg_ctp": -2.399013181508036, 
        "u_B_cpg_ctp": 0.005378874019212783, 
        "B_cpg_ctg": 24.286937603951657, 
        "u_B_cpg_ctg": 0.13560112940891025, 
        "B_cpg_cll1221": 1.1932817913013225, 
        "u_B_cpg_cll1221": 0.0026754822124328064
    }, 
    "0.9": {
        "A_cpg": 4.573879537396442e-10, 
        "u_A_cpg": 8.95256500365558e-10, 
        "B_cpg_2": 266.53331455681547, 
        "u_B_cpg_2": 2.3247139620006685, 
        "B_cpdc_cpg": -0.5881846958136333, 
        "u_B_cpdc_cpg": 0.0012533603017746088, 
        "B_cdp_cpg": 2.352739379644744, 
        "u_B_cdp_cpg": 0.005013457652298933, 
        "B_cpg_c3pl1": -1.1763696026874386, 
        "u_B_cpg_c3pl1": 0.0025067241804590367, 
        "B_cpg_c3pl2": -1.1763696026874386, 
        "u_B_cpg_c3pl2": 0.0025067241804590367, 
        "B_cpg_ctp": -2.3650121220188898, 
        "u_B_cpg_ctp": 0.005039604031221189, 
        "B_cpg_ctg": 23.37236332292624, 
        "u_B_cpg_ctg": 0.106658798067419, 
        "B_cpg_cll1221": 1.1763698350472616, 
        "u_B_cpg_cll1221": 0.002506722795801853
    }, 
    "1.3": {
        "B_cpg_2": 279.50700618909366, 
        "u_B_cpg_2": 2.0705698745119494, 
        "B_cpdc_cpg": -0.5881121901238399, 
        "u_B_cpdc_cpg": 0.0008920358512990298, 
        "B_cdp_cpg": 2.352448978520527, 
        "u_B_cdp_cpg": 0.003568169108701058, 
        "B_cpg_c3pl1": -1.1762244693674562, 
        "u_B_cpg_c3pl1": 0.0017840729832039458, 
        "B_cpg_c3pl2": -1.1762244693674562, 
        "u_B_cpg_c3pl2": 0.0017840729832039458, 
        "B_cpg_ctp": -2.364720477412293, 
        "u_B_cpg_ctp": 0.003586780966791351, 
        "B_cpg_ctg": 23.16729676377316, 
        "u_B_cpg_ctg": 0.1210481523428627, 
        "B_cpg_cll1221": 1.1762245728100544, 
        "u_B_cpg_cll1221": 0.0017840716146182976
    }, 
    "1.7": {
        "A_cpg": -1.171332282486312e-09, 
        "u_A_cpg": 4.435445510015261e-10, 
        "B_cpg_2": 281.6090867286225, 
        "u_B_cpg_2": 0.9861764479066453, 
        "B_cpdc_cpg": -0.5874733135354147, 
        "u_B_cpdc_cpg": 0.0004422492772428584, 
        "B_cdp_cpg": 2.349892712885968, 
        "u_B_cdp_cpg": 0.0017689991097179553, 
        "B_cpg_c3pl1": -1.1749463857000482, 
        "u_B_cpg_c3pl1": 0.0008844989117953167, 
        "B_cpg_c3pl2": -1.1749463857000482, 
        "u_B_cpg_c3pl2": 0.0008844989117953167, 
        "B_cpg_ctp": -2.362150862079331, 
        "u_B_cpg_ctp": 0.0017782305001656975, 
        "B_cpg_ctg": 22.90028663280267, 
        "u_B_cpg_ctg": 0.042866078382016184, 
        "B_cpg_cll1221": 1.1749465051663943, 
        "u_B_cpg_cll1221": 0.0008844955158865662
    }, 
    "2.5": {
        "A_cpg": -2.146979056646836e-09, 
        "u_A_cpg": 2.78059204586925e-10, 
        "B_cpg_2": 236.42924729071322, 
        "u_B_cpg_2": 0.6641397156507278, 
        "B_cpdc_cpg": -0.5882845584453308, 
        "u_B_cpdc_cpg": 0.00030717276914774396, 
        "B_cdp_cpg": 2.353138359089468, 
        "u_B_cdp_cpg": 0.0012286950380899107, 
        "B_cpg_c3pl1": -1.1765690705811298, 
        "u_B_cpg_c3pl1": 0.0006143432372620246, 
        "B_cpg_c3pl2": -1.1765690705811298, 
        "u_B_cpg_c3pl2": 0.0006143432372620246, 
        "B_cpg_ctp": -2.36541324529822, 
        "u_B_cpg_ctp": 0.001235104067568865, 
        "B_cpg_ctg": 22.916630822300878, 
        "u_B_cpg_ctg": 0.03421980873291561, 
        "B_cpg_cll1221": 1.1765693429901398, 
        "u_B_cpg_cll1221": 0.0006143449957258095
    }
}