{
    "-0.5": {
        "A_cpg": 32.583343066897754, 
        "u_A_cpg": 0.039615910583376275, 
        "B_cpg_2": -2.6624408187092957e-05, 
        "u_B_cpg_2": 4.9012698881797064e-05
    }, 
    "0.5": {
        "A_cpg": 32.538071771881015, 
        "u_A_cpg": 0.04603111488188097, 
        "B_cpg_2": -5.980689272135349e-05, 
        "u_B_cpg_2": 3.4438475692912006e-05
    }, 
    "1.5": {
        "A_cpg": 32.59074879283614, 
        "u_A_cpg": 0.003545100015166711, 
        "B_cpg_2": -2.9338532324045293e-05, 
        "u_B_cpg_2": 1.1742334188935418e-06
    }, 
    "2.5": {
        "A_cpg": 32.866439785378184, 
        "u_A_cpg": 0.027840265978540314, 
        "B_cpg_2": -7.682602895074629e-06, 
        "u_B_cpg_2": 1.7004787873151495e-06
    }, 
    "3.5": {
        "A_cpg": 33.245430035530084, 
        "u_A_cpg": 0.0764431293549859, 
        "B_cpg_2": -2.4371427530623216e-06, 
        "u_B_cpg_2": 2.378265156657192e-06
    }
}