{
    "450.0": {
        "A_cpg": -8.013622473202844e-09, 
        "u_A_cpg": 2.3070216555621628e-08, 
        "B_cpg_2": -568.171718947426, 
        "u_B_cpg_2": 89.71302072266295, 
        "B_cpdc_cpg": -1.452708030858335, 
        "u_B_cpdc_cpg": 0.07615574629158453, 
        "B_cdp_cpg": 5.810809246513522, 
        "u_B_cdp_cpg": 0.30462477804842736, 
        "B_cpg_c3pl1": -2.905412687076698, 
        "u_B_cpg_c3pl1": 0.15231221661938252, 
        "B_cpg_c3pl2": -2.905412687076698, 
        "u_B_cpg_c3pl2": 0.15231221661938252, 
        "B_cpg_ctp": -5.841121675391024, 
        "u_B_cpg_ctp": 0.30621455552129623, 
        "B_cpg_ctg": 108.38255585813951, 
        "u_B_cpg_ctg": 13.190563394130281, 
        "B_cpg_cll1221": 2.9054048783167596, 
        "u_B_cpg_cll1221": 0.15231259204249395
    }, 
    "500.0": {
        "A_cpg": 7.1726812667507185e-09, 
        "u_A_cpg": 4.72241251335502e-08, 
        "B_cpg_2": -867.0018975190818, 
        "u_B_cpg_2": 138.97515943619536, 
        "B_cpdc_cpg": -1.5153370317117774, 
        "u_B_cpdc_cpg": 0.056752215325736516, 
        "B_cdp_cpg": 6.061351331836404, 
        "u_B_cdp_cpg": 0.22700193100736635, 
        "B_cpg_c3pl1": -3.0306657924834366, 
        "u_B_cpg_c3pl1": 0.11350303117773267, 
        "B_cpg_c3pl2": -3.0306657924834366, 
        "u_B_cpg_c3pl2": 0.11350303117773267, 
        "B_cpg_ctp": -6.092981888129911, 
        "u_B_cpg_ctp": 0.2281899763128859, 
        "B_cpg_ctg": 115.48608439137959, 
        "u_B_cpg_ctg": 7.338174045418443, 
        "B_cpg_cll1221": 3.030678405667116, 
        "u_B_cpg_cll1221": 0.11350189758017334
    }, 
    "550.0": {
        "A_cpg": -8.422984598734507e-08, 
        "u_A_cpg": 5.576191525345968e-08, 
        "B_cpg_2": -837.8216662578873, 
        "u_B_cpg_2": 128.43460796766627, 
        "B_cpdc_cpg": -1.3593369690863835, 
        "u_B_cpdc_cpg": 0.057621886185880336, 
        "B_cdp_cpg": 5.437397507289286, 
        "u_B_cdp_cpg": 0.2305036519736451, 
        "B_cpg_c3pl1": -2.7187028093588834, 
        "u_B_cpg_c3pl1": 0.11525187076016082, 
        "B_cpg_c3pl2": -2.7187028093588834, 
        "u_B_cpg_c3pl2": 0.11525187076016082, 
        "B_cpg_ctp": -5.4657557486656, 
        "u_B_cpg_ctp": 0.23170022284867975, 
        "B_cpg_ctg": 94.07274823995749, 
        "u_B_cpg_ctg": 7.55248085219176, 
        "B_cpg_cll1221": 2.718684936719859, 
        "u_B_cpg_cll1221": 0.11525333966833541
    }, 
    "600.0": {
        "A_cpg": 1.6823163874037496e-07, 
        "u_A_cpg": 3.965259158150115e-08, 
        "B_cpg_2": -1620.937376884358, 
        "u_B_cpg_2": 21.09048477890241, 
        "B_cpdc_cpg": -1.8786428071426997, 
        "u_B_cpdc_cpg": 0.2022280803816087, 
        "B_cdp_cpg": 7.514654429774168, 
        "u_B_cdp_cpg": 0.8088914157936447, 
        "B_cpg_c3pl1": -3.7572856142853994, 
        "u_B_cpg_c3pl1": 0.4044549023972868, 
        "B_cpg_c3pl2": -3.7572856142853994, 
        "u_B_cpg_c3pl2": 0.4044549023972868, 
        "B_cpg_ctp": -7.553824897301088, 
        "u_B_cpg_ctp": 0.813114977401654, 
        "B_cpg_ctg": 210.2765430888529, 
        "u_B_cpg_ctg": 33.235252382127385, 
        "B_cpg_cll1221": 3.7573416309371725, 
        "u_B_cpg_cll1221": 0.404456870036936
    }, 
    "675.0": {
        "A_cpg": -1.3084489986896692e-06, 
        "u_A_cpg": 4.03796179225484e-07, 
        "B_cpg_2": -3842.1507001428945, 
        "u_B_cpg_2": 758.3815888672658, 
        "B_cpdc_cpg": -1.9509350798555012, 
        "u_B_cpdc_cpg": 0.020389414242401215, 
        "B_cdp_cpg": 7.803290819884959, 
        "u_B_cdp_cpg": 0.0814117683175666, 
        "B_cpg_c3pl1": -3.9016642191778415, 
        "u_B_cpg_c3pl1": 0.04069997056639619, 
        "B_cpg_c3pl2": -3.9016642191778415, 
        "u_B_cpg_c3pl2": 0.04069997056639619, 
        "B_cpg_ctp": -7.844058533242096, 
        "u_B_cpg_ctp": 0.08186596123575723, 
        "B_cpg_ctg": 202.11575066148097, 
        "u_B_cpg_ctg": 15.21379061872121, 
        "B_cpg_cll1221": 3.901626875294495, 
        "u_B_cpg_cll1221": 0.04070765206323364
    }
}