{
    "30.0": {
        "A_cpdc": -0.03195996120692394, 
        "u_A_cpdc": 1.999444195699821e-06, 
        "A_cdp": 0.12783985757656285, 
        "u_A_cdp": 8.001074372637574e-06, 
        "A_c3pl1": -0.06392038983023306, 
        "u_A_c3pl1": 4.007799247364177e-06, 
        "A_c3pl2": -0.06392038983023306, 
        "u_A_c3pl2": 4.007799247364177e-06, 
        "A_ctp": -0.12850784393576165, 
        "u_A_ctp": 8.02456455003862e-06, 
        "A_ctg": 1.205762725879153, 
        "u_A_ctg": 0.00011872703297989745, 
        "A_cll1221": 0.06392019922835847, 
        "u_A_cll1221": 4.000942577776764e-06, 
        "B_cpdc_2": 0.00022643245798696312, 
        "u_B_cpdc_2": 4.69068838454136e-06, 
        "B_cdp_2": 0.003953485548001672, 
        "u_B_cdp_2": 6.159669952236201e-06, 
        "B_c3pl1_2": 0.000999681921658123, 
        "u_B_c3pl1_2": 5.158998376629685e-06, 
        "B_c3pl2_2": 0.000999681921658123, 
        "u_B_c3pl2_2": 5.158998376629685e-06, 
        "B_ctp_2": 0.003952745621426315, 
        "u_B_ctp_2": 5.458377614474093e-06, 
        "B_ctg_2": 0.34485791120415304, 
        "u_B_ctg_2": 5.89864818292258e-05, 
        "B_cll1221_2": 0.0009614161337527995, 
        "u_B_cll1221_2": 5.737330140829092e-06, 
        "B_cpdc_cdp": -0.0019629959640727287, 
        "u_B_cpdc_cdp": 2.0147919080492275e-06, 
        "B_cpdc_c3pl1": 0.0009455628796960203, 
        "u_B_cpdc_c3pl1": 2.091701092302007e-06, 
        "B_cpdc_c3pl2": 0.0009455628796960203, 
        "u_B_cpdc_c3pl2": 2.091701092302007e-06, 
        "B_cpdc_ctp": 0.0019353731514889201, 
        "u_B_cpdc_ctp": 2.0283042414593504e-06, 
        "B_cpdc_ctg": -0.018289203004616485, 
        "u_B_cpdc_ctg": 2.5686097120813354e-06, 
        "B_cpdc_cll1221": -0.0009613034704353941, 
        "u_B_cpdc_cll1221": 2.088188203861606e-06, 
        "B_cdp_c3pl1": -0.0039184825803423255, 
        "u_B_cdp_c3pl1": 2.6728083019043246e-06, 
        "B_cdp_c3pl2": -0.0039184825803423255, 
        "u_B_cdp_c3pl2": 2.6728083019043246e-06, 
        "B_cdp_ctp": -0.007792346713441673, 
        "u_B_cdp_ctp": 2.106449579675669e-06, 
        "B_cdp_ctg": 0.07309745038999532, 
        "u_B_cdp_ctg": 7.729076599381392e-06, 
        "B_cdp_cll1221": 0.003868549805712547, 
        "u_B_cdp_cll1221": 1.9136552520599203e-06, 
        "B_c3pl1_c3pl2": 0.0018950556860371246, 
        "u_B_c3pl1_c3pl2": 2.7919298892803097e-06, 
        "B_c3pl1_ctp": 0.0038598583097396786, 
        "u_B_c3pl1_ctp": 1.948085482919216e-06, 
        "B_c3pl1_ctg": -0.03659944044081327, 
        "u_B_c3pl1_ctg": 4.107538729481592e-06, 
        "B_c3pl1_cll1221": -0.0019417398284311117, 
        "u_B_c3pl1_cll1221": 1.223793881874238e-06, 
        "B_c3pl2_ctp": 0.0038598583097396786, 
        "u_B_c3pl2_ctp": 1.948085482919216e-06, 
        "B_c3pl2_ctg": -0.03659944044081327, 
        "u_B_c3pl2_ctg": 4.107538729481592e-06, 
        "B_c3pl2_cll1221": -0.0019417398284311117, 
        "u_B_c3pl2_cll1221": 1.223793881874238e-06, 
        "B_ctp_ctg": -0.07349166745065173, 
        "u_B_ctp_ctg": 7.1987957089619665e-06, 
        "B_ctp_cll1221": -0.0038861592541438103, 
        "u_B_ctp_cll1221": 2.155515795250099e-06, 
        "B_ctg_cll1221": 0.03653307596062035, 
        "u_B_ctg_cll1221": 4.356063191640618e-06
    }, 
    "60.0": {
        "A_cpdc": -0.0319270323194758, 
        "u_A_cpdc": 2.382946283826136e-05, 
        "A_cdp": 0.12770861904611538, 
        "u_A_cdp": 9.531978427411547e-05, 
        "A_c3pl1": -0.06385478005524818, 
        "u_A_c3pl1": 4.7663253394341026e-05, 
        "A_c3pl2": -0.06385478005524818, 
        "u_A_c3pl2": 4.7663253394341026e-05, 
        "A_ctp": -0.12837588239624137, 
        "u_A_ctp": 9.582051237035841e-05, 
        "A_ctg": 1.2099735238270952, 
        "u_A_ctg": 0.0014220805475722114, 
        "A_cll1221": 0.06385458592149727, 
        "u_A_cll1221": 4.766106576120016e-05, 
        "B_cpdc_2": 0.00021441171394578687, 
        "u_B_cpdc_2": 7.0356856596250705e-06, 
        "B_cdp_2": 0.003939299755507306, 
        "u_B_cdp_2": 9.437363668952614e-06, 
        "B_c3pl1_2": 0.0010009419120471884, 
        "u_B_c3pl1_2": 7.522073537940229e-06, 
        "B_c3pl2_2": 0.0010009419120471884, 
        "u_B_c3pl2_2": 7.522073537940229e-06, 
        "B_ctp_2": 0.003952718190333662, 
        "u_B_ctp_2": 8.534860334050036e-06, 
        "B_ctg_2": 0.3488283668627035, 
        "u_B_ctg_2": 0.0005822954414831652, 
        "B_cll1221_2": 0.0009573558002514267, 
        "u_B_cll1221_2": 8.586896398969537e-06, 
        "B_cpdc_cdp": -0.0019553120293026023, 
        "u_B_cpdc_cdp": 3.3276931714326003e-06, 
        "B_cpdc_c3pl1": 0.0009459014396784247, 
        "u_B_cpdc_c3pl1": 3.1399993508102437e-06, 
        "B_cpdc_c3pl2": 0.0009459014396784247, 
        "u_B_cpdc_c3pl2": 3.1399993508102437e-06, 
        "B_cpdc_ctp": 0.0019336576576764988, 
        "u_B_cpdc_ctp": 3.367253778473782e-06, 
        "B_cpdc_ctg": -0.018350505089111364, 
        "u_B_cpdc_ctg": 2.1795016781063857e-05, 
        "B_cpdc_cll1221": -0.0009585252453621716, 
        "u_B_cpdc_cll1221": 3.136328646520366e-06, 
        "B_cdp_c3pl1": -0.003908493280388087, 
        "u_B_cdp_c3pl1": 4.890853856556919e-06, 
        "B_cdp_c3pl2": -0.003908493280388087, 
        "u_B_cdp_c3pl2": 4.890853856556919e-06, 
        "B_cdp_ctp": -0.007782939675481354, 
        "u_B_cdp_ctp": 6.551961739037476e-06, 
        "B_cdp_ctg": 0.07335733425946885, 
        "u_B_cdp_ctg": 8.616352006723473e-05, 
        "B_cdp_cll1221": 0.0038697559572304025, 
        "u_B_cdp_cll1221": 4.08356651502035e-06, 
        "B_c3pl1_c3pl2": 0.001892359678965564, 
        "u_B_c3pl1_c3pl2": 4.283387568698881e-06, 
        "B_c3pl1_ctp": 0.003855647385787004, 
        "u_B_c3pl1_ctp": 4.0587735969042885e-06, 
        "B_c3pl1_ctg": -0.03671007689287906, 
        "u_B_c3pl1_ctg": 4.333365871180655e-05, 
        "B_c3pl1_cll1221": -0.0019388433753492963, 
        "u_B_c3pl1_cll1221": 2.281110861550141e-06, 
        "B_c3pl2_ctp": 0.003855647385787004, 
        "u_B_c3pl2_ctp": 4.0587735969042885e-06, 
        "B_c3pl2_ctg": -0.03671007689287906, 
        "u_B_c3pl2_ctg": 4.333365871180655e-05, 
        "B_c3pl2_cll1221": -0.0019388433753492963, 
        "u_B_c3pl2_cll1221": 2.281110861550141e-06, 
        "B_ctp_ctg": -0.07374244473462005, 
        "u_B_ctp_ctg": 8.672050005870877e-05, 
        "B_ctp_cll1221": -0.003884083682895563, 
        "u_B_ctp_cll1221": 4.223405007464428e-06, 
        "B_ctg_cll1221": 0.036681807853661354, 
        "u_B_ctg_cll1221": 4.314924661558472e-05
    }, 
    "120.0": {
        "A_cpdc": -0.031968557764903933, 
        "u_A_cpdc": 6.002350970042296e-06, 
        "A_cdp": 0.12787330019322724, 
        "u_A_cdp": 2.4034495320068002e-05, 
        "A_c3pl1": -0.06393696794904845, 
        "u_A_c3pl1": 1.202537050655207e-05, 
        "A_c3pl2": -0.06393696794904845, 
        "u_A_c3pl2": 1.202537050655207e-05, 
        "A_ctp": -0.12854137823458286, 
        "u_A_ctp": 2.4109515790418882e-05, 
        "A_ctg": 1.2278855510241442, 
        "u_A_ctg": 0.008202154515122248, 
        "A_cll1221": 0.06393682210453323, 
        "u_A_cll1221": 1.202944631380178e-05, 
        "B_cpdc_2": 0.00025471217099628564, 
        "u_B_cpdc_2": 1.4158915599791306e-05, 
        "B_cdp_2": 0.003946723751262382, 
        "u_B_cdp_2": 1.9063329475440837e-05, 
        "B_c3pl1_2": 0.000989147964375369, 
        "u_B_c3pl1_2": 1.5952166890559487e-05, 
        "B_c3pl2_2": 0.000989147964375369, 
        "u_B_c3pl2_2": 1.5952166890559487e-05, 
        "B_ctp_2": 0.003945737031693133, 
        "u_B_ctp_2": 1.7038801688428315e-05, 
        "B_ctg_2": 0.3751293651529314, 
        "u_B_ctg_2": 0.004130041156316537, 
        "B_cll1221_2": 0.0009693980902945489, 
        "u_B_cll1221_2": 1.760957533976811e-05, 
        "B_cpdc_cdp": -0.0019622174208524493, 
        "u_B_cpdc_cdp": 6.223367972160469e-06, 
        "B_cpdc_c3pl1": 0.0009426624916882348,