{
    "0.0": {
        "A_cpg": -3.2754831018660207e-09, 
        "u_A_cpg": 8.809925301415777e-10, 
        "B_cpg_2": 340.68629509488574, 
        "u_B_cpg_2": 0.6366256097998796
    }, 
    "1.570796": {
        "A_cpg": -2.304065319898198e-09, 
        "u_A_cpg": 8.942150938769035e-10, 
        "B_cpg_2": 341.18675401323827, 
        "u_B_cpg_2": 0.6050358234695373
    }
}