{
    "450.0": {
        "A_cpdc": -0.030314384735648233, 
        "u_A_cpdc": 2.9526303682120105e-05, 
        "A_cdp": 0.12124651701883594, 
        "u_A_cdp": 0.00011707165413478406, 
        "A_c3pl1": -0.06062432777254002, 
        "u_A_c3pl1": 5.9181300532400196e-05, 
        "A_c3pl2": -0.06062432777254002, 
        "u_A_c3pl2": 5.9181300532400196e-05, 
        "A_ctp": -0.12188201785965705, 
        "u_A_ctp": 0.00011838377794553576, 
        "A_ctg": 1.805446618566954, 
        "u_A_ctg": 0.0780729854401951, 
        "A_cll1221": 0.06062399547961609, 
        "u_A_cll1221": 5.9085739590060474e-05, 
        "B_cpdc_2": 0.0004609901460322181, 
        "u_B_cpdc_2": 7.429532826082932e-05, 
        "B_cdp_2": 0.0038525612170952185, 
        "u_B_cdp_2": 0.00011768015949485914, 
        "B_c3pl1_2": 0.0009549081390088566, 
        "u_B_c3pl1_2": 9.752841921459917e-05, 
        "B_c3pl2_2": 0.0009549081390088566, 
        "u_B_c3pl2_2": 9.752841921459917e-05, 
        "B_ctp_2": 0.0038525611420855295, 
        "u_B_ctp_2": 0.00010807476470486167, 
        "B_ctg_2": 0.8723251300986806, 
        "u_B_ctg_2": 0.0672651879403877, 
        "B_cll1221_2": 0.0008890524823646179, 
        "u_B_cll1221_2": 0.00010341468527585155, 
        "B_cpdc_cdp": -0.0018604247828713282, 
        "u_B_cpdc_cdp": 2.650048739125303e-05, 
        "B_cpdc_c3pl1": 0.00092198038931679, 
        "u_B_cpdc_c3pl1": 3.845145273217872e-05, 
        "B_cpdc_c3pl2": 0.00092198038931679, 
        "u_B_cpdc_c3pl2": 3.845145273217872e-05, 
        "B_cpdc_ctp": 0.0017781050992261933, 
        "u_B_cpdc_ctp": 3.2170557236194245e-05, 
        "B_cpdc_ctg": -0.02737952412502885, 
        "u_B_cpdc_ctg": 0.001173835698591304, 
        "B_cpdc_cll1221": -0.000889052523359705, 
        "u_B_cpdc_cll1221": 3.845145413542487e-05, 
        "B_cdp_c3pl1": -0.0037373132924445524, 
        "u_B_cdp_c3pl1": 5.884006307410115e-05, 
        "B_cdp_c3pl2": -0.0037373132924445524, 
        "u_B_cdp_c3pl2": 5.884006307410115e-05, 
        "B_cdp_ctp": -0.007408771002994313, 
        "u_B_cdp_ctp": 3.8446308080114416e-05, 
        "B_cdp_ctg": 0.10945224811915082, 
        "u_B_cdp_ctg": 0.004725724530579963, 
        "B_cdp_cll1221": 0.003687921587271036, 
        "u_B_cdp_cll1221": 2.9783223116631523e-05, 
        "B_c3pl1_c3pl2": 0.0018274968419045533, 
        "u_B_c3pl1_c3pl2": 4.9266912137654286e-05, 
        "B_c3pl1_ctp": 0.003704385501497157, 
        "u_B_c3pl1_ctp": 4.616778221326098e-05, 
        "B_c3pl1_ctg": -0.05477551062658519, 
        "u_B_c3pl1_ctg": 0.0023678273717622545, 
        "B_c3pl1_cll1221": -0.0018110330401929673, 
        "u_B_c3pl1_cll1221": 0.0, 
        "B_c3pl2_ctp": 0.003704385501497157, 
        "u_B_c3pl2_ctp": 4.616778221326098e-05, 
        "B_c3pl2_ctg": -0.05477551062658519, 
        "u_B_c3pl2_ctg": 0.0023678273717622545, 
        "B_c3pl2_cll1221": -0.0018110330401929673, 
        "u_B_c3pl2_cll1221": 0.0, 
        "B_ctp_ctg": -0.10997908467326266, 
        "u_B_ctp_ctg": 0.0047566589696751566, 
        "B_ctp_cll1221": -0.0036385298445926755, 
        "u_B_ctp_cll1221": 1.6082760099115132e-05, 
        "B_ctg_cll1221": 0.05479197750369405, 
        "u_B_ctg_cll1221": 0.0023755100775561476
    }, 
    "500.0": {
        "A_cpdc": -0.030312405504039592, 
        "u_A_cpdc": 5.5396060520225336e-05, 
        "A_cdp": 0.12124599667605553, 
        "u_A_cdp": 0.00022218697395496215, 
        "A_c3pl1": -0.06062335938488851, 
        "u_A_c3pl1": 0.00011142141873334691, 
        "A_c3pl2": -0.06062335938488851, 
        "u_A_c3pl2": 0.00011142141873334691, 
        "A_ctp": -0.12187850616159099, 
        "u_A_ctp": 0.00022316824293871666, 
        "A_ctg": 1.863778341352374, 
        "u_A_ctg": 0.06881404661614615, 
        "A_cll1221": 0.060625535580383236, 
        "u_A_cll1221": 0.0001103270663568471, 
        "B_cpdc_2": 0.00029014720610432207, 
        "u_B_cpdc_2": 0.00011237354033986652, 
        "B_cdp_2": 0.003916987643109227, 
        "u_B_cdp_2": 0.00015215339465953425, 
        "B_c3pl1_2": 0.0008704415650149467, 
        "u_B_c3pl1_2": 0.000137628954616921, 
        "B_c3pl2_2": 0.0008704415650149467, 
        "u_B_c3pl2_2": 0.000137628954616921, 
        "B_ctp_2": 0.0034817668030548035, 
        "u_B_ctp_2": 0.00013762817542702115, 
        "B_ctg_2": 0.9378283915354091, 
        "u_B_ctg_2": 0.06539870245773047, 
        "B_cll1221_2": 0.0007253679626793951, 
        "u_B_cll1221_2": 0.00017767818428039974, 
        "B_cpdc_cdp": -0.0018859568634099415, 
        "u_B_cpdc_cdp": 6.88143840108024e-05, 
        "B_cpdc_c3pl1": 0.0008341733001798128, 
        "u_B_cpdc_c3pl1": 5.2557763567953195e-05, 
        "B_cpdc_c3pl2": 0.0008341733001798128, 
        "u_B_cpdc_c3pl2": 5.2557763567953195e-05, 
        "B_cpdc_ctp": 0.0018134201531235263, 
        "u_B_cpdc_ctp": 5.1290831650781036e-05, 
        "B_cpdc_ctg": -0.028253085917916608, 
        "u_B_cpdc_ctg": 0.0010641536029823383, 
        "B_cpdc_cll1221": -0.0008704417296804973, 
        "u_B_cpdc_cll1221": 5.6186556572546725e-05, 
        "B_cdp_c3pl1": -0.003771913809439301, 
        "u_B_cdp_c3pl1": 7.607631550098824e-05, 
        "B_cdp_c3pl2": -0.003771913809439301, 
        "u_B_cdp_c3pl2": 7.607631550098824e-05, 
        "B_cdp_ctp": -0.007435022305590722, 
        "u_B_cdp_ctp": 5.7343608096413464e-05, 
        "B_cdp_ctg": 0.11297608035630777, 
        "u_B_cdp_ctg": 0.004164771070699009, 
        "B_cdp_cll1221": 0.0036993770991528866, 
        "u_B_cdp_cll1221": 6.881303996491718e-05, 
        "B_c3pl1_c3pl2": 0.0017771515501220614, 
        "u_B_c3pl1_c3pl2": 9.526948011034711e-05, 
        "B_c3pl1_ctp": 0.0037356454542960935, 
        "u_B_c3pl1_ctp": 7.343677200959477e-05, 
        "B_c3pl1_ctg": -0.05650616935725066, 
        "u_B_c3pl1_ctg": 0.0020801762001082654, 
        "B_c3pl1_cll1221": -0.0018134202357429454, 
        "u_B_c3pl1_cll1221": 0.0, 
        "B_c3pl2_ctp": 0.0037356454542960935, 
        "u_B_c3pl2_ctp": 7.343677200959477e-05, 
        "B_c3pl2_ctg": -0.05650616935725066, 
        "u_B_c3pl2_ctg": 0.0020801762001082654, 
        "B_c3pl2_cll1221": -0.0018134202357429454, 
        "u_B_c3pl2_cll1221": 0.0, 
        "B_ctp_ctg": -0.11355635619280462, 
        "u_B_ctp_ctg": 0.004201038529252421, 
        "B_ctp_cll1221": -0.0036631088266290976, 
        "u_B_ctp_cll1221": 3.4403106461703306e-05, 
        "B_ctg_cll1221": 0.056614974174822016, 
        "u_B_ctg_cll1221": 0.00206408537546509
    }, 
    "550.0": {
        "A_cpdc": -0.030311718435158758, 
        "u_A_cpdc": 2.8007012854659318e-05, 
        "A_cdp": 0.12124990242291826, 
        "u_A_cdp": 0.00011327303137841615, 
        "A_c3pl1": -0.06062162186763777, 
        "u_A_c3pl1": 5.934138982476296e-05, 
        "A_c3pl2": -0.06062162186763777, 
        "u_A_c3pl2": 5.934138982476296e-05, 
        "A_ctp": -0.12187773336507289, 
        "u_A_ctp": 0.00011519956626419892, 
        "A_ctg": 2.486399892534188, 
        "u_A_ctg": 0.13157300171766165, 
        "A_cll1221": 0.060625254631359995, 
        "u_A_cll1221": 5.632438807973305e-05, 
        "B_cpdc_2": 0.00024217407026893862, 
        "u_B_cpdc_2": 0.00022107368007674878, 
        "B_cdp_2": 0.0035115244395075877, 
        "u_B_cdp_2": 0.00011053475104966556, 
        "B_c3pl1_2": 0.0006054351202658419, 
        "u_B_c3pl1_2": 0.00026620798516111525, 
        "B_c3pl2_2": 0.0006054351202658419, 
        "u_B_c3pl2_2": 0.00026620798516111525, 
        "B_ctp_2": 0.003390437142567909, 
        "u_B_ctp_2": 0.00022107352622816807, 
        "B_ctg_2": 1.6036767871914877, 
        "u_B_ctg_2": 0.14427267136579902, 
        "B_cll1221_2": 0.000847609216682909, 
        "u_B_cll1221_2": 0.0001105368998825699, 
        "B_cpdc_cdp": -0.0018768490339799945, 
        "u_B_cpdc_cdp": 0.00010190998386721516, 
        "B_cpdc_c3pl1": 0.0009686964722471472, 
        "u_B_cpdc_c3pl1": 6.990909722780313e-05, 
        "B_cpdc_c3pl2": 0.0009686964722471472,