{
    "0.0": {
        "A_cpg": -5.0080139202303186e-09, 
        "u_A_cpg": 4.6260825406820596e-10, 
        "B_cpg_2": 233.202256934941, 
        "u_B_cpg_2": 0.12460470297461854
    }, 
    "200.0": {
        "A_cpg": 1.6662992174116538e-09, 
        "u_A_cpg": 2.3208242191551637e-09, 
        "B_cpg_2": 268.8286220915779, 
        "u_B_cpg_2": 3.2075475232896813
    }, 
    "300.0": {
        "A_cpg": 6.834152892632866e-09, 
        "u_A_cpg": 4.536327764823921e-09, 
        "B_cpg_2": 379.95687945766514, 
        "u_B_cpg_2": 7.50668951493498
    }, 
    "450.0": {
        "A_cpg": -3.25545792875095e-08, 
        "u_A_cpg": 1.5480074509637222e-08, 
        "B_cpg_2": 653.4707173765659, 
        "u_B_cpg_2": 50.46568374392983
    }, 
    "650.0": {
        "A_cpg": -1.6204948437644294e-07, 
        "u_A_cpg": 1.050126118185391e-07, 
        "B_cpg_2": 1534.3244419551743, 
        "u_B_cpg_2": 202.288995565062
    }
}