{
    "450.0": {
        "A_chgtil": 0.7904350448322833, 
        "u_A_chgtil": 0.8372255468556975, 
        "A_chg": 19.554343319717223, 
        "u_A_chg": 5.282982197466711, 
        "B_chgtil_2": 745.7923211304486, 
        "u_B_chgtil_2": 403.5928868242161, 
        "B_chg_2": 757.5229543302036, 
        "u_B_chg_2": 403.5254683184762, 
        "B_chgtil_chg": -12.68758864462983, 
        "u_B_chgtil_chg": 8.904103586990315
    }, 
    "500.0": {
        "A_chgtil": -0.04870560790105208, 
        "u_A_chgtil": 0.9619000058610371, 
        "A_chg": 16.305352330510406, 
        "u_A_chg": 4.022934146354723, 
        "B_chgtil_2": 341.97151075215714, 
        "u_B_chgtil_2": 61.82175120245, 
        "B_chg_2": 328.08760207496755, 
        "u_B_chg_2": 60.40351753705641, 
        "B_chgtil_chg": 15.688497869986582, 
        "u_B_chgtil_chg": 13.886151661803586
    }, 
    "550.0": {
        "A_chgtil": -0.14517876614096406, 
        "u_A_chgtil": 0.20386186660012534, 
        "A_chg": 0.9272642526120778, 
        "u_A_chg": 3.43325632460689, 
        "B_chgtil_2": 154.9370761695273, 
        "u_B_chgtil_2": 36.96573411031126, 
        "B_chg_2": 156.97786823512553, 
        "u_B_chg_2": 36.818153442926274, 
        "B_chgtil_chg": 2.831209340790388, 
        "u_B_chgtil_chg": 1.9291481874354643
    }, 
    "600.0": {
        "A_chgtil": -0.5155378089515761, 
        "u_A_chgtil": 0.3632666584798944, 
        "A_chg": 6.489828380508765, 
        "u_A_chg": 2.9066942479354556, 
        "B_chgtil_2": 193.5573879062531, 
        "u_B_chgtil_2": 30.32208160010622, 
        "B_chg_2": 188.77942978788025, 
        "u_B_chg_2": 29.267167943311303, 
        "B_chgtil_chg": -0.6634179548258144, 
        "u_B_chgtil_chg": 2.6077296488991166
    }, 
    "675.0": {
        "A_chgtil": -0.9067152055727281, 
        "u_A_chgtil": 0.7090765525600216, 
        "A_chg": -4.17125534191224, 
        "u_A_chg": 1.7189100332469078, 
        "B_chgtil_2": 96.63561975184035, 
        "u_B_chgtil_2": 27.317434386328213, 
        "B_chg_2": 102.8383216038023, 
        "u_B_chg_2": 30.646198924817103, 
        "B_chgtil_chg": 14.625456182512044, 
        "u_B_chgtil_chg": 11.413857002263958
    }, 
    "800.0": {
        "A_chgtil": 0.06911294780233389, 
        "u_A_chgtil": 0.11257139622980827, 
        "A_chg": -3.2850376646366306, 
        "u_A_chg": 0.690824458170879, 
        "B_chgtil_2": 31.31095008110657, 
        "u_B_chgtil_2": 6.6850015141347185, 
        "B_chg_2": 30.637056245620617, 
        "u_B_chg_2": 6.4094292636510275, 
        "B_chgtil_chg": -0.3227483606687137, 
        "u_B_chgtil_chg": 0.48527810704801017
    }
}