{
    "0.0": {
        "A_cpg": 32.70665254492379, 
        "u_A_cpg": 0.05697637767551679, 
        "B_cpg_2": -2.597590154022688e-05, 
        "u_B_cpg_2": 3.989471861885239e-06
    }, 
    "5.0": {
        "A_cpg": 32.590791759726656, 
        "u_A_cpg": 0.004085908162816473, 
        "B_cpg_2": -2.757945056417534e-05, 
        "u_B_cpg_2": 2.966906696463567e-06
    }, 
    "10.0": {
        "A_cpg": 32.59847749393376, 
        "u_A_cpg": 0.003844234177610512, 
        "B_cpg_2": -2.625267819283535e-05, 
        "u_B_cpg_2": 2.778472374592944e-06
    }, 
    "15.0": {
        "A_cpg": 32.5795535649823, 
        "u_A_cpg": 0.008111058940489838, 
        "B_cpg_2": -3.114372255877394e-05, 
        "u_B_cpg_2": 2.905365106014537e-06
    }, 
    "20.0": {
        "A_cpg": 32.58826771237928, 
        "u_A_cpg": 0.007120709678832612, 
        "B_cpg_2": -3.1848984514214304e-05, 
        "u_B_cpg_2": 3.1918587096246105e-06
    }, 
    "25.0": {
        "A_cpg": 32.59041039398781, 
        "u_A_cpg": 0.008981862221285705, 
        "B_cpg_2": -3.0704734051540644e-05, 
        "u_B_cpg_2": 3.3632944018495376e-06
    }, 
    "30.0": {
        "A_cpg": 32.59794966871065, 
        "u_A_cpg": 0.012410842768682444, 
        "B_cpg_2": -2.488677142882855e-05, 
        "u_B_cpg_2": 3.8130057524255378e-06
    }, 
    "35.0": {
        "A_cpg": 32.5926355906966, 
        "u_A_cpg": 0.013296803035692641, 
        "B_cpg_2": -2.4744185438545073e-05, 
        "u_B_cpg_2": 2.9088328472097586e-06
    }, 
    "45.0": {
        "A_cpg": 32.58441306396935, 
        "u_A_cpg": 0.03217503497968891, 
        "B_cpg_2": -1.3487343923441848e-05, 
        "u_B_cpg_2": 2.8687923656924165e-06
    }, 
    "60.0": {
        "A_cpg": 32.716221531235526, 
        "u_A_cpg": 0.039950782745204146, 
        "B_cpg_2": -7.875010931881197e-06, 
        "u_B_cpg_2": 3.1135270323136615e-06
    }, 
    "80.0": {
        "A_cpg": 32.691969265620706, 
        "u_A_cpg": 0.05814029328288874, 
        "B_cpg_2": 5.275814969041621e-06, 
        "u_B_cpg_2": 3.87216858817193e-06
    }, 
    "100.0": {
        "A_cpg": 32.78042349009193, 
        "u_A_cpg": 0.07913319577745145, 
        "B_cpg_2": 5.739930833093744e-06, 
        "u_B_cpg_2": 4.973196680382028e-06
    }, 
    "120.0": {
        "A_cpg": 32.86604373684921, 
        "u_A_cpg": 0.11731745132283525, 
        "B_cpg_2": -5.28732509234148e-06, 
        "u_B_cpg_2": 5.512898456052848e-06
    }, 
    "140.0": {
        "A_cpg": 32.461522045488216, 
        "u_A_cpg": 0.15717439241456893, 
        "B_cpg_2": -1.1296745193539615e-06, 
        "u_B_cpg_2": 5.527352566369192e-06
    }, 
    "170.0": {
        "A_cpg": 33.19285746844962, 
        "u_A_cpg": 0.2043152644727884, 
        "B_cpg_2": 7.99754770366478e-06, 
        "u_B_cpg_2": 7.1195221840539265e-06
    }, 
    "200.0": {
        "A_cpg": 33.93571853575023, 
        "u_A_cpg": 0.24635391000148493, 
        "B_cpg_2": -8.621198727701932e-06, 
        "u_B_cpg_2": 7.136950555941737e-06
    }, 
    "250.0": {
        "A_cpg": 36.15677847585512, 
        "u_A_cpg": 0.4177902454205429, 
        "B_cpg_2": -1.3157025244948909e-06, 
        "u_B_cpg_2": 8.745988153277706e-06
    }, 
    "350.0": {
        "A_cpg": 43.313193715219434, 
        "u_A_cpg": 0.5953337260605608, 
        "B_cpg_2": 1.542771257805907e-05, 
        "u_B_cpg_2": 1.5937339913526505e-05
    }, 
    "450.0": {
        "A_cpg": 52.10407101659392, 
        "u_A_cpg": 2.9896032290468377, 
        "B_cpg_2": -6.519414038780601e-05, 
        "u_B_cpg_2": 3.666567381879433e-05
    }
}