{
    "30.0": {
        "A_cpg": 36.364713782304904, 
        "u_A_cpg": 0.002711421563040237, 
        "B_cpg_2": 1.0014968868423872e-05, 
        "u_B_cpg_2": 1.5371989637312133e-06
    }, 
    "55.0": {
        "A_cpg": 36.47047456576061, 
        "u_A_cpg": 0.013195840052015162, 
        "B_cpg_2": 3.200015972030344e-06, 
        "u_B_cpg_2": 1.974635852447553e-06
    }, 
    "95.0": {
        "A_cpg": 36.41744917898755, 
        "u_A_cpg": 0.07885027643399348, 
        "B_cpg_2": 2.8024271267664966e-06, 
        "u_B_cpg_2": 2.9795374256570576e-06
    }, 
    "200.0": {
        "A_cpg": 40.00717829082672, 
        "u_A_cpg": 0.2847874141915478, 
        "B_cpg_2": -7.695088058906572e-07, 
        "u_B_cpg_2": 5.625634603396427e-06
    }
}