{
    "0.0": {
        "A_cpg": 31.00497820330618, 
        "u_A_cpg": 0.00438676658927348, 
        "B_cpg_2": -1.3251222890682937e-05, 
        "u_B_cpg_2": 2.3812370043355713e-06
    }, 
    "30.0": {
        "A_cpg": 30.97485043699856, 
        "u_A_cpg": 0.014435085013260861, 
        "B_cpg_2": -1.39597184833016e-05, 
        "u_B_cpg_2": 4.430543996828458e-06
    }, 
    "45.0": {
        "A_cpg": 31.08699977782697, 
        "u_A_cpg": 0.03471790560412488, 
        "B_cpg_2": -4.013924341607677e-06, 
        "u_B_cpg_2": 4.14450534479561e-06
    }, 
    "80.0": {
        "A_cpg": 30.919280461338506, 
        "u_A_cpg": 0.137999375557022, 
        "B_cpg_2": 2.940282560044559e-06, 
        "u_B_cpg_2": 5.757400235690463e-06
    }, 
    "120.0": {
        "A_cpg": 31.238125394549492, 
        "u_A_cpg": 0.1709240563777986, 
        "B_cpg_2": -7.133004902078912e-06, 
        "u_B_cpg_2": 6.747356062893344e-06
    }, 
    "200.0": {
        "A_cpg": 35.38555675305439, 
        "u_A_cpg": 0.5583511225976661, 
        "B_cpg_2": 1.1311955160869424e-05, 
        "u_B_cpg_2": 1.0397960467250213e-05
    }
}