{
    "0.0": {
        "A_cpg": -5.0422547050161695e-09, 
        "u_A_cpg": 8.228709362037628e-10, 
        "B_cpg_2": 297.01437756566156, 
        "u_B_cpg_2": 1.13188552969744, 
        "B_cpdc_cpg": -0.7730429831078519, 
        "u_B_cpdc_cpg": 0.00025710987000815004, 
        "B_cdp_cpg": 3.0921718624008974, 
        "u_B_cdp_cpg": 0.0010284328698661471, 
        "B_cpg_c3pl1": -1.5460857390435618, 
        "u_B_cpg_c3pl1": 0.0005142317333433027, 
        "B_cpg_c3pl2": -1.5460857390435618, 
        "u_B_cpg_c3pl2": 0.0005142317333433027, 
        "B_cpg_ctp": -3.1083021007841922, 
        "u_B_cpg_ctp": 0.0010338349392537138, 
        "B_cpg_ctg": 29.209193899871703, 
        "u_B_cpg_ctg": 0.017058763033565582, 
        "B_cpg_cll1221": 1.5460859269302958, 
        "u_B_cpg_cll1221": 0.0005142298871133442
    }, 
    "45.0": {
        "A_cpg": -3.095406699249862e-09, 
        "u_A_cpg": 8.685933900753972e-10, 
        "B_cpg_2": 318.0232926572753, 
        "u_B_cpg_2": 1.449992719745343, 
        "B_cpdc_cpg": -0.7736260710574631, 
        "u_B_cpdc_cpg": 0.00033846669720551033, 
        "B_cdp_cpg": 3.0945047323107913, 
        "u_B_cdp_cpg": 0.0013538813266457611, 
        "B_cpg_c3pl1": -1.5472521454463826, 
        "u_B_cpg_c3pl1": 0.0006769583065832653, 
        "B_cpg_c3pl2": -1.5472521454463826, 
        "u_B_cpg_c3pl2": 0.0006769583065832653, 
        "B_cpg_ctp": -3.110646923053203, 
        "u_B_cpg_ctp": 0.0013609269180711312, 
        "B_cpg_ctg": 29.28502063476319, 
        "u_B_cpg_ctg": 0.026864452863676145, 
        "B_cpg_cll1221": 1.5472523036905805, 
        "u_B_cpg_cll1221": 0.000676939411878729
    }, 
    "80.0": {
        "A_cpg": -1.478827151709837e-09, 
        "u_A_cpg": 2.079937395561176e-09, 
        "B_cpg_2": 370.9374216422824, 
        "u_B_cpg_2": 3.830163161182307, 
        "B_cpdc_cpg": -0.7773151270823991, 
        "u_B_cpdc_cpg": 0.0014162169154268486, 
        "B_cdp_cpg": 3.109260265810424, 
        "u_B_cdp_cpg": 0.005664880138421, 
        "B_cpg_c3pl1": -1.554629982688112, 
        "u_B_cpg_c3pl1": 0.0028324201152548564, 
        "B_cpg_c3pl2": -1.554629982688112, 
        "u_B_cpg_c3pl2": 0.0028324201152548564, 
        "B_cpg_ctp": -3.1254794160070603, 
        "u_B_cpg_ctp": 0.0056943853449536045, 
        "B_cpg_ctg": 29.808883339970542, 
        "u_B_cpg_ctg": 0.12470212689218467, 
        "B_cpg_cll1221": 1.55463007680003, 
        "u_B_cpg_cll1221": 0.002832417524270997
    }, 
    "120.0": {
        "A_cpg": 3.793773661117626e-09, 
        "u_A_cpg": 4.68871147003027e-09, 
        "B_cpg_2": 340.0468312317881, 
        "u_B_cpg_2": 9.848359093344557, 
        "B_cpdc_cpg": -0.7866636758411796, 
        "u_B_cpdc_cpg": 0.005647188171540847, 
        "B_cdp_cpg": 3.1466553200307716, 
        "u_B_cdp_cpg": 0.022588780772462045, 
        "B_cpg_c3pl1": -1.5733268068608945, 
        "u_B_cpg_c3pl1": 0.011294382200953832, 
        "B_cpg_c3pl2": -1.5733268068608945, 
        "u_B_cpg_c3pl2": 0.011294382200953832, 
        "B_cpg_ctp": -3.1630682123444718, 
        "u_B_cpg_ctp": 0.02270657595750929, 
        "B_cpg_ctg": 31.188959738942682, 
        "u_B_cpg_ctg": 0.511331428165015, 
        "B_cpg_cll1221": 1.5733280362016355, 
        "u_B_cpg_cll1221": 0.011294445087906677
    }, 
    "140.0": {
        "A_cpg": 1.6127849956771434e-09, 
        "u_A_cpg": 4.096590479873825e-09, 
        "B_cpg_2": 281.8510149299917, 
        "u_B_cpg_2": 9.921886792266923, 
        "B_cpdc_cpg": -0.7815646407642712, 
        "u_B_cpdc_cpg": 0.006811196792052892, 
        "B_cdp_cpg": 3.126260598213119, 
        "u_B_cdp_cpg": 0.027244802621296783, 
        "B_cpg_c3pl1": -1.563129873032226, 
        "u_B_cpg_c3pl1": 0.013622376367455743, 
        "B_cpg_c3pl2": -1.563129873032226, 
        "u_B_cpg_c3pl2": 0.013622376367455743, 
        "B_cpg_ctp": -3.1425689173192324, 
        "u_B_cpg_ctp": 0.027386909200002134, 
        "B_cpg_ctg": 31.128542876451846, 
        "u_B_cpg_ctg": 0.4761697130802946, 
        "B_cpg_cll1221": 1.5631303376511814, 
        "u_B_cpg_cll1221": 0.013622382671089622
    }, 
    "170.0": {
        "A_cpg": 1.3107985837353232e-09, 
        "u_A_cpg": 3.937557698996556e-09, 
        "B_cpg_2": 232.96721199229515, 
        "u_B_cpg_2": 10.898184346037551, 
        "B_cpdc_cpg": -0.787279707414714, 
        "u_B_cpdc_cpg": 0.011597836007004966, 
        "B_cdp_cpg": 3.149118152523606, 
        "u_B_cdp_cpg": 0.04639149653735597, 
        "B_cpg_c3pl1": -1.574559186611758, 
        "u_B_cpg_c3pl1": 0.02319569030292888, 
        "B_cpg_c3pl2": -1.574559186611758, 
        "u_B_cpg_c3pl2": 0.02319569030292888, 
        "B_cpg_ctp": -3.1655460362950016, 
        "u_B_cpg_ctp": 0.04663344062502252, 
        "B_cpg_ctg": 33.20289303463894, 
        "u_B_cpg_ctg": 0.710894373058397, 
        "B_cpg_cll1221": 1.5745589771884851, 
        "u_B_cpg_cll1221": 0.023195773215181056
    }, 
    "200.0": {
        "A_cpg": -2.563381280251246e-10, 
        "u_A_cpg": 2.959115937142998e-09, 
        "B_cpg_2": 131.03900067395406, 
        "u_B_cpg_2": 13.659129528914795, 
        "B_cpdc_cpg": -0.8322963454409499, 
        "u_B_cpdc_cpg": 0.010180379449047051, 
        "B_cdp_cpg": 3.3291837818117793, 
        "u_B_cdp_cpg": 0.04072142221361962, 
        "B_cpg_c3pl1": -1.6645925557748402, 
        "u_B_cpg_c3pl1": 0.02036078782693167, 
        "B_cpg_c3pl2": -1.6645925557748402, 
        "u_B_cpg_c3pl2": 0.02036078782693167, 
        "B_cpg_ctp": -3.346550685001712, 
        "u_B_cpg_ctp": 0.04093387857555271, 
        "B_cpg_ctg": 38.58121325908488, 
        "u_B_cpg_ctg": 1.1050729558324386, 
        "B_cpg_cll1221": 1.6645918837949918, 
        "u_B_cpg_cll1221": 0.020360704398860258
    }, 
    "350.0": {
        "A_cpg": 1.0605321728941658e-08, 
        "u_A_cpg": 1.0879575844681862e-08, 
        "B_cpg_2": -115.56362676702037, 
        "u_B_cpg_2": 64.28402685527317, 
        "B_cpdc_cpg": -1.0501396555556133, 
        "u_B_cpdc_cpg": 0.03319934409739356, 
        "B_cdp_cpg": 4.200565124157737, 
        "u_B_cdp_cpg": 0.13279949632629998, 
        "B_cpg_c3pl1": -2.100279275188932, 
        "u_B_cpg_c3pl1": 0.06639951931855553, 
        "B_cpg_c3pl2": -2.100279275188932, 
        "u_B_cpg_c3pl2": 0.06639951931855553, 
        "B_cpg_ctp": -4.222474796066337, 
        "u_B_cpg_ctp": 0.13349246501113662, 
        "B_cpg_ctg": 64.16220091446151, 
        "u_B_cpg_ctg": 4.8932711488656855, 
        "B_cpg_cll1221": 2.100282723729194, 
        "u_B_cpg_cll1221": 0.06639986335746004
    }, 
    "450.0": {
        "A_cpg": -5.842378222627564e-08, 
        "u_A_cpg": 3.848093057396976e-08, 
        "B_cpg_2": -930.0606785910346, 
        "u_B_cpg_2": 337.4702804688619, 
        "B_cpdc_cpg": -1.3613109820633658, 
        "u_B_cpdc_cpg": 0.08719538234113244, 
        "B_cdp_cpg": 5.445212154984078, 
        "u_B_cdp_cpg": 0.3487758910985454, 
        "B_cpg_c3pl1": -2.7226117069300573, 
        "u_B_cpg_c3pl1": 0.1743887221048869, 
        "B_cpg_c3pl2": -2.7226117069300573, 
        "u_B_cpg_c3pl2": 0.1743887221048869, 
        "B_cpg_ctp": -5.473622746680953, 
        "u_B_cpg_ctp": 0.35059737160489973, 
        "B_cpg_ctg": 119.38524018559923, 
        "u_B_cpg_ctg": 13.306223931835945, 
        "B_cpg_cll1221": 2.72260088879294, 
        "u_B_cpg_cll1221": 0.17438758326641562
    }
}