{
    "0.0": {
        "A_chgtil": -0.09425911966547364, 
        "u_A_chgtil": 0.11885906054148529, 
        "A_chg": 39.7419686665395, 
        "u_A_chg": 0.016611850414814413, 
        "B_chgtil_2": 377.24471396954374, 
        "u_B_chgtil_2": 3.3416444553560147, 
        "B_chg_2": 395.0576897511107, 
        "u_B_chg_2": 0.34872280902933883, 
        "B_chgtil_chg": -1.9145939616820793, 
        "u_B_chgtil_chg": 2.4004086792203707
    }, 
    "30.0": {
        "A_chgtil": 0.1355491900599309, 
        "u_A_chgtil": 0.12563064292629372, 
        "A_chg": 39.854484688683, 
        "u_A_chg": 0.023859142218175082, 
        "B_chgtil_2": 393.0634082125197, 
        "u_B_chgtil_2": 3.2122887384784358, 
        "B_chg_2": 397.56286966230863, 
        "u_B_chg_2": 0.4525867938198577, 
        "B_chgtil_chg": 2.831580393234174, 
        "u_B_chgtil_chg": 2.5582157299420936
    }, 
    "45.0": {
        "A_chgtil": -0.00041095425995532435, 
        "u_A_chgtil": 0.10232202948154051, 
        "A_chg": 40.222654713309254, 
        "u_A_chg": 0.019025378876070975, 
        "B_chgtil_2": 404.62428390167764, 
        "u_B_chgtil_2": 3.408313644037911, 
        "B_chg_2": 404.92961458707475, 
        "u_B_chg_2": 0.4053964927434418, 
        "B_chgtil_chg": -0.10301190826103439, 
        "u_B_chgtil_chg": 2.1396907217583307
    }, 
    "80.0": {
        "A_chgtil": 0.04459128761400538, 
        "u_A_chgtil": 0.126135071884994, 
        "A_chg": 41.00813062002052, 
        "u_A_chg": 0.04439532347332767, 
        "B_chgtil_2": 420.49511585102067, 
        "u_B_chgtil_2": 3.8119337149560075, 
        "B_chg_2": 421.93753120553066, 
        "u_B_chg_2": 0.8750752359725664, 
        "B_chgtil_chg": 1.4129471604033266, 
        "u_B_chgtil_chg": 2.6525585608366917
    }, 
    "120.0": {
        "A_chgtil": -0.10775072306539143, 
        "u_A_chgtil": 0.16007835489422856, 
        "A_chg": 42.93994302662391, 
        "u_A_chg": 0.09913845492488568, 
        "B_chgtil_2": 472.38130179794376, 
        "u_B_chgtil_2": 6.046133937934305, 
        "B_chg_2": 465.3314612067916, 
        "u_B_chg_2": 2.0959424785361493, 
        "B_chgtil_chg": -2.7112153812009763, 
        "u_B_chgtil_chg": 3.6549758141160402
    }, 
    "200.0": {
        "A_chgtil": -0.07410456366774333, 
        "u_A_chgtil": 0.18538598185058905, 
        "A_chg": 31.10193972128837, 
        "u_A_chg": 0.8376590845380479, 
        "B_chgtil_2": 432.07269642628154, 
        "u_B_chgtil_2": 19.312339416135323, 
        "B_chg_2": 440.2140502811718, 
        "u_B_chg_2": 19.040990276919032, 
        "B_chgtil_chg": -4.401608622289099, 
        "u_B_chgtil_chg": 4.580465545015377
    }
}