{
    "0.9": {
        "A_chl3": -0.25756725668022773, 
        "u_A_chl3": 0.00016212354696606095, 
        "A_chbox": 0.257564884138904, 
        "u_A_chbox": 0.00022928374755391652, 
        "A_cll1": 0.12878276639747785, 
        "u_A_cll1": 0.00011463465150991043, 
        "A_chdd": -0.06439191570582117, 
        "u_A_chdd": 5.7316952002626807e-05, 
        "A_chg": 33.01931859444267, 
        "u_A_chg": 0.065354816549186817, 
        "A_ctgre": -2.0586392911237632, 
        "u_A_ctgre": 0.0051006272420581721, 
        "A_cthre": -0.258909336833509, 
        "u_A_cthre": 0.00023047296485415608, 
        "B_chl3_2": 0.007974103131537272, 
        "u_B_chl3_2": 2.0082376651360182e-05, 
        "B_chl3_cll1": -0.007816789501708703, 
        "u_B_chl3_cll1": 6.4474376424185243e-06, 
        "B_chl3_ctgre": 0.12484397058714489, 
        "u_B_chl3_ctgre": 0.00021848678243850062, 
        "B_chl3_cthre": 0.015642520544541613, 
        "u_B_chl3_cthre": 1.1703928231966603e-05, 
        "B_chbox_2": 0.00785283474531695, 
        "u_B_chbox_2": 1.6441256807217256e-05, 
        "B_chbox_chl3": -0.015669624265942428, 
        "u_B_chbox_chl3": 1.3277793671924885e-05, 
        "B_chbox_cll1": 0.007829922251906013, 
        "u_B_chbox_cll1": 8.3683279632774599e-06, 
        "B_chbox_chg": 2.352739379644744, 
        "u_B_chbox_chg": 0.0050134576522989334, 
        "B_chbox_ctgre": -0.12480291813196047, 
        "u_B_chbox_ctgre": 0.00030941853523468741, 
        "B_chbox_cthre": -0.015730258038263386, 
        "u_B_chbox_cthre": 1.4843741030951402e-05, 
        "B_cll1_2": 0.0019305164900620228, 
        "u_B_cll1_2": 1.400750361431567e-05, 
        "B_chdd_2": 0.0005261488965071828, 
        "u_B_chdd_2": 1.3427163142928954e-05, 
        "B_chdd_chl3": 0.003922505473481349, 
        "u_B_chdd_chl3": 7.7623183512666802e-06, 
        "B_chdd_chbox": -0.0039001518438886913, 
        "u_B_chdd_chbox": 5.5439533519265656e-06, 
        "B_chdd_cll1": -0.0019208764995314678, 
        "u_B_chdd_cll1": 5.5122504066486922e-06, 
        "B_chdd_chg": -0.5881846958136333, 
        "u_B_chdd_chg": 0.0012533603017746088, 
        "B_chdd_ctgre": 0.0311853611047118, 
        "u_B_chdd_ctgre": 7.7477836412620578e-05, 
        "B_chdd_cthre": 0.003966374500310437, 
        "u_B_chdd_cthre": 5.6063011084121868e-06, 
        "B_chg_2": 396.79410609495653, 
        "u_B_chg_2": 2.7966117441635414, 
        "B_chg_chl3": -2.3527392053748772, 
        "u_B_chg_chl3": 0.0035450433331337514, 
        "B_chg_cll1": 1.1763698350472616, 
        "u_B_chg_cll1": 0.0025067227958018531, 
        "B_chg_ctgre": -19.185483477667411, 
        "u_B_chg_ctgre": 0.087552147799409327, 
        "B_chg_cthre": -2.3650121220188898, 
        "u_B_chg_cthre": 0.0050396040312211893, 
        "B_ctgre_2": 0.52086609868246192, 
        "u_B_ctgre_2": 0.0039792648519082286, 
        "B_ctgre_cll1": -0.062406273928161886, 
        "u_B_ctgre_cll1": 0.00015471996086262871, 
        "B_cthre_2": 0.007933028467526032, 
        "u_B_cthre_2": 1.5132485398717626e-05, 
        "B_cthre_cll1": -0.007853393565626652, 
        "u_B_cthre_cll1": 9.3105747581413651e-06, 
        "B_cthre_ctgre": 0.12545144547907905, 
        "u_B_cthre_ctgre": 0.00031066167250572889
    }, 
    "1.7": {
        "A_chl3": -0.257918918924235, 
        "u_A_chl3": 5.1987303204570286e-05, 
        "A_chbox": 0.2579161639727953, 
        "u_A_chbox": 7.3521333862745599e-05, 
        "A_cll1": 0.128958377109931, 
        "u_A_cll1": 3.6759485450579419e-05, 
        "A_chdd": -0.06447978356959146, 
        "u_A_chdd": 1.8379538329294605e-05, 
        "A_chg": 32.88335921440449, 
        "u_A_chg": 0.024478914904926, 
        "A_ctgre": -2.0352461657772758, 
        "u_A_ctgre": 0.0018764610991387821, 
        "A_cthre": -0.25926241218093793, 
        "u_A_cthre": 7.3905624738182104e-05, 
        "B_chl3_2": 0.008012769567095866, 
        "u_B_chl3_2": 9.8071374068403101e-06, 
        "B_chl3_cll1": -0.007827817707078298, 
        "u_B_chl3_cll1": 2.607242474562124e-06, 
        "B_chl3_ctgre": 0.123423606996879, 
        "u_B_chl3_ctgre": 8.0421715549371675e-05, 
        "B_chl3_cthre": 0.01565962032141114, 
        "u_B_chl3_cthre": 4.4298288700948264e-06, 
        "B_chbox_2": 0.007873643540490877, 
        "u_B_chbox_2": 7.7836779459321975e-06, 
        "B_chbox_chl3": -0.015701461210358956, 
        "u_B_chbox_chl3": 5.5560664329108393e-06, 
        "B_chbox_cll1": 0.00784090585205124, 
        "u_B_chbox_cll1": 3.2252062115807099e-06, 
        "B_chbox_chg": 2.349892712885968, 
        "u_B_chbox_chg": 0.0017689991097179553, 
        "B_chbox_ctgre": -0.12338288857123622, 
        "u_B_chbox_ctgre": 0.00011384771456586946, 
        "B_chbox_cthre": -0.01575360760843843, 
        "u_B_chbox_cthre": 5.153264160274242e-06, 
        "B_cll1_2": 0.0019388336880499812, 
        "u_B_cll1_2": 6.87491460299445e-06, 
        "B_chdd_2": 0.0005262744919658054, 
        "u_B_chdd_2": 6.6335012644459362e-06, 
        "B_chdd_chl3": 0.003912294320829381, 
        "u_B_chdd_chl3": 3.7121991389424439e-06, 
        "B_chdd_chbox": -0.0039076911030274195, 
        "u_B_chdd_chbox": 2.4010334380594193e-06, 
        "B_chdd_cll1": -0.0019208331714382057, 
        "u_B_chdd_cll1": 2.6294491578621145e-06, 
        "B_chdd_chg": -0.5874733135354147, 
        "u_B_chdd_chg": 0.00044224927724285842, 
        "B_chdd_ctgre": 0.030833145656068098, 
        "u_B_chdd_ctgre": 2.8507247095844487e-05, 
        "B_chdd_cthre": 0.0039728914591929875, 
        "u_B_chdd_cthre": 2.4379379404507939e-06, 
        "B_chg_2": 386.83609266630003, 
        "u_B_chg_2": 0.96713987235700571, 
        "B_chg_chl3": -2.3498927714000963, 
        "u_B_chg_chl3": 0.0012508703569651808, 
        "B_chg_cll1": 1.1749465051663943, 
        "u_B_chg_cll1": 0.00088449551588656622, 
        "B_chg_ctgre": -18.797973690427643, 
        "u_B_chg_ctgre": 0.035187132220551226, 
        "B_chg_cthre": -2.362150862079331, 
        "u_B_chg_cthre": 0.0017782305001656975, 
        "B_ctgre_2": 0.50146425138354545, 
        "u_B_ctgre_2": 0.001640353337943412, 
        "B_ctgre_cll1": -0.061693812435074241, 
        "u_B_ctgre_cll1": 5.6941749707820241e-05, 
        "B_cthre_2": 0.007930255769274298, 
        "u_B_cthre_2": 7.1029460444375924e-06, 
        "B_cthre_cll1": -0.00786577671921111, 
        "u_B_cthre_cll1": 3.6778556033634631e-06, 
        "B_cthre_ctgre": 0.12402710712061596, 
        "u_B_cthre_ctgre": 0.00011433030466205859
    }, 
    "1.3": {
        "A_chl3": -0.25792174470469476, 
        "u_A_chl3": 9.1684640484458396e-05, 
        "A_chbox": 0.2579185735144815, 
        "u_A_chbox": 0.00012966271081085167, 
        "A_cll1": 0.1289597673676044, 
        "u_A_cll1": 6.4829154165116747e-05, 
        "A_chdd": -0.0644806399603562, 
        "u_A_chdd": 3.2414743607094511e-05, 
        "A_chg": 32.92959194754637, 
        "u_A_chg": 0.049330729237821398, 
        "A_ctgre": -2.0469010860440244, 
        "u_A_ctgre": 0.0039197443081411326, 
        "A_cthre": -0.25926516637079794, 
        "u_A_cthre": 0.00013034216852639556, 
        "B_chl3_2": 0.008036640585422007, 
        "u_B_chl3_2": 1.7574419580832746e-05, 
        "B_chl3_cll1": -0.007824728213234418, 
        "u_B_chl3_cll1": 4.6155130553837997e-06, 
        "B_chl3_ctgre": 0.12413353137144709, 
        "u_B_chl3_ctgre": 0.00016795799394307882, 
        "B_chl3_cthre": 0.01565034089322712, 
        "u_B_chl3_cthre": 7.837235610086872e-06, 
        "B_chbox_2": 0.007893044252318852, 
        "u_B_chbox_2": 1.3934412149686076e-05, 
        "B_chbox_chl3": -0.015717772547875198, 
        "u_B_chbox_chl3": 9.9202730048053111e-06, 
        "B_chbox_cll1": 0.00784683699344023, 
        "u_B_chbox_cll1": 5.7042771500662787e-06, 
        "B_chbox_chg": 2.352448978520527, 
        "u_B_chbox_chg": 0.0035681691087010581, 
        "B_chbox_ctgre": -0.12408652772124373, 
        "u_B_chbox_ctgre": 0.00023778409027116557,