{
    "-0.5": {
        "A_cpg": -1.6176545810933277e-08, 
        "u_A_cpg": 1.6546492256819689e-09, 
        "B_cpg_2": 231.8740384507251, 
        "u_B_cpg_2": 0.02752039627362252
    }, 
    "0.5": {
        "A_cpg": -1.6651405576005914e-08, 
        "u_A_cpg": 9.362790350146251e-10, 
        "B_cpg_2": 232.22698175562783, 
        "u_B_cpg_2": 0.07491523720364097
    }, 
    "1.5": {
        "A_cpg": -1.1542980012585616e-08, 
        "u_A_cpg": 9.520984218040855e-10, 
        "B_cpg_2": 235.21993652846555, 
        "u_B_cpg_2": 0.6856912799249912
    }, 
    "2.5": {
        "A_cpg": -1.7746563953519158e-09, 
        "u_A_cpg": 1.509850313956787e-09, 
        "B_cpg_2": 244.58173369642344, 
        "u_B_cpg_2": 1.7331004725073758
    }, 
    "3.5": {
        "A_cpg": 1.549710889537323e-09, 
        "u_A_cpg": 1.8448649427297205e-09, 
        "B_cpg_2": 249.0571998343296, 
        "u_B_cpg_2": 2.3349157135385656
    }
}