{
    "450.0": {
        "A_cpdc": -0.01915928013673622, 
        "u_A_cpdc": 1.8777291689690112e-05, 
        "A_cdp": 0.07663997753682314, 
        "u_A_cdp": 7.457021779727049e-05, 
        "A_c3pl1": -0.03831951216937081, 
        "u_A_c3pl1": 3.698218807236141e-05, 
        "A_c3pl2": -0.03831951216937081, 
        "u_A_c3pl2": 3.698218807236141e-05, 
        "A_ctp": -0.07704164027668302, 
        "u_A_ctp": 7.509345056643696e-05, 
        "A_ctg": 1.3338362493782598, 
        "u_A_ctg": 0.11814466769433156, 
        "A_cll1221": 0.03832027394652612, 
        "u_A_cll1221": 3.712821032461599e-05, 
        "B_cpdc_2": 7.621791811729185e-05, 
        "u_B_cpdc_2": 7.29731046761772e-05, 
        "B_cdp_2": 0.002400864672853244, 
        "u_B_cdp_2": 7.856295790820782e-05, 
        "B_c3pl1_2": 0.0004954164344681667, 
        "u_B_c3pl1_2": 0.00010022489641414289, 
        "B_c3pl2_2": 0.0004954164344681667, 
        "u_B_c3pl2_2": 0.00010022489641414289, 
        "B_ctp_2": 0.002477082539033804, 
        "u_B_ctp_2": 0.00010022442663799472, 
        "B_ctg_2": 0.7906466473927077, 
        "u_B_ctg_2": 0.1569087936775793, 
        "B_cll1221_2": 0.0005716343522842681, 
        "u_B_cll1221_2": 7.856366956876206e-05, 
        "B_cpdc_cdp": -0.0012004322279113575, 
        "u_B_cpdc_cdp": 3.928179127570148e-05, 
        "B_cpdc_c3pl1": 0.0005906889729210833, 
        "u_B_cpdc_c3pl1": 3.254152331206651e-05, 
        "B_cpdc_c3pl2": 0.0005906889729210833, 
        "u_B_cpdc_c3pl2": 3.254152331206651e-05, 
        "B_cpdc_ctp": 0.0011432688174244112, 
        "u_B_cpdc_ctp": 3.810886107298121e-05, 
        "B_cpdc_ctg": -0.020235858771590984, 
        "u_B_cpdc_ctg": 0.0017826889793943431, 
        "B_cpdc_cll1221": -0.0005906889729210835, 
        "u_B_cpdc_cll1221": 3.254152910186862e-05, 
        "B_cdp_c3pl1": -0.0023437011321479806, 
        "u_B_cdp_c3pl1": 3.9281007368305556e-05, 
        "B_cdp_c3pl2": -0.0023437011321479806, 
        "u_B_cdp_c3pl2": 3.9281007368305556e-05, 
        "B_cdp_ctp": -0.004725511088870976, 
        "u_B_cdp_ctp": 3.111474244167358e-05, 
        "B_cdp_ctg": 0.08079099023872063, 
        "u_B_cdp_ctg": 0.00716237653082186, 
        "B_cdp_cll1221": 0.002305592220760753, 
        "u_B_cdp_cll1221": 3.254052304396472e-05, 
        "B_c3pl1_c3pl2": 0.0012004322279113575, 
        "u_B_c3pl1_c3pl2": 3.928179127570169e-05, 
        "B_c3pl1_ctp": 0.0023246467198604725, 
        "u_B_c3pl1_ctp": 2.4597432060992624e-05, 
        "B_c3pl1_ctg": -0.04047171407069352, 
        "u_B_c3pl1_ctg": 0.0035803168604484985, 
        "B_c3pl1_cll1221": -0.0011432689042366227, 
        "u_B_c3pl1_cll1221": 0.0, 
        "B_c3pl2_ctp": 0.0023246467198604725, 
        "u_B_c3pl2_ctp": 2.4597432060992624e-05, 
        "B_c3pl2_ctg": -0.04047171407069352, 
        "u_B_c3pl2_ctg": 0.0035803168604484985, 
        "B_c3pl2_cll1221": -0.0011432689042366227, 
        "u_B_c3pl2_cll1221": 0.0, 
        "B_ctp_ctg": -0.08132452506835833, 
        "u_B_ctp_ctg": 0.0072071408135650555, 
        "B_ctp_cll1221": -0.002324646676454367, 
        "u_B_ctp_cll1221": 3.648558089716412e-05, 
        "B_ctg_cll1221": 0.04037644200925598, 
        "u_B_ctg_cll1221": 0.0035870502442943747
    }, 
    "500.0": {
        "A_cpdc": -0.019087102988342933, 
        "u_A_cpdc": 1.6550786275912847e-05, 
        "A_cdp": 0.07635868774121467, 
        "u_A_cdp": 6.742954359812347e-05, 
        "A_c3pl1": -0.03817877507699802, 
        "u_A_c3pl1": 3.336418892632473e-05, 
        "A_c3pl2": -0.03817877507699802, 
        "u_A_c3pl2": 3.336418892632473e-05, 
        "A_ctp": -0.07675746310692226, 
        "u_A_ctp": 6.73900551070621e-05, 
        "A_ctg": 1.232946769406954, 
        "u_A_ctg": 0.07550145438586348, 
        "A_cll1221": 0.038180148098934046, 
        "u_A_cll1221": 3.318806081209411e-05, 
        "B_cpdc_2": -9.146150264432141e-05, 
        "u_B_cpdc_2": 5.784533485645732e-05, 
        "B_cdp_2": 0.002149345467042593, 
        "u_B_cdp_2": 9.2597297875639e-05, 
        "B_c3pl1_2": 0.0005487689483011373, 
        "u_B_c3pl1_2": 0.00014169158434100144, 
        "B_c3pl2_2": 0.0005487689483011373, 
        "u_B_c3pl2_2": 0.00014169158434100144, 
        "B_ctp_2": 0.002515191693495223, 
        "u_B_ctp_2": 9.700903599365086e-05, 
        "B_ctg_2": 0.6842235530559427, 
        "u_B_ctg_2": 0.060649806294293, 
        "B_cll1221_2": 0.0004573075408597182, 
        "u_B_cll1221_2": 0.0, 
        "B_cpdc_cdp": -0.0010975380543099694, 
        "u_B_cpdc_cdp": 2.8922553098147366e-05, 
        "B_cpdc_c3pl1": 0.0005716345094143708, 
        "u_B_cpdc_c3pl1": 3.615311020546806e-05, 
        "B_cpdc_c3pl2": 0.0005716345094143708, 
        "u_B_cpdc_c3pl2": 3.615311020546806e-05, 
        "B_cpdc_ctp": 0.0011661340948069781, 
        "u_B_cpdc_ctp": 6.821413477554245e-05, 
        "B_cpdc_ctg": -0.018703879856689205, 
        "u_B_cpdc_ctg": 0.001151831375435158, 
        "B_cpdc_cll1221": -0.0005487690323637172, 
        "u_B_cpdc_cll1221": 3.542287522605954e-05, 
        "B_cdp_c3pl1": -0.0022179417679762357, 
        "u_B_cdp_c3pl1": 4.6297280100493825e-05, 
        "B_cdp_c3pl2": -0.0022179417679762357, 
        "u_B_cdp_c3pl2": 4.6297280100493825e-05, 
        "B_cdp_ctp": -0.004595940859604172, 
        "u_B_cdp_ctp": 3.8935095238127896e-05, 
        "B_cdp_ctg": 0.07476978362853412, 
        "u_B_cdp_ctg": 0.004584603619487805, 
        "B_cdp_cll1221": 0.0023551336406209466, 
        "u_B_cdp_cll1221": 3.313516545889843e-05, 
        "B_c3pl1_c3pl2": 0.0012118651009956122, 
        "u_B_c3pl1_c3pl2": 4.629829204462194e-05, 
        "B_c3pl1_ctp": 0.002286537600123938, 
        "u_B_c3pl1_ctp": 0.0, 
        "B_c3pl1_ctg": -0.03736202599864878, 
        "u_B_c3pl1_ctg": 0.0023029881204494483, 
        "B_c3pl1_cll1221": -0.0011432688521492958, 
        "u_B_c3pl1_cll1221": 0.0, 
        "B_c3pl2_ctp": 0.002286537600123938, 
        "u_B_c3pl2_ctp": 0.0, 
        "B_c3pl2_ctg": -0.03736202599864878, 
        "u_B_c3pl2_ctg": 0.0023029881204494483, 
        "B_c3pl2_cll1221": -0.0011432688521492958, 
        "u_B_c3pl2_cll1221": 0.0, 
        "B_ctp_ctg": -0.07515848947221312, 
        "u_B_ctp_ctg": 0.004594411212993837, 
        "B_ctp_cll1221": -0.002355133848970254, 
        "u_B_ctp_cll1221": 5.647275381306304e-05, 
        "B_ctg_cll1221": 0.03733916070390377, 
        "u_B_ctg_cll1221": 0.002289746462191299
    }, 
    "550.0": {
        "A_cpdc": -0.019140606395995848, 
        "u_A_cpdc": 4.868782228709545e-05, 
        "A_cdp": 0.0765616512190574, 
        "u_A_cdp": 0.00019699301612379077, 
        "A_c3pl1": -0.03828121452823592, 
        "u_A_c3pl1": 9.683705343683251e-05, 
        "A_c3pl2": -0.03828121452823592, 
        "u_A_c3pl2": 9.683705343683251e-05, 
        "A_ctp": -0.07696255001145665, 
        "u_A_ctp": 0.00019975960590567653, 
        "A_ctg": 1.4670324424109904, 
        "u_A_ctg": 0.09483982041390636, 
        "A_cll1221": 0.03827892789458677, 
        "u_A_cll1221": 9.680310916093676e-05, 
        "B_cpdc_2": 0.00015243583713815478, 
        "u_B_cpdc_2": 0.00012446335060570498, 
        "B_cdp_2": 0.002286537808473245, 
        "u_B_cdp_2": 0.0, 
        "B_c3pl1_2": 0.0006097433114182116, 
        "u_B_c3pl1_2": 0.00012446344088329133, 
        "B_c3pl2_2": 0.0006097433114182116, 
        "u_B_c3pl2_2": 0.00012446344088329133, 
        "B_ctp_2": 0.0025914094468199086, 
        "u_B_ctp_2": 0.0001244614239106999, 
        "B_ctg_2": 0.8720854390343652, 
        "u_B_ctg_2": 0.11078203902564075, 
        "B_cll1221_2": 0.000762179113229101, 
        "u_B_cll1221_2": 0.00012446353624901132, 
        "B_cpdc_cdp": -0.0011432689042366224, 
        "u_B_cpdc_cdp": 0.0, 
        "B_cpdc_c3pl1": 0.0006097434676801921, 
        "u_B_cpdc_c3pl1": 6.223116923981322e-05, 
        "B_cpdc_c3pl2": 0.0006097434676801921, 
        "u_B_cpdc_c3pl2": 6.223116923981322e-05, 
        "B_cpdc_ctp": 0.0011432689042366224,