{
    "0.0": {
        "A_cpg": -5.0422547050161695e-09, 
        "u_A_cpg": 8.228709362037629e-10, 
        "B_cpg_2": 297.0143775656616, 
        "u_B_cpg_2": 1.1318855296974337, 
        "B_cpdc_cpg": -0.7730429831078519, 
        "u_B_cpdc_cpg": 0.00025710987000818495, 
        "B_cdp_cpg": 3.0921718624008983, 
        "u_B_cdp_cpg": 0.0010284328698658676, 
        "B_cpg_c3pl1": -1.546085739043562, 
        "u_B_cpg_c3pl1": 0.000514231733343163, 
        "B_cpg_c3pl2": -1.546085739043562, 
        "u_B_cpg_c3pl2": 0.000514231733343163, 
        "B_cpg_ctp": -3.1083021007841927, 
        "u_B_cpg_ctp": 0.0010338349392532969, 
        "B_cpg_ctg": 29.209193899871703, 
        "u_B_cpg_ctg": 0.017058763033565582, 
        "B_cpg_cll1221": 1.5460859269302956, 
        "u_B_cpg_cll1221": 0.0005142298871135538
    }, 
    "45.0": {
        "A_cpg": -3.0954066992498625e-09, 
        "u_A_cpg": 8.685933900753974e-10, 
        "B_cpg_2": 318.0232926572753, 
        "u_B_cpg_2": 1.4499927197453446, 
        "B_cpdc_cpg": -0.773626071057463, 
        "u_B_cpdc_cpg": 0.0003384666972055621, 
        "B_cdp_cpg": 3.094504732310791, 
        "u_B_cdp_cpg": 0.0013538813266458648, 
        "B_cpg_c3pl1": -1.5472521454463823, 
        "u_B_cpg_c3pl1": 0.0006769583065833689, 
        "B_cpg_c3pl2": -1.5472521454463823, 
        "u_B_cpg_c3pl2": 0.0006769583065833689, 
        "B_cpg_ctp": -3.110646923053203, 
        "u_B_cpg_ctp": 0.0013609269180709254, 
        "B_cpg_ctg": 29.285020634763193, 
        "u_B_cpg_ctg": 0.026864452863675475, 
        "B_cpg_cll1221": 1.5472523036905805, 
        "u_B_cpg_cll1221": 0.000676939411878729
    }, 
    "80.0": {
        "A_cpg": -1.4788271517098366e-09, 
        "u_A_cpg": 2.079937395561176e-09, 
        "B_cpg_2": 370.93742164228235, 
        "u_B_cpg_2": 3.8301631611823117, 
        "B_cpdc_cpg": -0.7773151270823991, 
        "u_B_cpdc_cpg": 0.0014162169154268486, 
        "B_cdp_cpg": 3.109260265810423, 
        "u_B_cdp_cpg": 0.00566488013842143, 
        "B_cpg_c3pl1": -1.5546299826881123, 
        "u_B_cpg_c3pl1": 0.002832420115254695, 
        "B_cpg_c3pl2": -1.5546299826881123, 
        "u_B_cpg_c3pl2": 0.002832420115254695, 
        "B_cpg_ctp": -3.1254794160070603, 
        "u_B_cpg_ctp": 0.005694385344953497, 
        "B_cpg_ctg": 29.808883339970546, 
        "u_B_cpg_ctg": 0.12470212689218467, 
        "B_cpg_cll1221": 1.5546300768000298, 
        "u_B_cpg_cll1221": 0.002832417524271105
    }, 
    "120.0": {
        "A_cpg": 3.793773661117625e-09, 
        "u_A_cpg": 4.688711470030269e-09, 
        "B_cpg_2": 340.0468312317881, 
        "u_B_cpg_2": 9.84835909334455, 
        "B_cpdc_cpg": -0.7866636758411795, 
        "u_B_cpdc_cpg": 0.005647188171540809, 
        "B_cdp_cpg": 3.146655320030772, 
        "u_B_cdp_cpg": 0.022588780772461896, 
        "B_cpg_c3pl1": -1.573326806860895, 
        "u_B_cpg_c3pl1": 0.01129438220095361, 
        "B_cpg_c3pl2": -1.573326806860895, 
        "u_B_cpg_c3pl2": 0.01129438220095361, 
        "B_cpg_ctp": -3.163068212344471, 
        "u_B_cpg_ctp": 0.022706575957509884, 
        "B_cpg_ctg": 31.188959738942682, 
        "u_B_cpg_ctg": 0.511331428165015, 
        "B_cpg_cll1221": 1.5733280362016357, 
        "u_B_cpg_cll1221": 0.011294445087906453
    }, 
    "140.0": {
        "A_cpg": 1.6127849956771448e-09, 
        "u_A_cpg": 4.096590479873825e-09, 
        "B_cpg_2": 281.8510149299916, 
        "u_B_cpg_2": 9.921886792266939, 
        "B_cpdc_cpg": -0.7815646407642711, 
        "u_B_cpdc_cpg": 0.006811196792052892, 
        "B_cdp_cpg": 3.126260598213118, 
        "u_B_cdp_cpg": 0.02724480262129704, 
        "B_cpg_c3pl1": -1.563129873032226, 
        "u_B_cpg_c3pl1": 0.013622376367455806, 
        "B_cpg_c3pl2": -1.563129873032226, 
        "u_B_cpg_c3pl2": 0.013622376367455806, 
        "B_cpg_ctp": -3.142568917319231, 
        "u_B_cpg_ctp": 0.0273869092000029, 
        "B_cpg_ctg": 31.128542876451853, 
        "u_B_cpg_ctg": 0.4761697130802932, 
        "B_cpg_cll1221": 1.5631303376511811, 
        "u_B_cpg_cll1221": 0.013622382671089686
    }, 
    "170.0": {
        "A_cpg": 1.3107985837353222e-09, 
        "u_A_cpg": 3.937557698996556e-09, 
        "B_cpg_2": 232.96721199229515, 
        "u_B_cpg_2": 10.898184346037551, 
        "B_cpdc_cpg": -0.787279707414714, 
        "u_B_cpdc_cpg": 0.011597836007004942, 
        "B_cdp_cpg": 3.149118152523606, 
        "u_B_cdp_cpg": 0.046391496537355865, 
        "B_cpg_c3pl1": -1.574559186611758, 
        "u_B_cpg_c3pl1": 0.02319569030292888, 
        "B_cpg_c3pl2": -1.574559186611758, 
        "u_B_cpg_c3pl2": 0.02319569030292888, 
        "B_cpg_ctp": -3.1655460362950016, 
        "u_B_cpg_ctp": 0.04663344062502252, 
        "B_cpg_ctg": 33.20289303463894, 
        "u_B_cpg_ctg": 0.7108943730583962, 
        "B_cpg_cll1221": 1.5745589771884851, 
        "u_B_cpg_cll1221": 0.023195773215181008
    }, 
    "200.0": {
        "A_cpg": -2.563381280251252e-10, 
        "u_A_cpg": 2.959115937142998e-09, 
        "B_cpg_2": 131.03900067395404, 
        "u_B_cpg_2": 13.659129528914795, 
        "B_cpdc_cpg": -0.8322963454409498, 
        "u_B_cpdc_cpg": 0.01018037944904709, 
        "B_cdp_cpg": 3.3291837818117793, 
        "u_B_cdp_cpg": 0.04072142221361962, 
        "B_cpg_c3pl1": -1.6645925557748402, 
        "u_B_cpg_c3pl1": 0.02036078782693167, 
        "B_cpg_c3pl2": -1.6645925557748402, 
        "u_B_cpg_c3pl2": 0.02036078782693167, 
        "B_cpg_ctp": -3.346550685001711, 
        "u_B_cpg_ctp": 0.040933878575552855, 
        "B_cpg_ctg": 38.581213259084876, 
        "u_B_cpg_ctg": 1.1050729558324401, 
        "B_cpg_cll1221": 1.664591883794992, 
        "u_B_cpg_cll1221": 0.02036070439886022
    }, 
    "350.0": {
        "A_cpg": 1.0605321728941651e-08, 
        "u_A_cpg": 1.0879575844681866e-08, 
        "B_cpg_2": -115.56362676702037, 
        "u_B_cpg_2": 64.28402685527317, 
        "B_cpdc_cpg": -1.0501396555556133, 
        "u_B_cpdc_cpg": 0.033199344097393446, 
        "B_cdp_cpg": 4.200565124157736, 
        "u_B_cdp_cpg": 0.13279949632630134, 
        "B_cpg_c3pl1": -2.100279275188932, 
        "u_B_cpg_c3pl1": 0.06639951931855576, 
        "B_cpg_c3pl2": -2.100279275188932, 
        "u_B_cpg_c3pl2": 0.06639951931855576, 
        "B_cpg_ctp": -4.222474796066337, 
        "u_B_cpg_ctp": 0.13349246501113662, 
        "B_cpg_ctg": 64.16220091446151, 
        "u_B_cpg_ctg": 4.8932711488656855, 
        "B_cpg_cll1221": 2.100282723729194, 
        "u_B_cpg_cll1221": 0.06639986335746027
    }, 
    "450.0": {
        "A_cpg": -5.842378222627564e-08, 
        "u_A_cpg": 3.848093057396976e-08, 
        "B_cpg_2": -930.0606785910345, 
        "u_B_cpg_2": 337.4702804688619, 
        "B_cpdc_cpg": -1.3613109820633658, 
        "u_B_cpdc_cpg": 0.08719538234113244, 
        "B_cdp_cpg": 5.445212154984078, 
        "u_B_cdp_cpg": 0.3487758910985446, 
        "B_cpg_c3pl1": -2.722611706930057, 
        "u_B_cpg_c3pl1": 0.1743887221048873, 
        "B_cpg_c3pl2": -2.722611706930057, 
        "u_B_cpg_c3pl2": 0.1743887221048873, 
        "B_cpg_ctp": -5.473622746680953, 
        "u_B_cpg_ctp": 0.35059737160489973, 
        "B_cpg_ctg": 119.38524018559923, 
        "u_B_cpg_ctg": 13.306223931835945, 
        "B_cpg_cll1221": 2.7226008887929396, 
        "u_B_cpg_cll1221": 0.1743875832664162
    }
}