{
    "0.0": {
        "A_chgtil": -0.1495340454779472, 
        "u_A_chgtil": 0.10014687694840604, 
        "A_chg": 39.27838731429568, 
        "u_A_chg": 0.145253844310848, 
        "B_chgtil_2": 412.2588104638685, 
        "u_B_chgtil_2": 3.8210124043898985, 
        "B_chg_2": 426.781464208926, 
        "u_B_chg_2": 1.7896203379434947, 
        "B_chgtil_chg": -4.408032919594532, 
        "u_B_chgtil_chg": 2.220071110932492
    }, 
    "0.5": {
        "A_chgtil": -0.013029912625427933, 
        "u_A_chgtil": 0.10224686467085718, 
        "A_chg": 39.73192073841259, 
        "u_A_chg": 0.13790874919013568, 
        "B_chgtil_2": 420.3606028012322, 
        "u_B_chgtil_2": 3.8231873696539362, 
        "B_chg_2": 429.3737970697154, 
        "u_B_chg_2": 1.8026851263020334, 
        "B_chgtil_chg": -1.8892303731563407, 
        "u_B_chgtil_chg": 2.32020195640145
    }, 
    "0.9": {
        "A_chgtil": -0.13843485090056296, 
        "u_A_chgtil": 0.10130733195688824, 
        "A_chg": 40.49593575305434, 
        "u_A_chg": 0.10107551449006076, 
        "B_chgtil_2": 427.14900915369947, 
        "u_B_chgtil_2": 3.468807212420845, 
        "B_chg_2": 430.66434957500195, 
        "u_B_chg_2": 1.334073192541459, 
        "B_chgtil_chg": -3.513785616718303, 
        "u_B_chgtil_chg": 2.2628781261474624
    }, 
    "1.3": {
        "A_chgtil": 0.008928292024366142, 
        "u_A_chgtil": 0.08533546366914178, 
        "A_chg": 40.64165853448508, 
        "u_A_chg": 0.08426108136527741, 
        "B_chgtil_2": 432.93807638709643, 
        "u_B_chgtil_2": 3.36400341175267, 
        "B_chg_2": 431.1068651888105, 
        "u_B_chg_2": 1.216142098620038, 
        "B_chgtil_chg": -0.9511713448627217, 
        "u_B_chgtil_chg": 2.0200550168602556
    }, 
    "1.7": {
        "A_chgtil": 0.024066190841176095, 
        "u_A_chgtil": 0.049586800704508695, 
        "A_chg": 40.509335837265326, 
        "u_A_chg": 0.04618491421737067, 
        "B_chgtil_2": 424.2081543760329, 
        "u_B_chgtil_2": 1.8165011412439351, 
        "B_chg_2": 425.63584647864974, 
        "u_B_chg_2": 0.6376086925759477, 
        "B_chgtil_chg": -0.12703442841152554, 
        "u_B_chgtil_chg": 1.1027244660465632
    }, 
    "2.5": {
        "A_chgtil": -0.09110642028902931, 
        "u_A_chgtil": 0.04572652328084553, 
        "A_chg": 39.93054796971437, 
        "u_A_chg": 0.05496499026558593, 
        "B_chgtil_2": 413.73771139093134, 
        "u_B_chgtil_2": 1.63325259740998, 
        "B_chg_2": 422.22963971316983, 
        "u_B_chg_2": 0.727731589785879, 
        "B_chgtil_chg": -2.4183989905276686, 
        "u_B_chgtil_chg": 1.0154998332325385
    }
}