{
    "-0.5": {
        "A_cpg": 55.85259129069931, 
        "u_A_cpg": 0.01475167876840438, 
        "B_cpg_2": -1.2218489751097626e-05, 
        "u_B_cpg_2": 1.0045206450016384e-05
    }, 
    "0.5": {
        "A_cpg": 55.85560096449831, 
        "u_A_cpg": 0.0312549492532269, 
        "B_cpg_2": -2.121343641661682e-05, 
        "u_B_cpg_2": 4.208822305777384e-06
    }, 
    "1.5": {
        "A_cpg": 56.3044531175851, 
        "u_A_cpg": 0.13796604019181935, 
        "B_cpg_2": -2.173424273908185e-05, 
        "u_B_cpg_2": 6.582248443051877e-06
    }, 
    "2.5": {
        "A_cpg": 56.9135941063377, 
        "u_A_cpg": 0.20375258455434742, 
        "B_cpg_2": 1.5333597574249534e-05, 
        "u_B_cpg_2": 9.22058623864735e-06
    }, 
    "3.5": {
        "A_cpg": 56.7761612625628, 
        "u_A_cpg": 0.4795149510234021, 
        "B_cpg_2": -2.10901681708458e-05, 
        "u_B_cpg_2": 1.3381809906825036e-05
    }
}