{
    "0.0": {
        "A_cpg": 23.297372287267198, 
        "u_A_cpg": 0.010982417187738637, 
        "B_cpg_2": 9.02137885813085e-06, 
        "u_B_cpg_2": 1.5641601586016495e-06
    }, 
    "45.0": {
        "A_cpg": 23.30410979786774, 
        "u_A_cpg": 0.012926700942342783, 
        "B_cpg_2": 4.463751749091469e-06, 
        "u_B_cpg_2": 1.553360916232423e-06
    }, 
    "80.0": {
        "A_cpg": 23.49100050244401, 
        "u_A_cpg": 0.04060484314650624, 
        "B_cpg_2": 2.625962941910908e-06, 
        "u_B_cpg_2": 3.1629553605370645e-06
    }, 
    "120.0": {
        "A_cpg": 23.74669247088311, 
        "u_A_cpg": 0.1345121548626745, 
        "B_cpg_2": -1.1547642679848172e-05, 
        "u_B_cpg_2": 7.2185120221032705e-06
    }, 
    "140.0": {
        "A_cpg": 23.373676013794107, 
        "u_A_cpg": 0.20288526694499256, 
        "B_cpg_2": -5.471550087976666e-06, 
        "u_B_cpg_2": 6.912592553188824e-06
    }, 
    "170.0": {
        "A_cpg": 23.900876360442545, 
        "u_A_cpg": 0.4056893310932397, 
        "B_cpg_2": 7.480547175646987e-07, 
        "u_B_cpg_2": 9.013340230083366e-06
    }, 
    "200.0": {
        "A_cpg": 26.006443864351155, 
        "u_A_cpg": 0.24001956533971264, 
        "B_cpg_2": 2.1929064738916808e-06, 
        "u_B_cpg_2": 7.425993286476552e-06
    }, 
    "350.0": {
        "A_cpg": 30.758582050125465, 
        "u_A_cpg": 1.200842740797528, 
        "B_cpg_2": -5.3547963065619165e-06, 
        "u_B_cpg_2": 2.110564596211052e-05
    }, 
    "450.0": {
        "A_cpg": 38.49475006078738, 
        "u_A_cpg": 4.948618432033624, 
        "B_cpg_2": 2.2834688019675095e-05, 
        "u_B_cpg_2": 5.503273522179511e-05
    }
}