{
    "-0.5": {
        "A_cpg": -1.8219297508000494e-08, 
        "u_A_cpg": 2.7748657418062825e-09, 
        "B_cpg_2": 332.52680466601436, 
        "u_B_cpg_2": 0.040270208133934095
    }, 
    "0.5": {
        "A_cpg": -1.4028226561248151e-08, 
        "u_A_cpg": 1.3613209218764972e-09, 
        "B_cpg_2": 332.61051679599274, 
        "u_B_cpg_2": 0.057007482492295605
    }, 
    "1.5": {
        "A_cpg": -1.1708154431114509e-08, 
        "u_A_cpg": 8.145689007978701e-10, 
        "B_cpg_2": 334.68669048903234, 
        "u_B_cpg_2": 0.4173928802873013
    }, 
    "2.5": {
        "A_cpg": -2.4323390825437416e-09, 
        "u_A_cpg": 1.2281599915376384e-09, 
        "B_cpg_2": 343.094004138584, 
        "u_B_cpg_2": 1.28287685325299
    }, 
    "3.5": {
        "A_cpg": 2.358903795934576e-10, 
        "u_A_cpg": 1.3856934442112034e-09, 
        "B_cpg_2": 361.13641249238424, 
        "u_B_cpg_2": 1.9111327175113089
    }
}