{
    "0.0": {
        "A_cpg": 5.4421586930599755e-09, 
        "u_A_cpg": 7.894824340584929e-10, 
        "B_cpg_2": 283.612485409405, 
        "u_B_cpg_2": 1.1585989561161656, 
        "B_cpdc_cpg": -0.7335046758443913, 
        "u_B_cpdc_cpg": 0.00027560066402209456, 
        "B_cdp_cpg": 2.934019478422707, 
        "u_B_cdp_cpg": 0.0011023571205697833, 
        "B_cpg_c3pl1": -1.4670097144758703, 
        "u_B_cpg_c3pl1": 0.0005512012644284984, 
        "B_cpg_c3pl2": -1.4670097144758703, 
        "u_B_cpg_c3pl2": 0.0005512012644284984, 
        "B_cpg_ctp": -2.94932445148633, 
        "u_B_cpg_ctp": 0.0011081063642734096, 
        "B_cpg_ctg": 27.716956483222702, 
        "u_B_cpg_ctg": 0.0188980643159773, 
        "B_cpg_cll1221": 1.4670097557016755, 
        "u_B_cpg_cll1221": 0.0005511971366548209
    }, 
    "45.0": {
        "A_cpg": 2.1427741098364957e-09, 
        "u_A_cpg": 8.218755275619333e-10, 
        "B_cpg_2": 299.7574997294844, 
        "u_B_cpg_2": 1.326436479626648, 
        "B_cpdc_cpg": -0.7341357908881713, 
        "u_B_cpdc_cpg": 0.00041757411375076666, 
        "B_cdp_cpg": 2.9365434020761354, 
        "u_B_cdp_cpg": 0.0016703382177400926, 
        "B_cpg_c3pl1": -1.4682719280200605, 
        "u_B_cpg_c3pl1": 0.000835165472271032, 
        "B_cpg_c3pl2": -1.4682719280200605, 
        "u_B_cpg_c3pl2": 0.000835165472271032, 
        "B_cpg_ctp": -2.9518618704484147, 
        "u_B_cpg_ctp": 0.0016790469477230212, 
        "B_cpg_ctg": 27.78990792305922, 
        "u_B_cpg_ctg": 0.02695629549144166, 
        "B_cpg_cll1221": 1.4682716587193907, 
        "u_B_cpg_cll1221": 0.0008351650951340141
    }, 
    "80.0": {
        "A_cpg": 1.662774906071274e-09, 
        "u_A_cpg": 2.0485507497413594e-09, 
        "B_cpg_2": 353.2579196824651, 
        "u_B_cpg_2": 3.3812577529974677, 
        "B_cpdc_cpg": -0.7350724724247919, 
        "u_B_cpdc_cpg": 0.0014062277681882816, 
        "B_cdp_cpg": 2.940290977560519, 
        "u_B_cdp_cpg": 0.005624864883227231, 
        "B_cpg_c3pl1": -1.4701450502361522, 
        "u_B_cpg_c3pl1": 0.002812441867333258, 
        "B_cpg_c3pl2": -1.4701450502361522, 
        "u_B_cpg_c3pl2": 0.002812441867333258, 
        "B_cpg_ctp": -2.9556287483201413, 
        "u_B_cpg_ctp": 0.005654193073909602, 
        "B_cpg_ctg": 28.104825169999877, 
        "u_B_cpg_ctg": 0.10174326955576878, 
        "B_cpg_cll1221": 1.4701454615837253, 
        "u_B_cpg_cll1221": 0.0028124370892369456
    }, 
    "120.0": {
        "A_cpg": -2.1383665295438334e-09, 
        "u_A_cpg": 3.4808115722900105e-09, 
        "B_cpg_2": 312.02540244123554, 
        "u_B_cpg_2": 7.229402942039339, 
        "B_cpdc_cpg": -0.738894449685591, 
        "u_B_cpdc_cpg": 0.006364765108827243, 
        "B_cdp_cpg": 2.9555747088297446, 
        "u_B_cdp_cpg": 0.025459061335461025, 
        "B_cpg_c3pl1": -1.477788099610751, 
        "u_B_cpg_c3pl1": 0.012729509408008268, 
        "B_cpg_c3pl2": -1.477788099610751, 
        "u_B_cpg_c3pl2": 0.012729509408008268, 
        "B_cpg_ctp": -2.9709935567630517, 
        "u_B_cpg_ctp": 0.025591892493775494, 
        "B_cpg_ctg": 28.994091036707463, 
        "u_B_cpg_ctg": 0.40268421054539344, 
        "B_cpg_cll1221": 1.477787608529785, 
        "u_B_cpg_cll1221": 0.012729537653117516
    }, 
    "140.0": {
        "A_cpg": -9.253743485088915e-10, 
        "u_A_cpg": 3.648628589201495e-09, 
        "B_cpg_2": 261.1927256580309, 
        "u_B_cpg_2": 8.32029765300936, 
        "B_cpdc_cpg": -0.7421761010989864, 
        "u_B_cpdc_cpg": 0.008291406838044772, 
        "B_cdp_cpg": 2.9687051679631375, 
        "u_B_cdp_cpg": 0.03316524630760516, 
        "B_cpg_c3pl1": -1.48435226011722, 
        "u_B_cpg_c3pl1": 0.01658271019506276, 
        "B_cpg_c3pl2": -1.48435226011722, 
        "u_B_cpg_c3pl2": 0.01658271019506276, 
        "B_cpg_ctp": -2.984190618717262, 
        "u_B_cpg_ctp": 0.033338394007873674, 
        "B_cpg_ctg": 29.967472700483984, 
        "u_B_cpg_ctg": 0.5673141925125046, 
        "B_cpg_cll1221": 1.484352708841227, 
        "u_B_cpg_cll1221": 0.016582582806403137
    }, 
    "170.0": {
        "A_cpg": -1.8322882089684007e-09, 
        "u_A_cpg": 3.901736532050478e-09, 
        "B_cpg_2": 209.9299896209592, 
        "u_B_cpg_2": 11.431532638070326, 
        "B_cpdc_cpg": -0.743064198607924, 
        "u_B_cpdc_cpg": 0.007928699354041288, 
        "B_cdp_cpg": 2.9722556241130182, 
        "u_B_cdp_cpg": 0.03171485828901038, 
        "B_cpg_c3pl1": -1.486127988233514, 
        "u_B_cpg_c3pl1": 0.015857419084073822, 
        "B_cpg_c3pl2": -1.486127988233514, 
        "u_B_cpg_c3pl2": 0.015857419084073822, 
        "B_cpg_ctp": -2.9877607421380468, 
        "u_B_cpg_ctp": 0.0318802940654499, 
        "B_cpg_ctg": 30.201594323137716, 
        "u_B_cpg_ctg": 0.5307142732245985, 
        "B_cpg_cll1221": 1.4861282084547711, 
        "u_B_cpg_cll1221": 0.015857394669123705
    }, 
    "200.0": {
        "A_cpg": -5.715479706869567e-09, 
        "u_A_cpg": 3.986756822159969e-09, 
        "B_cpg_2": 99.1443374991332, 
        "u_B_cpg_2": 14.436121039396793, 
        "B_cpdc_cpg": -0.8179565289687832, 
        "u_B_cpdc_cpg": 0.008892393907002829, 
        "B_cdp_cpg": 3.271824858369982, 
        "u_B_cdp_cpg": 0.03556925791957156, 
        "B_cpg_c3pl1": -1.6359128255724842, 
        "u_B_cpg_c3pl1": 0.017784750320592967, 
        "B_cpg_c3pl2": -1.6359128255724842, 
        "u_B_cpg_c3pl2": 0.017784750320592967, 
        "B_cpg_ctp": -3.28889269899901, 
        "u_B_cpg_ctp": 0.035754923461670966, 
        "B_cpg_ctg": 38.728607663358105, 
        "u_B_cpg_ctg": 1.2530004538572022, 
        "B_cpg_cll1221": 1.6359125470760991, 
        "u_B_cpg_cll1221": 0.017784628778959245
    }, 
    "350.0": {
        "A_cpg": 1.951086112895597e-09, 
        "u_A_cpg": 1.0119498482108278e-08, 
        "B_cpg_2": -122.95101724155867, 
        "u_B_cpg_2": 31.00739065536552, 
        "B_cpdc_cpg": -0.9403900834292004, 
        "u_B_cpdc_cpg": 0.035686213507572735, 
        "B_cdp_cpg": 3.7615604945998142, 
        "u_B_cdp_cpg": 0.1427448655273019, 
        "B_cpg_c3pl1": -1.8807793509516872, 
        "u_B_cpg_c3pl1": 0.07137285486450652, 
        "B_cpg_c3pl2": -1.8807793509516872, 
        "u_B_cpg_c3pl2": 0.07137285486450652, 
        "B_cpg_ctp": -3.7811831774676024, 
        "u_B_cpg_ctp": 0.14348946637898435, 
        "B_cpg_ctg": 56.91407038845987, 
        "u_B_cpg_ctg": 5.19827080709794, 
        "B_cpg_cll1221": 1.8807810517149768, 
        "u_B_cpg_cll1221": 0.07137218819249054
    }, 
    "450.0": {
        "A_cpg": 4.058743410852077e-08, 
        "u_A_cpg": 2.3814720860394702e-08, 
        "B_cpg_2": -930.1574255526886, 
        "u_B_cpg_2": 171.98550014210645, 
        "B_cpdc_cpg": -1.2468143448300646, 
        "u_B_cpdc_cpg": 0.04693729720652275, 
        "B_cdp_cpg": 4.987298714240025, 
        "u_B_cdp_cpg": 0.18775869925420866, 
        "B_cpg_c3pl1": -2.4936305792564615, 
        "u_B_cpg_c3pl1": 0.09387390027759482, 
        "B_cpg_c3pl2": -2.4936305792564615, 
        "u_B_cpg_c3pl2": 0.09387390027759482, 
        "B_cpg_ctp": -5.013310661149439, 
        "u_B_cpg_ctp": 0.18874181498001902, 
        "B_cpg_ctg": 103.04727429425452, 
        "u_B_cpg_ctg": 9.870831559107717, 
        "B_cpg_cll1221": 2.493659782108868, 
        "u_B_cpg_cll1221": 0.09388447507214004
    }
}