{
    "450.0": {
        "A_cpg": 2.9735951112073136e-08, 
        "u_A_cpg": 3.856418482173479e-08, 
        "B_cpg_2": -806.0226687135251, 
        "u_B_cpg_2": 162.54714422421398, 
        "B_cpdc_cpg": -1.5565095974213645, 
        "u_B_cpdc_cpg": 0.15722011003921668, 
        "B_cdp_cpg": 6.226045330287894, 
        "u_B_cdp_cpg": 0.6288896510607103, 
        "B_cpg_c3pl1": -3.1130221069836113, 
        "u_B_cpg_c3pl1": 0.31444330013595717, 
        "B_cpg_c3pl2": -3.1130221069836113, 
        "u_B_cpg_c3pl2": 0.31444330013595717, 
        "B_cpg_ctp": -6.258518613259514, 
        "u_B_cpg_ctp": 0.6321660081134689, 
        "B_cpg_ctg": 154.54504075269807, 
        "u_B_cpg_ctg": 59.12974175791474, 
        "B_cpg_cll1221": 3.113026426659252, 
        "u_B_cpg_cll1221": 0.3144462609443124
    }, 
    "500.0": {
        "A_cpg": -3.624480860881126e-08, 
        "u_A_cpg": 5.313658387284125e-08, 
        "B_cpg_2": -730.445815853359, 
        "u_B_cpg_2": 169.61886939152035, 
        "B_cpdc_cpg": -1.5246698647358543, 
        "u_B_cpdc_cpg": 0.04840472727091381, 
        "B_cdp_cpg": 6.098689281474336, 
        "u_B_cdp_cpg": 0.1936197866358056, 
        "B_cpg_c3pl1": -3.0493407392646064, 
        "u_B_cpg_c3pl1": 0.09681070811078188, 
        "B_cpg_c3pl2": -3.0493407392646064, 
        "u_B_cpg_c3pl2": 0.09681070811078188, 
        "B_cpg_ctp": -6.13050721309755, 
        "u_B_cpg_ctp": 0.19463075519264672, 
        "B_cpg_ctg": 106.36465854110186, 
        "u_B_cpg_ctg": 8.911739049688775, 
        "B_cpg_cll1221": 3.0493539583716367, 
        "u_B_cpg_cll1221": 0.09681275540941178
    }, 
    "550.0": {
        "A_cpg": -2.4785832166316035e-07, 
        "u_A_cpg": 8.668454012164873e-08, 
        "B_cpg_2": -1543.6672763567767, 
        "u_B_cpg_2": 326.96053132889483, 
        "B_cpdc_cpg": -1.6245423117672586, 
        "u_B_cpdc_cpg": 0.08141317012945656, 
        "B_cdp_cpg": 6.49810188785104, 
        "u_B_cdp_cpg": 0.3257083592943526, 
        "B_cpg_c3pl1": -3.249073369414557, 
        "u_B_cpg_c3pl1": 0.1628424871672758, 
        "B_cpg_c3pl2": -3.249073369414557, 
        "u_B_cpg_c3pl2": 0.1628424871672758, 
        "B_cpg_ctp": -6.532001945197401, 
        "u_B_cpg_ctp": 0.3273942544933228, 
        "B_cpg_ctg": 126.97138115911368, 
        "u_B_cpg_ctg": 10.100296654538893, 
        "B_cpg_cll1221": 3.2490508611746374, 
        "u_B_cpg_cll1221": 0.16285408935337436
    }, 
    "600.0": {
        "A_cpg": 5.66280182994293e-08, 
        "u_A_cpg": 0.0, 
        "B_cpg_2": -442.0103024346063, 
        "u_B_cpg_2": 0.0, 
        "B_cpdc_cpg": -2.157748490914611, 
        "u_B_cpdc_cpg": 0.0, 
        "B_cdp_cpg": 8.631007137600799, 
        "u_B_cdp_cpg": 0.007104392718642919, 
        "B_cpg_c3pl1": -4.315502745429002, 
        "u_B_cpg_c3pl1": 0.0, 
        "B_cpg_c3pl2": -4.315502745429002, 
        "u_B_cpg_c3pl2": 0.0, 
        "B_cpg_ctp": -8.676029085594603, 
        "u_B_cpg_ctp": 0.0033099120541145916, 
        "B_cpg_ctg": 259.4681226617539, 
        "u_B_cpg_ctg": 0.13374347312404494, 
        "B_cpg_cll1221": 4.315507685657385, 
        "u_B_cpg_cll1221": 0.0009018736114574273
    }, 
    "675.0": {
        "A_cpg": -1.0103183497322435e-07, 
        "u_A_cpg": 3.3467075382339887e-07, 
        "B_cpg_2": -1909.3258564774308, 
        "u_B_cpg_2": 506.59799581027636, 
        "B_cpdc_cpg": -1.3236605509069128, 
        "u_B_cpdc_cpg": 0.3003441809236526, 
        "B_cdp_cpg": 5.294582969250935, 
        "u_B_cdp_cpg": 1.2013578690773268, 
        "B_cpg_c3pl1": -2.647297586162045, 
        "u_B_cpg_c3pl1": 0.6006811338838499, 
        "B_cpg_c3pl2": -2.647297586162045, 
        "u_B_cpg_c3pl2": 0.6006811338838499, 
        "B_cpg_ctp": -5.322206274399705, 
        "u_B_cpg_ctp": 1.2076237920410111, 
        "B_cpg_ctg": 113.6542848762079, 
        "u_B_cpg_ctg": 37.373325711824, 
        "B_cpg_cll1221": 2.64728538308889, 
        "u_B_cpg_cll1221": 0.6006771765794369
    }, 
    "800.0": {
        "A_cpg": 1.8864794804922718e-07, 
        "u_A_cpg": 4.0752643322324705e-07, 
        "B_cpg_2": -6431.902459004354, 
        "u_B_cpg_2": 757.1700103797292, 
        "B_cpdc_cpg": -2.502114594652116, 
        "u_B_cpdc_cpg": 0.06849354275138259, 
        "B_cdp_cpg": 10.008305406162625, 
        "u_B_cdp_cpg": 0.27435266234855665, 
        "B_cpg_c3pl1": -5.004248310859962, 
        "u_B_cpg_c3pl1": 0.13709561864232966, 
        "B_cpg_c3pl2": -5.004248310859962, 
        "u_B_cpg_c3pl2": 0.13709561864232966, 
        "B_cpg_ctp": -10.060543279424401, 
        "u_B_cpg_ctp": 0.27568143400791617, 
        "B_cpg_ctg": 366.65023321369887, 
        "u_B_cpg_ctg": 26.03559722808009, 
        "B_cpg_cll1221": 5.004248310859962, 
        "u_B_cpg_cll1221": 0.13709561864232966
    }
}