{
    "0.0": {
        "A_cpg": -1.0667782168197855e-09, 
        "u_A_cpg": 7.588223854493368e-10, 
        "B_cpg_2": 218.8507257780346, 
        "u_B_cpg_2": 0.6304503423562468, 
        "B_cpdc_cpg": -0.6102737717445137, 
        "u_B_cpdc_cpg": 7.212887812022235e-05, 
        "B_cdp_cpg": 2.441095467699747, 
        "u_B_cdp_cpg": 0.0002884472823566139, 
        "B_cpg_c3pl1": -1.2205478258363227, 
        "u_B_cpg_c3pl1": 0.00014433256886201695, 
        "B_cpg_c3pl2": -1.2205478258363227, 
        "u_B_cpg_c3pl2": 0.00014433256886201695, 
        "B_cpg_ctp": -2.4538294712600206, 
        "u_B_cpg_ctp": 0.0002901404820459327, 
        "B_cpg_ctg": 23.00930694125301, 
        "u_B_cpg_ctg": 0.004447108599589408, 
        "B_cpg_cll1221": 1.2205477236291573, 
        "u_B_cpg_cll1221": 0.0001443805802412412
    }, 
    "30.0": {
        "A_cpg": -6.159098104468065e-10, 
        "u_A_cpg": 1.6015297930756083e-09, 
        "B_cpg_2": 250.49020078573474, 
        "u_B_cpg_2": 2.6871406146982957, 
        "B_cpdc_cpg": -0.6104003374264191, 
        "u_B_cpdc_cpg": 0.00028079519217119137, 
        "B_cdp_cpg": 2.4416018003536823, 
        "u_B_cdp_cpg": 0.0011232612229811795, 
        "B_cpg_c3pl1": -1.2208010229633437, 
        "u_B_cpg_c3pl1": 0.0005616684610942771, 
        "B_cpg_c3pl2": -1.2208010229633437, 
        "u_B_cpg_c3pl2": 0.0005616684610942771, 
        "B_cpg_ctp": -2.4543382848534177, 
        "u_B_cpg_ctp": 0.0011289605477136917, 
        "B_cpg_ctg": 23.02642320705585, 
        "u_B_cpg_ctg": 0.018812247563576783, 
        "B_cpg_cll1221": 1.220800910947587, 
        "u_B_cpg_cll1221": 0.0005615641476437645
    }, 
    "45.0": {
        "A_cpg": -4.459464597925955e-09, 
        "u_A_cpg": 1.7422481729027488e-09, 
        "B_cpg_2": 311.1909936040089, 
        "u_B_cpg_2": 2.7494351138088504, 
        "B_cpdc_cpg": -0.6118249634901183, 
        "u_B_cpdc_cpg": 0.0004960532945960966, 
        "B_cdp_cpg": 2.447298773156859, 
        "u_B_cdp_cpg": 0.001984277855311571, 
        "B_cpg_c3pl1": -1.2236498461724898, 
        "u_B_cpg_c3pl1": 0.000992110453120344, 
        "B_cpg_c3pl2": -1.2236498461724898, 
        "u_B_cpg_c3pl2": 0.000992110453120344, 
        "B_cpg_ctp": -2.4600655991915517, 
        "u_B_cpg_ctp": 0.001994622912425756, 
        "B_cpg_ctg": 23.18346130911667, 
        "u_B_cpg_ctg": 0.03153023364628798, 
        "B_cpg_cll1221": 1.2236494488677336, 
        "u_B_cpg_cll1221": 0.0009921341163182747
    }, 
    "80.0": {
        "A_cpg": 3.443224058139662e-09, 
        "u_A_cpg": 2.4774141987769532e-09, 
        "B_cpg_2": 312.47868870882627, 
        "u_B_cpg_2": 3.4534167475390376, 
        "B_cpdc_cpg": -0.6116809257205097, 
        "u_B_cpdc_cpg": 0.0015448838107968465, 
        "B_cdp_cpg": 2.4467244624303905, 
        "u_B_cdp_cpg": 0.006179567417379207, 
        "B_cpg_c3pl1": -1.2233620192155632, 
        "u_B_cpg_c3pl1": 0.0030897696417936556, 
        "B_cpg_c3pl2": -1.2233620192155632, 
        "u_B_cpg_c3pl2": 0.0030897696417936556, 
        "B_cpg_ctp": -2.4594874159189883, 
        "u_B_cpg_ctp": 0.006211828953570055, 
        "B_cpg_ctg": 23.30549815222723, 
        "u_B_cpg_ctg": 0.09694174897613562, 
        "B_cpg_cll1221": 1.2233623821420863, 
        "u_B_cpg_cll1221": 0.0030897960745351898
    }, 
    "120.0": {
        "A_cpg": -3.0220008292299324e-10, 
        "u_A_cpg": 2.3014837408043156e-09, 
        "B_cpg_2": 237.1981329162099, 
        "u_B_cpg_2": 5.001338261412792, 
        "B_cpdc_cpg": -0.6106269308152539, 
        "u_B_cpdc_cpg": 0.0034893536232952485, 
        "B_cdp_cpg": 2.4425080924876377, 
        "u_B_cdp_cpg": 0.013957474103804242, 
        "B_cpg_c3pl1": -1.221253889887648, 
        "u_B_cpg_c3pl1": 0.006978733137441278, 
        "B_cpg_c3pl2": -1.221253889887648, 
        "u_B_cpg_c3pl2": 0.006978733137441278, 
        "B_cpg_ctp": -2.455249048237547, 
        "u_B_cpg_ctp": 0.014030257281777071, 
        "B_cpg_ctg": 23.951757640081077, 
        "u_B_cpg_ctg": 0.24262619897731738, 
        "B_cpg_cll1221": 1.2212540151609654, 
        "u_B_cpg_cll1221": 0.006978734175368529
    }, 
    "200.0": {
        "A_cpg": -4.846164534940882e-09, 
        "u_A_cpg": 2.5395990537550355e-09, 
        "B_cpg_2": 63.989910558019176, 
        "u_B_cpg_2": 13.638446714231131, 
        "B_cpdc_cpg": -0.6818316426284875, 
        "u_B_cpdc_cpg": 0.008952467763827852, 
        "B_cdp_cpg": 2.7273253070808656, 
        "u_B_cdp_cpg": 0.035809790002154486, 
        "B_cpg_c3pl1": -1.3636629265933748, 
        "u_B_cpg_c3pl1": 0.01790494341752031, 
        "B_cpg_c3pl2": -1.3636629265933748, 
        "u_B_cpg_c3pl2": 0.01790494341752031, 
        "B_cpg_ctp": -2.741552453958047, 
        "u_B_cpg_ctp": 0.03599660123440272, 
        "B_cpg_ctg": 33.462649756151194, 
        "u_B_cpg_ctg": 1.07751359228116, 
        "B_cpg_cll1221": 1.3636624615923254, 
        "u_B_cpg_cll1221": 0.017904906761091292
    }
}