{
    "-0.5": {
        "A_cpg": 5.20873268600152e-08, 
        "u_A_cpg": 3.189684321815049e-08, 
        "B_cpg_2": 371.17813915574015, 
        "u_B_cpg_2": 0.5392290175530109
    }, 
    "0.5": {
        "A_cpg": 3.2409894583446203e-08, 
        "u_A_cpg": 3.517975909820529e-08, 
        "B_cpg_2": 371.33308810162214, 
        "u_B_cpg_2": 0.45164547677458317
    }, 
    "1.5": {
        "A_cpg": 2.564363055315931e-08, 
        "u_A_cpg": 7.453250278100559e-10, 
        "B_cpg_2": 371.3026496014652, 
        "u_B_cpg_2": 0.038610252712517515
    }, 
    "2.5": {
        "A_cpg": 6.468366748417956e-09, 
        "u_A_cpg": 1.0961862837844796e-09, 
        "B_cpg_2": 381.2814800718349, 
        "u_B_cpg_2": 0.607435220210702
    }, 
    "3.5": {
        "A_cpg": 3.194703730232183e-09, 
        "u_A_cpg": 1.528183238818501e-09, 
        "B_cpg_2": 395.0971254933241, 
        "u_B_cpg_2": 1.868483160046831
    }
}