{
    "0.0": {
        "A_chgtil": -0.14286500137841002, 
        "u_A_chgtil": 0.33396041705605944, 
        "A_chg": 22.154726256227935, 
        "u_A_chg": 1.39565738247969, 
        "B_chgtil_2": 242.5133959268778, 
        "u_B_chgtil_2": 12.993036092604676, 
        "B_chg_2": 249.9676258498875, 
        "u_B_chg_2": 12.586193557196333, 
        "B_chgtil_chg": -1.8711179274628915, 
        "u_B_chgtil_chg": 6.641025348268372
    }, 
    "5.0": {
        "A_chgtil": 0.29186449925180696, 
        "u_A_chgtil": 0.24655250833092218, 
        "A_chg": 38.115446331689014, 
        "u_A_chg": 0.48509970954990034, 
        "B_chgtil_2": 343.6119123707575, 
        "u_B_chgtil_2": 6.482497141884329, 
        "B_chg_2": 383.3354191640262, 
        "u_B_chg_2": 4.506998444147316, 
        "B_chgtil_chg": 7.017698724418696, 
        "u_B_chgtil_chg": 4.966206064281809
    }, 
    "10.0": {
        "A_chgtil": -0.20916117909724355, 
        "u_A_chgtil": 0.2551209597775396, 
        "A_chg": 39.67001518742215, 
        "u_A_chg": 0.03807588345214084, 
        "B_chgtil_2": 365.3891867562109, 
        "u_B_chgtil_2": 5.49149654808261, 
        "B_chg_2": 393.6460466130598, 
        "u_B_chg_2": 0.8016903090006553, 
        "B_chgtil_chg": -4.0463248167386245, 
        "u_B_chgtil_chg": 5.2078716515066725
    }, 
    "15.0": {
        "A_chgtil": 0.04931789534894788, 
        "u_A_chgtil": 0.33972773173324283, 
        "A_chg": 39.79057286657091, 
        "u_A_chg": 0.0422140507812785, 
        "B_chgtil_2": 387.36718112394334, 
        "u_B_chgtil_2": 9.99250884258685, 
        "B_chg_2": 396.13759968286564, 
        "u_B_chg_2": 0.9077539032606718, 
        "B_chgtil_chg": 0.7702488178837001, 
        "u_B_chgtil_chg": 6.826959746115654
    }, 
    "20.0": {
        "A_chgtil": -0.37516901688918664, 
        "u_A_chgtil": 0.18526702852339416, 
        "A_chg": 39.770707472501954, 
        "u_A_chg": 0.03599617288972681, 
        "B_chgtil_2": 376.33090026093356, 
        "u_B_chgtil_2": 3.4835629893567406, 
        "B_chg_2": 395.6998021841583, 
        "u_B_chg_2": 0.7783954390612444, 
        "B_chgtil_chg": -7.60010476905361, 
        "u_B_chgtil_chg": 3.7396558081216513
    }, 
    "25.0": {
        "A_chgtil": -0.15095358723599187, 
        "u_A_chgtil": 0.21517860059955365, 
        "A_chg": 39.7146653675736, 
        "u_A_chg": 0.052706533474996584, 
        "B_chgtil_2": 384.9185991882503, 
        "u_B_chgtil_2": 3.305024997892463, 
        "B_chg_2": 394.99119696138575, 
        "u_B_chg_2": 0.724566900953287, 
        "B_chgtil_chg": -3.2352753781561527, 
        "u_B_chgtil_chg": 4.371482079966697
    }, 
    "30.0": {
        "A_chgtil": 0.15663503518389063, 
        "u_A_chgtil": 0.21659391205235276, 
        "A_chg": 39.8258496156246, 
        "u_A_chg": 0.04244961424985902, 
        "B_chgtil_2": 385.25107656325054, 
        "u_B_chgtil_2": 3.7223081632405264, 
        "B_chg_2": 396.9976376510856, 
        "u_B_chg_2": 0.7614929795972345, 
        "B_chgtil_chg": 3.2874627577198927, 
        "u_B_chgtil_chg": 4.388938351687081
    }, 
    "35.0": {
        "A_chgtil": -0.033639873625938815, 
        "u_A_chgtil": 0.15810291497392182, 
        "A_chg": 39.91733599201971, 
        "u_A_chg": 0.043573746886026915, 
        "B_chgtil_2": 396.2284959904, 
        "u_B_chgtil_2": 3.9274227134472732, 
        "B_chg_2": 398.67318881181444, 
        "u_B_chg_2": 0.6322643538142085, 
        "B_chgtil_chg": -0.8234416896244802, 
        "u_B_chgtil_chg": 3.2028729216824527
    }, 
    "45.0": {
        "A_chgtil": 0.17773520361215167, 
        "u_A_chgtil": 0.13256412915848317, 
        "A_chg": 40.09185223170379, 
        "u_A_chg": 0.02175514813412832, 
        "B_chgtil_2": 401.6721222472229, 
        "u_B_chgtil_2": 3.0759364743925683, 
        "B_chg_2": 402.2172040577626, 
        "u_B_chg_2": 0.46170971236184766, 
        "B_chgtil_chg": 3.9130238100662504, 
        "u_B_chgtil_chg": 2.7172896513407974
    }, 
    "60.0": {
        "A_chgtil": 0.19156256109397524, 
        "u_A_chgtil": 0.12704866271059387, 
        "A_chg": 40.33311480995661, 
        "u_A_chg": 0.033433616775880304, 
        "B_chgtil_2": 408.2578813746137, 
        "u_B_chgtil_2": 3.3396572330406133, 
        "B_chg_2": 407.62130493565456, 
        "u_B_chg_2": 0.5705560363923434, 
        "B_chgtil_chg": 4.072705164000931, 
        "u_B_chgtil_chg": 2.6157763943768035
    }, 
    "80.0": {
        "A_chgtil": -0.2445400987853285, 
        "u_A_chgtil": 0.15872378309463406, 
        "A_chg": 40.829639160721406, 
        "u_A_chg": 0.057425931681538776, 
        "B_chgtil_2": 420.93827441682356, 
        "u_B_chgtil_2": 4.766760618829534, 
        "B_chg_2": 417.7494345736776, 
        "u_B_chg_2": 1.0120117337870216, 
        "B_chgtil_chg": -4.960268954296605, 
        "u_B_chgtil_chg": 3.3873057073005826
    }, 
    "100.0": {
        "A_chgtil": -0.22597307305595926, 
        "u_A_chgtil": 0.23463093204033353, 
        "A_chg": 41.28498518945488, 
        "u_A_chg": 0.09716328281297855, 
        "B_chgtil_2": 432.4117600978935, 
        "u_B_chgtil_2": 5.8683515568263385, 
        "B_chg_2": 429.2962749874647, 
        "u_B_chg_2": 1.5319181116926246, 
        "B_chgtil_chg": -4.8124133446278226, 
        "u_B_chgtil_chg": 5.188571809634239
    }, 
    "120.0": {
        "A_chgtil": -0.2917664936828372, 
        "u_A_chgtil": 0.2765367103968547, 
        "A_chg": 41.91401789833836, 
        "u_A_chg": 0.11843600286611508, 
        "B_chgtil_2": 460.5636725018289, 
        "u_B_chgtil_2": 12.917657461510343, 
        "B_chg_2": 442.5439648608903, 
        "u_B_chg_2": 2.074115543198485, 
        "B_chgtil_chg": -6.573834370590664, 
        "u_B_chgtil_chg": 5.890998816159591
    }, 
    "140.0": {
        "A_chgtil": -0.27766342100170865, 
        "u_A_chgtil": 0.2611607313042012, 
        "A_chg": 42.84704549314729, 
        "u_A_chg": 0.18512959878393012, 
        "B_chgtil_2": 465.7546354183785, 
        "u_B_chgtil_2": 6.257005334449299, 
        "B_chg_2": 466.65220235597536, 
        "u_B_chg_2": 3.798628665376773, 
        "B_chgtil_chg": -6.8628131377075645, 
        "u_B_chgtil_chg": 6.319891717130277
    }, 
    "170.0": {
        "A_chgtil": 0.43365810990926335, 
        "u_A_chgtil": 0.2980774540735363, 
        "A_chg": 43.92816253994292, 
        "u_A_chg": 0.23710748311158444, 
        "B_chgtil_2": 495.26783120589187, 
        "u_B_chgtil_2": 11.091692751450761, 
        "B_chg_2": 490.84805027255163, 
        "u_B_chg_2": 4.211568760492617, 
        "B_chgtil_chg": 8.16250149518976, 
        "u_B_chgtil_chg": 7.043291335827584
    }, 
    "200.0": {
        "A_chgtil": -0.6686449134803614, 
        "u_A_chgtil": 0.43130104872327507, 
        "A_chg": 44.712348594409804, 
        "u_A_chg": 0.5027155924151601, 
        "B_chgtil_2": 556.096488064338, 
        "u_B_chgtil_2": 36.58982011846189, 
        "B_chg_2": 526.26873111844, 
        "u_B_chg_2": 8.797975229249161, 
        "B_chgtil_chg": -15.22070427389238, 
        "u_B_chgtil_chg": 11.219657765772602
    }, 
    "250.0": {
        "A_chgtil": -0.5465684539062617, 
        "u_A_chgtil": 0.45109444401439097, 
        "A_chg": 44.20771258741934, 
        "u_A_chg": 0.9886479510049536, 
        "B_chgtil_2": 585.2077356231383, 
        "u_B_chgtil_2": 20.96823280808922, 
        "B_chg_2": 579.5734601724673, 
        "u_B_chg_2": 19.613768793027727, 
        "B_chgtil_chg": -5.260036997651828, 
        "u_B_chgtil_chg": 12.081186503187956
    }, 
    "350.0": {
        "A_chgtil": -0.6457673184139616, 
        "u_A_chgtil": 0.9482001700847408, 
        "A_chg": 33.41150099922582, 
        "u_A_chg": 2.662539772736559, 
        "B_chgtil_2": 447.2664572193316, 
        "u_B_chgtil_2": 42.02068931887599, 
        "B_chg_2": 501.2107736348415, 
        "u_B_chg_2": 40.821205306311036, 
        "B_chgtil_chg": -53.39661763558565, 
        "u_B_chgtil_chg": 37.799907750821376
    },