{
    "0.0": {
        "A_cpg": -5.441478684878065e-09, 
        "u_A_cpg": 1.0082427002359912e-09, 
        "B_cpg_2": 216.08513329627223, 
        "u_B_cpg_2": 0.019963243011248567
    }, 
    "10.0": {
        "A_cpg": -4.884802421257758e-09, 
        "u_A_cpg": 8.951249750207852e-10, 
        "B_cpg_2": 216.09423814619316, 
        "u_B_cpg_2": 0.045218656743174594
    }, 
    "20.0": {
        "A_cpg": -1.1098053858330943e-09, 
        "u_A_cpg": 1.0088856158976974e-09, 
        "B_cpg_2": 216.1772774284813, 
        "u_B_cpg_2": 0.09319122126285154
    }, 
    "30.0": {
        "A_cpg": -3.2965957282495706e-09, 
        "u_A_cpg": 9.639882297036767e-10, 
        "B_cpg_2": 216.2687797300117, 
        "u_B_cpg_2": 0.15345992386582522
    }, 
    "45.0": {
        "A_cpg": -1.5323346627444243e-09, 
        "u_A_cpg": 1.138484794257303e-09, 
        "B_cpg_2": 216.84758944317767, 
        "u_B_cpg_2": 0.14778165658606307
    }, 
    "60.0": {
        "A_cpg": -3.0724331501653467e-10, 
        "u_A_cpg": 1.1623054651071613e-09, 
        "B_cpg_2": 217.89018737908415, 
        "u_B_cpg_2": 0.2657518955755191
    }, 
    "80.0": {
        "A_cpg": 1.2570193540244025e-09, 
        "u_A_cpg": 1.1289232528661993e-09, 
        "B_cpg_2": 218.83259356982094, 
        "u_B_cpg_2": 0.4396001371168423
    }, 
    "120.0": {
        "A_cpg": -2.1550219640410076e-09, 
        "u_A_cpg": 1.2737469640751026e-09, 
        "B_cpg_2": 223.25667246118354, 
        "u_B_cpg_2": 0.9749110188217813
    }, 
    "200.0": {
        "A_cpg": 2.5020718249476353e-09, 
        "u_A_cpg": 2.1698168650313914e-09, 
        "B_cpg_2": 317.3112810363331, 
        "u_B_cpg_2": 5.098026985878144
    }
}