{
    "0.0": {
        "A_cpg": -8.251643279746381e-10, 
        "u_A_cpg": 3.282740143520897e-10, 
        "B_cpg_2": 108.58076295204653, 
        "u_B_cpg_2": 0.6187508209230345, 
        "B_cpdc_cpg": -0.27512180058285657, 
        "u_B_cpdc_cpg": 0.00028800423736566425, 
        "B_cdp_cpg": 1.1004872454225612, 
        "u_B_cdp_cpg": 0.0011520114251330402, 
        "B_cpg_c3pl1": -0.550243582577381, 
        "u_B_cpg_c3pl1": 0.0005760103929965666, 
        "B_cpg_c3pl2": -0.550243582577381, 
        "u_B_cpg_c3pl2": 0.0005760103929965666, 
        "B_cpg_ctp": -1.1062278590014223, 
        "u_B_cpg_ctp": 0.0011580185244905632, 
        "B_cpg_ctg": 10.575436518349406, 
        "u_B_cpg_ctg": 0.04681041731544412, 
        "B_cpg_cll1221": 0.5502436417220747, 
        "u_B_cpg_cll1221": 0.0005760083878424425
    }, 
    "0.5": {
        "A_cpg": -5.608402696746212e-10, 
        "u_A_cpg": 3.605824479664678e-10, 
        "B_cpg_2": 109.3608153822208, 
        "u_B_cpg_2": 0.7038547446137573, 
        "B_cpdc_cpg": -0.2747146041699227, 
        "u_B_cpdc_cpg": 0.0003012816660235687, 
        "B_cdp_cpg": 1.0988585559522346, 
        "u_B_cdp_cpg": 0.001205119990358282, 
        "B_cpg_c3pl1": -0.5494292596507826, 
        "u_B_cpg_c3pl1": 0.0006025624297213876, 
        "B_cpg_c3pl2": -0.5494292596507826, 
        "u_B_cpg_c3pl2": 0.0006025624297213876, 
        "B_cpg_ctp": -1.1045907416043839, 
        "u_B_cpg_ctp": 0.001211403267375539, 
        "B_cpg_ctg": 10.508606559291447, 
        "u_B_cpg_ctg": 0.02808129403374427, 
        "B_cpg_cll1221": 0.5494293381879316, 
        "u_B_cpg_cll1221": 0.0006025623623980086
    }, 
    "0.9": {
        "A_cpg": 1.5913301921095785e-10, 
        "u_A_cpg": 3.6261259078586755e-10, 
        "B_cpg_2": 109.20523871641976, 
        "u_B_cpg_2": 0.7804626148312389, 
        "B_cpdc_cpg": -0.2754012944706596, 
        "u_B_cpdc_cpg": 0.00027813251986567015, 
        "B_cdp_cpg": 1.101605421199986, 
        "u_B_cdp_cpg": 0.0011125014694326472, 
        "B_cpg_c3pl1": -0.5508026553005957, 
        "u_B_cpg_c3pl1": 0.0005562490547641734, 
        "B_cpg_c3pl2": -0.5508026553005957, 
        "u_B_cpg_c3pl2": 0.0005562490547641734, 
        "B_cpg_ctp": -1.1073518448755608, 
        "u_B_cpg_ctp": 0.0011183047111669273, 
        "B_cpg_ctg": 10.577030350354194, 
        "u_B_cpg_ctg": 0.03582995417851443, 
        "B_cpg_cll1221": 0.5508028132988734, 
        "u_B_cpg_cll1221": 0.0005562463036899148
    }, 
    "1.3": {
        "A_cpg": -3.5192370321169055e-10, 
        "u_A_cpg": 3.7330503833106665e-10, 
        "B_cpg_2": 109.1922655774506, 
        "u_B_cpg_2": 0.707523086717709, 
        "B_cpdc_cpg": -0.27532401639692217, 
        "u_B_cpdc_cpg": 0.0002801074863486975, 
        "B_cdp_cpg": 1.101296184696669, 
        "u_B_cdp_cpg": 0.001120420353512342, 
        "B_cpg_c3pl1": -0.5506480633616357, 
        "u_B_cpg_c3pl1": 0.0005602129652000173, 
        "B_cpg_c3pl2": -0.5506480633616357, 
        "u_B_cpg_c3pl2": 0.0005602129652000173, 
        "B_cpg_ctp": -1.1070410321774393, 
        "u_B_cpg_ctp": 0.0011262746138093484, 
        "B_cpg_ctg": 10.575817289906757, 
        "u_B_cpg_ctg": 0.03264449458636342, 
        "B_cpg_cll1221": 0.550648126605342, 
        "u_B_cpg_cll1221": 0.0005602117267930317
    }, 
    "1.7": {
        "A_cpg": -8.01638921913227e-10, 
        "u_A_cpg": 2.587732944462889e-10, 
        "B_cpg_2": 109.589494424015, 
        "u_B_cpg_2": 0.48507021561197666, 
        "B_cpdc_cpg": -0.2749901792005279, 
        "u_B_cpdc_cpg": 0.00020876400221314631, 
        "B_cdp_cpg": 1.0999607034283083, 
        "u_B_cdp_cpg": 0.0008350569917133848, 
        "B_cpg_c3pl1": -0.5499803664253377, 
        "u_B_cpg_c3pl1": 0.0004175279630295927, 
        "B_cpg_c3pl2": -0.5499803664253377, 
        "u_B_cpg_c3pl2": 0.0004175279630295927, 
        "B_cpg_ctp": -1.105698605269407, 
        "u_B_cpg_ctp": 0.0008394133167758657, 
        "B_cpg_ctg": 10.53697292060025, 
        "u_B_cpg_ctg": 0.022165791868014897, 
        "B_cpg_cll1221": 0.5499803370029708, 
        "u_B_cpg_cll1221": 0.00041752911435784587
    }, 
    "2.5": {
        "A_cpg": 2.5189994063726906e-10, 
        "u_A_cpg": 2.844649316439781e-10, 
        "B_cpg_2": 109.77258715081041, 
        "u_B_cpg_2": 0.5253309506908909, 
        "B_cpdc_cpg": -0.2753582812188523, 
        "u_B_cpdc_cpg": 0.00022136138662669062, 
        "B_cdp_cpg": 1.1014333248820025, 
        "u_B_cdp_cpg": 0.0008854439340835913, 
        "B_cpg_c3pl1": -0.5507165493225181, 
        "u_B_cpg_c3pl1": 0.00044272313574533436, 
        "B_cpg_c3pl2": -0.5507165493225181, 
        "u_B_cpg_c3pl2": 0.00044272313574533436, 
        "B_cpg_ctp": -1.107178822494794, 
        "u_B_cpg_ctp": 0.0008900615843440612, 
        "B_cpg_ctg": 10.563085388591434, 
        "u_B_cpg_ctg": 0.02591454737635174, 
        "B_cpg_cll1221": 0.5507167362139251, 
        "u_B_cpg_cll1221": 0.0004427241926693045
    }
}