{
    "0.0": {
        "A_chgtil": 0.12024420268432283, 
        "u_A_chgtil": 0.08030308703383722, 
        "A_chg": 40.06750522732291, 
        "u_A_chg": 0.039796136885927556, 
        "B_chgtil_2": 398.9482460929828, 
        "u_B_chgtil_2": 2.368403447827742, 
        "B_chg_2": 404.54387480644635, 
        "u_B_chg_2": 0.8449187718340252, 
        "B_chgtil_chg": 2.391899179574975, 
        "u_B_chgtil_chg": 1.6628305609799536
    }, 
    "45.0": {
        "A_chgtil": -0.0437295161760379, 
        "u_A_chgtil": 0.06763459013934989, 
        "A_chg": 40.24925640392465, 
        "u_A_chg": 0.023431522115790433, 
        "B_chgtil_2": 400.818963387686, 
        "u_B_chgtil_2": 1.6833770627420765, 
        "B_chg_2": 406.28265554694997, 
        "u_B_chg_2": 0.43077891253795286, 
        "B_chgtil_chg": -0.7541894376052376, 
        "u_B_chgtil_chg": 1.406676613562122
    }, 
    "80.0": {
        "A_chgtil": -0.016467210834992314, 
        "u_A_chgtil": 0.10398686394883495, 
        "A_chg": 40.98180731494491, 
        "u_A_chg": 0.06281279139943279, 
        "B_chgtil_2": 432.5737150952455, 
        "u_B_chgtil_2": 4.140282954897161, 
        "B_chg_2": 424.9801027292525, 
        "u_B_chg_2": 1.1565309042865086, 
        "B_chgtil_chg": -1.3533371905429072, 
        "u_B_chgtil_chg": 2.3155965258059856
    }, 
    "120.0": {
        "A_chgtil": -0.06885922311435845, 
        "u_A_chgtil": 0.25809101277855445, 
        "A_chg": 41.89690236717607, 
        "u_A_chg": 0.19217167814643762, 
        "B_chgtil_2": 459.40344517781, 
        "u_B_chgtil_2": 21.12722948886085, 
        "B_chg_2": 447.45533691688445, 
        "u_B_chg_2": 2.7757186531867575, 
        "B_chgtil_chg": -1.3795629116264592, 
        "u_B_chgtil_chg": 5.847606655816335
    }, 
    "140.0": {
        "A_chgtil": -0.17936615975851364, 
        "u_A_chgtil": 0.2535139215412392, 
        "A_chg": 42.7611409849985, 
        "u_A_chg": 0.2934350242614022, 
        "B_chgtil_2": 486.3822849315029, 
        "u_B_chgtil_2": 12.729338025622717, 
        "B_chg_2": 481.210480487048, 
        "u_B_chg_2": 8.932030621196615, 
        "B_chgtil_chg": -5.531672797894224, 
        "u_B_chgtil_chg": 5.756526216630987
    }, 
    "170.0": {
        "A_chgtil": -0.17789631367734451, 
        "u_A_chgtil": 0.2817994276417582, 
        "A_chg": 42.71720679395296, 
        "u_A_chg": 0.46739727643792184, 
        "B_chgtil_2": 484.79611898977384, 
        "u_B_chgtil_2": 9.570657750788925, 
        "B_chg_2": 486.34184908929114, 
        "u_B_chg_2": 6.942669437952683, 
        "B_chgtil_chg": -6.637159197419092, 
        "u_B_chgtil_chg": 6.868546466931253
    }, 
    "200.0": {
        "A_chgtil": -0.4190145924547931, 
        "u_A_chgtil": 0.22907376110796962, 
        "A_chg": 41.99049714439434, 
        "u_A_chg": 0.6507676647155947, 
        "B_chgtil_2": 545.222008365497, 
        "u_B_chgtil_2": 13.514681800511884, 
        "B_chg_2": 548.0210756876196, 
        "u_B_chg_2": 13.00471650922262, 
        "B_chgtil_chg": -10.626079974935768, 
        "u_B_chgtil_chg": 5.611521646746132
    }, 
    "350.0": {
        "A_chgtil": 0.2895577445836465, 
        "u_A_chgtil": 0.5981828894934956, 
        "A_chg": 25.880320129852276, 
        "u_A_chg": 2.4659012227076493, 
        "B_chgtil_2": 406.72131349871813, 
        "u_B_chgtil_2": 43.2204799996683, 
        "B_chg_2": 417.68725954283946, 
        "u_B_chg_2": 43.351387526645695, 
        "B_chgtil_chg": 5.817578779919686, 
        "u_B_chgtil_chg": 18.30548546302863
    }, 
    "450.0": {
        "A_chgtil": 0.03992389953002023, 
        "u_A_chgtil": 0.1404888360584622, 
        "A_chg": 0.5855266948483739, 
        "u_A_chg": 0.860558600755821, 
        "B_chgtil_2": 113.3081322985662, 
        "u_B_chgtil_2": 13.65709086195341, 
        "B_chg_2": 112.6226585190246, 
        "u_B_chg_2": 13.494309005655138, 
        "B_chgtil_chg": 0.932316562954919, 
        "u_B_chgtil_chg": 1.895844268080361
    }
}