{
    "0.0": {
        "A_cpg": -1.397338892951604e-10, 
        "u_A_cpg": 5.602615137038946e-10, 
        "B_cpg_2": 159.22994480651766, 
        "u_B_cpg_2": 0.4302136547071423, 
        "B_cpdc_cpg": -0.44497365620192414, 
        "u_B_cpdc_cpg": 6.284797126445054e-05, 
        "B_cdp_cpg": 1.7798942218895382, 
        "u_B_cdp_cpg": 0.00025152283825209557, 
        "B_cpg_c3pl1": -0.8899473239157958, 
        "u_B_cpg_c3pl1": 0.00012563858794384836, 
        "B_cpg_c3pl2": -0.8899473239157958, 
        "u_B_cpg_c3pl2": 0.00012563858794384836, 
        "B_cpg_ctp": -1.7891792550271037, 
        "u_B_cpg_ctp": 0.0002528330306675924, 
        "B_cpg_ctg": 16.77569550596024, 
        "u_B_cpg_ctg": 0.003409445553171493, 
        "B_cpg_cll1221": 0.8899471426026242, 
        "u_B_cpg_cll1221": 0.00012568817555390813
    }, 
    "30.0": {
        "B_cpg_2": 184.09014713410068, 
        "u_B_cpg_2": 1.9430002398117365, 
        "B_cpdc_cpg": -0.4452014544589617, 
        "u_B_cpdc_cpg": 0.00016493237487866946, 
        "B_cdp_cpg": 1.7808056087286397, 
        "u_B_cdp_cpg": 0.0006598102847242865, 
        "B_cpg_c3pl1": -0.8904030100029235, 
        "u_B_cpg_c3pl1": 0.0003298598254790009, 
        "B_cpg_c3pl2": -0.8904030100029235, 
        "u_B_cpg_c3pl2": 0.0003298598254790009, 
        "B_cpg_ctp": -1.79009532768072, 
        "u_B_cpg_ctp": 0.0006632011544481196, 
        "B_cpg_ctg": 16.806232653614156, 
        "u_B_cpg_ctg": 0.011761358662393142, 
        "B_cpg_cll1221": 0.8904026656202022, 
        "u_B_cpg_cll1221": 0.00032985342258954866
    }, 
    "45.0": {
        "A_cpg": -1.1821495248033915e-09, 
        "u_A_cpg": 1.3578945385315624e-09, 
        "B_cpg_2": 228.09239100882277, 
        "u_B_cpg_2": 1.993055150371351, 
        "B_cpdc_cpg": -0.44618036550387896, 
        "u_B_cpdc_cpg": 0.00035182507240557107, 
        "B_cdp_cpg": 1.7847210462930174, 
        "u_B_cdp_cpg": 0.001407295320162292, 
        "B_cpg_c3pl1": -0.8923605930903417, 
        "u_B_cpg_c3pl1": 0.0007036509552001597, 
        "B_cpg_c3pl2": -0.8923605930903417, 
        "u_B_cpg_c3pl2": 0.0007036509552001597, 
        "B_cpg_ctp": -1.7940309861567016, 
        "u_B_cpg_ctp": 0.001414681051970089, 
        "B_cpg_ctg": 16.912243942695575, 
        "u_B_cpg_ctg": 0.03086027342156371, 
        "B_cpg_cll1221": 0.8923603468092403, 
        "u_B_cpg_cll1221": 0.0007036714545373961
    }, 
    "80.0": {
        "A_cpg": -3.6246518287714993e-10, 
        "u_A_cpg": 1.8198999153014631e-09, 
        "B_cpg_2": 228.52665839668785, 
        "u_B_cpg_2": 2.665631911677568, 
        "B_cpdc_cpg": -0.4455040188167486, 
        "u_B_cpdc_cpg": 0.001173997344226008, 
        "B_cdp_cpg": 1.7820158909584183, 
        "u_B_cdp_cpg": 0.004695982544300988, 
        "B_cpg_c3pl1": -0.8910079090014704, 
        "u_B_cpg_c3pl1": 0.0023479876776212973, 
        "B_cpg_c3pl2": -0.8910079090014704, 
        "u_B_cpg_c3pl2": 0.0023479876776212973, 
        "B_cpg_ctp": -1.791311858776719, 
        "u_B_cpg_ctp": 0.0047204759007893945, 
        "B_cpg_ctg": 16.995896706117414, 
        "u_B_cpg_ctg": 0.07273656720005801, 
        "B_cpg_cll1221": 0.891007970053686, 
        "u_B_cpg_cll1221": 0.002347989248632169
    }, 
    "120.0": {
        "A_cpg": -4.0223230877498353e-10, 
        "u_A_cpg": 1.7889780769116303e-09, 
        "B_cpg_2": 179.6742698661326, 
        "u_B_cpg_2": 3.102831456415367, 
        "B_cpdc_cpg": -0.45212840263063325, 
        "u_B_cpdc_cpg": 0.00218479932139345, 
        "B_cdp_cpg": 1.8085134919720145, 
        "u_B_cdp_cpg": 0.008739160515664004, 
        "B_cpg_c3pl1": -0.9042566580753576, 
        "u_B_cpg_c3pl1": 0.004369593565319885, 
        "B_cpg_c3pl2": -0.9042566580753576, 
        "u_B_cpg_c3pl2": 0.004369593565319885, 
        "B_cpg_ctp": -1.8179475497668431, 
        "u_B_cpg_ctp": 0.008784750803889515, 
        "B_cpg_ctg": 17.772082237821134, 
        "u_B_cpg_ctg": 0.15128401608825764, 
        "B_cpg_cll1221": 0.9042567840710771, 
        "u_B_cpg_cll1221": 0.004369573326026724
    }, 
    "200.0": {
        "A_cpg": -6.36149577324026e-10, 
        "u_A_cpg": 1.6296767484232297e-09, 
        "B_cpg_2": 48.49630884610517, 
        "u_B_cpg_2": 8.76562057197752, 
        "B_cpdc_cpg": -0.5044910529669051, 
        "u_B_cpdc_cpg": 0.006859066019347536, 
        "B_cdp_cpg": 2.017963686469675, 
        "u_B_cdp_cpg": 0.027436190160665588, 
        "B_cpg_c3pl1": -1.0089817726813992, 
        "u_B_cpg_c3pl1": 0.013718106538718796, 
        "B_cpg_c3pl2": -1.0089817726813992, 
        "u_B_cpg_c3pl2": 0.013718106538718796, 
        "B_cpg_ctp": -2.0284904476356287, 
        "u_B_cpg_ctp": 0.02757932787688702, 
        "B_cpg_ctg": 25.079725913865616, 
        "u_B_cpg_ctg": 0.8651812425914341, 
        "B_cpg_cll1221": 1.0089816956230337, 
        "u_B_cpg_cll1221": 0.013718087420052271
    }
}