{
    "0.0": {
        "A_chl3": -0.12124856445756026, 
        "u_A_chl3": 0.00014314961803684148, 
        "A_chbox": 0.12124696232003515, 
        "u_A_chbox": 0.00020191025501291134, 
        "A_cll1": 0.06062222990385127, 
        "u_A_cll1": 0.00010119582774440547, 
        "A_chdd": -0.03031254025113071, 
        "u_A_chdd": 5.0779234684268874e-05, 
        "A_chg": 23.62500389793262, 
        "u_A_chg": 0.0761289400609603, 
        "A_ctgre": -0.9499039944176968, 
        "u_A_ctgre": 0.006494470469183611, 
        "A_cthre": -0.12187989785689167, 
        "u_A_cthre": 0.0002032200279871069, 
        "B_chl3_2": 0.003714253020207659, 
        "u_B_chl3_2": 0.00012667249713272795, 
        "B_chl3_cll1": -0.0036813462039263904, 
        "u_B_chl3_cll1": 2.9971584325658895e-05, 
        "B_chl3_ctgre": 0.057674873895720215, 
        "u_B_chl3_ctgre": 0.0002866757593646674, 
        "B_chl3_cthre": 0.007237083413532159, 
        "u_B_chl3_cthre": 4.519963228713377e-05, 
        "B_chbox_2": 0.0037770077023092535, 
        "u_B_chbox_2": 0.00011057722959189978, 
        "B_chbox_chl3": -0.007458353464875442, 
        "u_B_chbox_chl3": 6.934296405612653e-05, 
        "B_chbox_cll1": 0.0037285169577871186, 
        "u_B_chbox_cll1": 3.448453350250782e-05, 
        "B_chbox_chg": 2.7565171173943184, 
        "u_B_chbox_chg": 0.0046820164514233655, 
        "B_chbox_ctgre": -0.05759644651853775, 
        "u_B_chbox_ctgre": 0.0004046057659746221, 
        "B_chbox_cthre": -0.007410456143853884, 
        "u_B_chbox_cthre": 4.216613546795805e-05, 
        "B_cll1_2": 0.0010691342789728986, 
        "u_B_cll1_2": 8.711702416030613e-05, 
        "B_chdd_2": 0.00028397441787168294, 
        "u_B_chdd_2": 8.618309621398417e-05, 
        "B_chdd_chl3": 0.0017301389270971957, 
        "u_B_chdd_chl3": 5.17343904171302e-05, 
        "B_chdd_chbox": -0.001856374255677286, 
        "u_B_chdd_chbox": 2.5241284232354393e-05, 
        "B_chdd_cll1": -0.0009435249611923007, 
        "u_B_chdd_cll1": 3.6388951661824856e-05, 
        "B_chdd_chg": -0.68912861066178, 
        "u_B_chdd_chg": 0.0011705287772721669, 
        "B_chdd_ctgre": 0.014398837371721871, 
        "u_B_chdd_ctgre": 0.00010254691187143377, 
        "B_chdd_cthre": 0.0017935695378368758, 
        "u_B_chdd_cthre": 4.157923600364672e-05, 
        "B_chg_2": 217.58270599395308, 
        "u_B_chg_2": 1.0888235693676247, 
        "B_chg_chl3": -2.7565157136209653, 
        "u_B_chg_chl3": 0.0033107329138762375, 
        "B_chg_cll1": 1.3782586678628583, 
        "u_B_chg_cll1": 0.002340998873206107, 
        "B_chg_ctgre": -21.53903924151815, 
        "u_B_chg_ctgre": 0.11696531798793416, 
        "B_chg_cthre": -2.77089547042111, 
        "u_B_chg_cthre": 0.0047064109682556175, 
        "B_ctgre_2": 0.22595797431349032, 
        "u_B_ctgre_2": 0.003115377482886964, 
        "B_ctgre_cll1": -0.028798773103511907, 
        "u_B_ctgre_cll1": 0.00019617005183727925, 
        "B_cthre_2": 0.0036814811277394548, 
        "u_B_cthre_2": 0.00010820178383950474, 
        "B_cthre_cll1": -0.0036656450943483194, 
        "u_B_cthre_cll1": 3.3791321899339726e-05, 
        "B_cthre_ctgre": 0.05791985589320231, 
        "u_B_cthre_ctgre": 0.0004006622190689042
    }, 
    "-3.141593": {
        "A_chl3": -0.12124974687714525, 
        "u_A_chl3": 3.029591649964058e-05, 
        "A_chbox": 0.12124739762794214, 
        "u_A_chbox": 4.289191387205714e-05, 
        "A_cll1": 0.06062357643476449, 
        "u_A_cll1": 2.1399404512690704e-05, 
        "A_chdd": -0.030311809464200413, 
        "u_A_chdd": 1.0730800566597661e-05, 
        "A_chg": 23.794961673854186, 
        "u_A_chg": 0.019103500599301625, 
        "A_ctgre": -0.9580772506374292, 
        "u_A_ctgre": 0.004140606169797948, 
        "A_cthre": -0.12188081059199182, 
        "u_A_cthre": 4.315497776066724e-05, 
        "B_chl3_2": 0.003825110552046834, 
        "u_B_chl3_2": 3.242224428849993e-05, 
        "B_chl3_cll1": -0.0036527776123770395, 
        "u_B_chl3_cll1": 5.766200461536015e-06, 
        "B_chl3_ctgre": 0.05812133563994271, 
        "u_B_chl3_ctgre": 0.00017736609175351994, 
        "B_chl3_cthre": 0.007383589171418934, 
        "u_B_chl3_cthre": 1.1163330335451682e-05, 
        "B_chbox_2": 0.0037408174771785627, 
        "u_B_chbox_2": 2.1884695629266073e-05, 
        "B_chbox_chl3": -0.007393594545476763, 
        "u_B_chbox_chl3": 1.4205082133838561e-05, 
        "B_chbox_cll1": 0.0036951136724000123, 
        "u_B_chbox_cll1": 8.981338295899138e-06, 
        "B_chbox_chg": 2.7673563831376775, 
        "u_B_chbox_chg": 0.0024685045343776977, 
        "B_chbox_ctgre": -0.0580736459601095, 
        "u_B_chbox_ctgre": 0.00025125807683019994, 
        "B_chbox_cthre": -0.007365524069273785, 
        "u_B_chbox_cthre": 8.81137775531793e-06, 
        "B_cg_chg": -7.0165786876344686e-12, 
        "u_B_cg_chg": 7.0162838457172504e-12, 
        "B_cll1_2": 0.0009474926881006104, 
        "u_B_cll1_2": 2.0719510024141043e-05, 
        "B_chdd_2": 0.00018947415673154785, 
        "u_B_chdd_2": 2.1314346970296915e-05, 
        "B_chdd_chl3": 0.0018382666399063086, 
        "u_B_chdd_chl3": 1.2121023176559931e-05, 
        "B_chdd_chbox": -0.001828655940331117, 
        "u_B_chdd_chbox": 7.636297947602074e-06, 
        "B_chdd_cll1": -0.0008979043461756829, 
        "u_B_chdd_cll1": 8.642560710679626e-06, 
        "B_chdd_chg": -0.6918391014818811, 
        "u_B_chdd_chg": 0.0006171236232478432, 
        "B_chdd_ctgre": 0.01450529398012072, 
        "u_B_chdd_ctgre": 6.340579013574605e-05, 
        "B_chdd_cthre": 0.001861665761534487, 
        "u_B_chdd_cthre": 8.100331276418305e-06, 
        "B_chg_2": 221.5572940909281, 
        "u_B_chg_2": 0.41397562509144886, 
        "B_chg_chl3": -2.767356462902151, 
        "u_B_chg_chl3": 0.001745488646786743, 
        "B_chg_cll1": 1.383678114653097, 
        "u_B_chg_cll1": 0.0012342460489840892, 
        "B_chg_ctgre": -22.00525452877035, 
        "u_B_chg_ctgre": 0.0743045921853211, 
        "B_chg_cthre": -2.7817921630832334, 
        "u_B_chg_cthre": 0.0024813739745427957, 
        "B_ctgre_2": 0.23167525992336802, 
        "u_B_ctgre_2": 0.002567193622647677, 
        "B_ctgre_cll1": -0.029045493837834592, 
        "u_B_ctgre_cll1": 0.0001255028766454111, 
        "B_cthre_2": 0.0037319073199549523, 
        "u_B_cthre_2": 2.456218750231172e-05, 
        "B_cthre_cll1": -0.0036788165382634045, 
        "u_B_cthre_cll1": 8.22193420254653e-06, 
        "B_cthre_ctgre": 0.05839485970578607, 
        "u_B_cthre_ctgre": 0.00025227857610128597
    }, 
    "1.570796": {
        "A_chl3": -0.12124942346975219, 
        "u_A_chl3": 2.994821673997783e-05, 
        "A_chbox": 0.12124740713880004, 
        "u_A_chbox": 4.2423765429337226e-05, 
        "A_cll1": 0.06062405076952687, 
        "u_A_cll1": 2.1171273514391956e-05, 
        "A_chdd": -0.03031193083173705, 
        "u_A_chdd": 1.0607133934898415e-05, 
        "A_chg": 23.80824084036624, 
        "u_A_chg": 0.019779152792706794, 
        "A_ctgre": -0.951770478618203, 
        "u_A_ctgre": 0.003481192333874619, 
        "A_cthre": -0.12188093664485701, 
        "u_A_cthre": 4.2654824007656937e-05, 
        "B_chl3_2": 0.0038100853790868977, 
        "u_B_chl3_2": 3.200424818745175e-05, 
        "B_chl3_cll1": -0.0036642424080306664, 
        "u_B_chl3_cll1": 6.417096055538514e-06, 
        "B_chl3_ctgre": 0.05771817241556136, 
        "u_B_chl3_ctgre": 0.00014961846252075522, 
        "B_chl3_cthre": 0.007366936803339893, 
        "u_B_chl3_cthre": 1.154314552488187e-05, 
        "B_chbox_2": 0.003748507836847417, 
        "u_B_chbox_2": 2.293697533198931e-05, 
        "B_chbox_chl3": -0.007412749962080651, 
        "u_B_chbox_chl3": 1.4493960315564762e-05, 
        "B_chbox_cll1": 0.0036889653724686985, 
        "u_B_chbox_cll1": 8.606575922955681e-06, 
        "B_chbox_chg": 2.7663891666401748, 
        "u_B_chbox_chg": 0.0021283472790989033,