{
    "450.0": {
        "A_cpdc": -0.030311719974345765, 
        "u_A_cpdc": 1.9645339083245083e-05, 
        "A_cdp": 0.1212485378349732, 
        "u_A_cdp": 7.862122615946006e-05, 
        "A_c3pl1": -0.060623258474624256, 
        "u_A_c3pl1": 3.932886061558982e-05, 
        "A_c3pl2": -0.060623258474624256, 
        "u_A_c3pl2": 3.932886061558982e-05, 
        "A_ctp": -0.12188041274575728, 
        "u_A_ctp": 7.904577234916104e-05, 
        "A_ctg": 1.9959650913542584, 
        "u_A_ctg": 0.04609553464634974, 
        "A_cll1221": 0.06062449487049197, 
        "u_A_cll1221": 3.930271947313483e-05, 
        "B_cpdc_2": 0.00021702556269118404, 
        "u_B_cpdc_2": 4.053009540401468e-05, 
        "B_cdp_2": 0.0036351782085066943, 
        "u_B_cdp_2": 5.077010479251132e-05, 
        "B_c3pl1_2": 0.0008319312964834008, 
        "u_B_c3pl1_2": 4.317845785430641e-05, 
        "B_c3pl2_2": 0.0008319312964834008, 
        "u_B_c3pl2_2": 4.317845785430641e-05, 
        "B_ctp_2": 0.003701491608186028, 
        "u_B_ctp_2": 4.445025513811349e-05, 
        "B_ctg_2": 1.128141102013111, 
        "u_B_ctg_2": 0.056029850659932476, 
        "B_cll1221_2": 0.0008861876871644271, 
        "u_B_cll1221_2": 4.627625821324636e-05, 
        "B_cpdc_cdp": -0.0018658170213727108, 
        "u_B_cpdc_cdp": 1.6507385292872144e-05, 
        "B_cpdc_c3pl1": 0.0009223586379523414, 
        "u_B_cpdc_c3pl1": 1.642697568642461e-05, 
        "B_cpdc_c3pl2": 0.0009223586379523414, 
        "u_B_cpdc_c3pl2": 1.642697568642461e-05, 
        "B_cpdc_ctp": 0.001832660319160833, 
        "u_B_cpdc_ctp": 1.4601739958671003e-05, 
        "B_cpdc_ctg": -0.030253967311334815, 
        "u_B_cpdc_ctg": 0.0006967375970221561, 
        "B_cpdc_cll1221": -0.0009344156136738679, 
        "u_B_cpdc_cll1221": 1.6278818382111548e-05, 
        "B_cdp_c3pl1": -0.003659292197905107, 
        "u_B_cdp_c3pl1": 2.302805506079332e-05, 
        "B_cdp_c3pl2": -0.003659292197905107, 
        "u_B_cdp_c3pl2": 2.302805506079332e-05, 
        "B_cdp_ctp": -0.007390926364005454, 
        "u_B_cdp_ctp": 1.79512339008593e-05, 
        "B_cdp_ctg": 0.12099778361095788, 
        "u_B_cdp_ctg": 0.0027954561878782832, 
        "B_cdp_cll1221": 0.003650249451880699, 
        "u_B_cdp_cll1221": 1.27847510828082e-05, 
        "B_c3pl1_c3pl2": 0.0018507457542766034, 
        "u_B_c3pl1_c3pl2": 2.38042824558095e-05, 
        "B_c3pl1_ctp": 0.003680391938628717, 
        "u_B_c3pl1_ctp": 1.6869801892881728e-05, 
        "B_c3pl1_ctg": -0.060495877675414624, 
        "u_B_c3pl1_ctg": 0.0013951307922988399, 
        "B_c3pl1_cll1221": -0.001841703069929657, 
        "u_B_c3pl1_cll1221": 9.527882504564233e-06, 
        "B_c3pl2_ctp": 0.003680391938628717, 
        "u_B_c3pl2_ctp": 1.6869801892881728e-05, 
        "B_c3pl2_ctg": -0.060495877675414624, 
        "u_B_c3pl2_ctg": 0.0013951307922988399, 
        "B_c3pl2_cll1221": -0.001841703069929657, 
        "u_B_c3pl2_cll1221": 9.527882504564233e-06, 
        "B_ctp_ctg": -0.12161871765186189, 
        "u_B_ctp_ctg": 0.002809309705507916, 
        "B_ctp_cll1221": -0.0037014916793523295, 
        "u_B_ctp_cll1221": 1.7436912851572815e-05, 
        "B_ctg_cll1221": 0.060501906647206255, 
        "u_B_ctg_cll1221": 0.001395257436984582
    }, 
    "600.0": {
        "A_cpdc": -0.030311238477194753, 
        "u_A_cpdc": 4.627761385809847e-05, 
        "A_cdp": 0.121247516399459, 
        "u_A_cdp": 0.00018530614657692046, 
        "A_c3pl1": -0.06062322703333406, 
        "u_A_c3pl1": 9.226411124556888e-05, 
        "A_c3pl2": -0.06062322703333406, 
        "u_A_c3pl2": 9.226411124556888e-05, 
        "A_ctp": -0.12188050098877737, 
        "u_A_ctp": 0.00018626427177299737, 
        "A_ctg": 3.074225602298953, 
        "u_A_ctg": 0.16230220745346896, 
        "A_cll1221": 0.06062545717876741, 
        "u_A_cll1221": 9.238037674257678e-05, 
        "B_cpdc_2": 0.00017019398440900122, 
        "u_B_cpdc_2": 8.540928032788972e-05, 
        "B_cdp_2": 0.003748337447089401, 
        "u_B_cdp_2": 8.74811194205644e-05, 
        "B_c3pl1_2": 0.0008305095917799799, 
        "u_B_c3pl1_2": 9.574563358015354e-05, 
        "B_c3pl2_2": 0.0008305095917799799, 
        "u_B_c3pl2_2": 9.574563358015354e-05, 
        "B_ctp_2": 0.003706602753243457, 
        "u_B_ctp_2": 9.022290045598502e-05, 
        "B_ctg_2": 2.830483908157085, 
        "u_B_ctg_2": 0.33915328930807, 
        "B_cll1221_2": 0.0007675007754977283, 
        "u_B_cll1221_2": 7.969206065226016e-05, 
        "B_cpdc_cdp": -0.0018635315074553374, 
        "u_B_cpdc_cdp": 3.054167530534117e-05, 
        "B_cpdc_c3pl1": 0.000894739303742401, 
        "u_B_cpdc_c3pl1": 3.120311769014237e-05, 
        "B_cpdc_c3pl2": 0.000894739303742401, 
        "u_B_cpdc_c3pl2": 3.120311769014237e-05, 
        "B_cpdc_ctp": 0.001831620135443999, 
        "u_B_cpdc_ctp": 2.9888972511698283e-05, 
        "B_cpdc_ctg": -0.046602237396754606, 
        "u_B_cpdc_ctg": 0.0024628318611656774, 
        "B_cpdc_cll1221": -0.0008947393037424011, 
        "u_B_cpdc_cll1221": 3.120311769014219e-05, 
        "B_cdp_c3pl1": -0.003695151743356337, 
        "u_B_cdp_c3pl1": 4.1936325638607855e-05, 
        "B_cdp_c3pl2": -0.003695151743356337, 
        "u_B_cdp_c3pl2": 4.1936325638607855e-05, 
        "B_cdp_ctp": -0.007411984786490324, 
        "u_B_cdp_ctp": 3.3549936097158285e-05, 
        "B_cdp_ctg": 0.18639750334883878, 
        "u_B_cdp_ctg": 0.009847024176626943, 
        "B_cdp_cll1221": 0.003695151743356337, 
        "u_B_cdp_cll1221": 2.9213662338555414e-05, 
        "B_c3pl1_c3pl2": 0.001832027095128503, 
        "u_B_c3pl1_c3pl2": 5.250647744510026e-05, 
        "B_c3pl1_ctp": 0.0037057888841029495, 
        "u_B_c3pl1_ctp": 3.023441447245376e-05, 
        "B_c3pl1_ctg": -0.09315088182034917, 
        "u_B_c3pl1_ctg": 0.004921778489446526, 
        "B_c3pl1_cll1221": -0.0018209830114402196, 
        "u_B_c3pl1_cll1221": 1.060986624870252e-05, 
        "B_c3pl2_ctp": 0.0037057888841029495, 
        "u_B_c3pl2_ctp": 3.023441447245376e-05, 
        "B_c3pl2_ctg": -0.09315088182034917, 
        "u_B_c3pl2_ctg": 0.004921778489446526, 
        "B_c3pl2_cll1221": -0.0018209830114402196, 
        "u_B_c3pl2_cll1221": 1.060986624870252e-05, 
        "B_ctp_ctg": -0.1873135012627822, 
        "u_B_ctp_ctg": 0.009892841582964317, 
        "B_ctp_cll1221": -0.0036849215371799774, 
        "u_B_ctp_cll1221": 3.654859819354525e-05, 
        "B_ctg_cll1221": 0.09323597978346376, 
        "u_B_ctg_cll1221": 0.004923767693549675
    }
}