{
    "0.0": {
        "A_cpdc": -0.03217673461268539, 
        "u_A_cpdc": 2.47280314153586e-06, 
        "A_cdp": 0.12870672252413223, 
        "u_A_cdp": 9.885125422004799e-06, 
        "A_c3pl1": -0.06435378741906132, 
        "u_A_c3pl1": 4.932403677983022e-06, 
        "A_c3pl2": -0.06435378741906132, 
        "u_A_c3pl2": 4.932403677983022e-06, 
        "A_ctp": -0.12937799053070317, 
        "u_A_ctp": 9.912723751361455e-06, 
        "A_ctg": 1.2130437670991645, 
        "u_A_ctg": 0.000173387003655034, 
        "A_cll1221": 0.06435376754851443, 
        "u_A_cll1221": 4.942470685356777e-06, 
        "B_cpdc_2": 0.00024269966360402376, 
        "u_B_cpdc_2": 6.937377409386124e-06, 
        "B_cdp_2": 0.0038969112130129743, 
        "u_B_cdp_2": 9.153413587186673e-06, 
        "B_c3pl1_2": 0.0010347360822047702, 
        "u_B_c3pl1_2": 7.859651045059613e-06, 
        "B_c3pl2_2": 0.0010347360822047702, 
        "u_B_c3pl2_2": 7.859651045059613e-06, 
        "B_ctp_2": 0.003936515782847519, 
        "u_B_ctp_2": 7.703981699160855e-06, 
        "B_ctg_2": 0.34660352013881834, 
        "u_B_ctg_2": 7.496658807443526e-05, 
        "B_cll1221_2": 0.0009337032946952796, 
        "u_B_cll1221_2": 7.832069021164346e-06, 
        "B_cpdc_cdp": -0.0019429088890652703, 
        "u_B_cpdc_cdp": 2.4879317463583865e-06, 
        "B_cpdc_c3pl1": 0.0009947548835887135, 
        "u_B_cpdc_c3pl1": 3.0087764555263036e-06, 
        "B_cpdc_c3pl2": 0.0009947548835887135, 
        "u_B_cpdc_c3pl2": 3.0087764555263036e-06, 
        "B_cpdc_ctp": 0.0019762568330541153, 
        "u_B_cpdc_ctp": 3.3423938780499525e-06, 
        "B_cpdc_ctg": -0.01834270025556368, 
        "u_B_cpdc_ctg": 3.95807514825025e-06, 
        "B_cpdc_cll1221": -0.00095799279945793, 
        "u_B_cpdc_cll1221": 3.055784604832527e-06, 
        "B_cdp_c3pl1": -0.003914957630432626, 
        "u_B_cdp_c3pl1": 3.85794152707413e-06, 
        "B_cdp_c3pl2": -0.003914957630432626, 
        "u_B_cdp_c3pl2": 3.85794152707413e-06, 
        "B_cdp_ctp": -0.007846888549530685, 
        "u_B_cdp_ctp": 3.0298547270396494e-06, 
        "B_cdp_ctg": 0.07354583749033877, 
        "u_B_cdp_ctg": 1.1305272560217334e-05, 
        "B_cdp_cll1221": 0.003880119501404837, 
        "u_B_cdp_cll1221": 2.4498760560808984e-06, 
        "B_c3pl1_c3pl2": 0.0019341160263582696, 
        "u_B_c3pl1_c3pl2": 4.4534195294254126e-06, 
        "B_c3pl1_ctp": 0.003925980577861799, 
        "u_B_c3pl1_ctp": 3.1293123098996167e-06, 
        "B_c3pl1_ctg": -0.03675464433309496, 
        "u_B_c3pl1_ctg": 6.170065423055082e-06, 
        "B_c3pl1_cll1221": -0.0019665020371731705, 
        "u_B_c3pl1_cll1221": 2.0274051965486246e-06, 
        "B_c3pl2_ctp": 0.003925980577861799, 
        "u_B_c3pl2_ctp": 3.1293123098996167e-06, 
        "B_c3pl2_ctg": -0.03675464433309496, 
        "u_B_c3pl2_ctg": 6.170065423055082e-06, 
        "B_c3pl2_cll1221": -0.0019665020371731705, 
        "u_B_c3pl2_cll1221": 2.0274051965486246e-06, 
        "B_ctp_ctg": -0.07388852480917611, 
        "u_B_ctp_ctg": 1.0831669993204944e-05, 
        "B_ctp_cll1221": -0.003901008268083826, 
        "u_B_ctp_cll1221": 3.207389128077731e-06, 
        "B_ctg_cll1221": 0.036774430231434584, 
        "u_B_ctg_cll1221": 6.173839191985726e-06
    }, 
    "30.0": {
        "A_cpdc": -0.03217398848722916, 
        "u_A_cpdc": 4.706749938804538e-06, 
        "A_cdp": 0.12869676138872024, 
        "u_A_cdp": 1.87865825132013e-05, 
        "A_c3pl1": -0.06434868532760868, 
        "u_A_c3pl1": 9.366169171534438e-06, 
        "A_c3pl2": -0.06434868532760868, 
        "u_A_c3pl2": 9.366169171534438e-06, 
        "A_ctp": -0.1293678259634397, 
        "u_A_ctp": 1.8858472831249006e-05, 
        "A_ctg": 1.2133273833624205, 
        "u_A_ctg": 0.0006143281694826377, 
        "A_cll1221": 0.06434890652627329, 
        "u_A_cll1221": 9.378545023482816e-06, 
        "B_cpdc_2": 0.0002197209497976156, 
        "u_B_cpdc_2": 1.2163754123095234e-05, 
        "B_cdp_2": 0.003893728563943734, 
        "u_B_cdp_2": 1.6427491992060977e-05, 
        "B_c3pl1_2": 0.0010202546765098568, 
        "u_B_c3pl1_2": 1.4421280995747227e-05, 
        "B_c3pl2_2": 0.0010202546765098568, 
        "u_B_c3pl2_2": 1.4421280995747227e-05, 
        "B_ctp_2": 0.003925480252444987, 
        "u_B_ctp_2": 1.4021752753192234e-05, 
        "B_ctg_2": 0.3468514158362721, 
        "u_B_ctg_2": 0.0003080575036576654, 
        "B_cll1221_2": 0.0009209927935280117, 
        "u_B_cll1221_2": 1.387512790509085e-05, 
        "B_cpdc_cdp": -0.0019486709145189202, 
        "u_B_cpdc_cdp": 4.620666690639973e-06, 
        "B_cpdc_c3pl1": 0.000995072428902864, 
        "u_B_cpdc_c3pl1": 5.427882169360484e-06, 
        "B_cpdc_c3pl2": 0.000995072428902864, 
        "u_B_cpdc_c3pl2": 5.427882169360484e-06, 
        "B_cpdc_ctp": 0.0019713130555998634, 
        "u_B_cpdc_ctp": 5.919899539413747e-06, 
        "B_cpdc_ctg": -0.018353883303278813, 
        "u_B_cpdc_ctg": 1.068758605148363e-05, 
        "B_cpdc_cll1221": -0.0009568720706244521, 
        "u_B_cpdc_cll1221": 5.51205733476282e-06, 
        "B_cdp_c3pl1": -0.003910239388497261, 
        "u_B_cdp_c3pl1": 7.019736147778316e-06, 
        "B_cdp_c3pl2": -0.003910239388497261, 
        "u_B_cdp_c3pl2": 7.019736147778316e-06, 
        "B_cdp_ctp": -0.007846197550035105, 
        "u_B_cdp_ctp": 5.459342690517757e-06, 
        "B_cdp_ctg": 0.07356506825341098, 
        "u_B_cdp_ctg": 3.8064528976375256e-05, 
        "B_cdp_cll1221": 0.003875728593760703, 
        "u_B_cdp_cll1221": 4.1791135902223266e-06, 
        "B_c3pl1_c3pl2": 0.001939243888804787, 
        "u_B_c3pl1_c3pl2": 8.034825299143236e-06, 
        "B_c3pl1_ctp": 0.00392833785460806, 
        "u_B_c3pl1_ctp": 5.810552805429147e-06, 
        "B_c3pl1_ctg": -0.03675991675728786, 
        "u_B_c3pl1_ctg": 1.924628025159263e-05, 
        "B_c3pl1_cll1221": -0.0019633751151491245, 
        "u_B_c3pl1_cll1221": 3.5509926533035786e-06, 
        "B_c3pl2_ctp": 0.00392833785460806, 
        "u_B_c3pl2_ctp": 5.810552805429147e-06, 
        "B_c3pl2_ctg": -0.03675991675728786, 
        "u_B_c3pl2_ctg": 1.924628025159263e-05, 
        "B_c3pl2_cll1221": -0.0019633751151491245, 
        "u_B_c3pl2_cll1221": 3.5509926533035786e-06, 
        "B_ctp_ctg": -0.07390864454016007, 
        "u_B_ctp_ctg": 3.78370264910257e-05, 
        "B_ctp_cll1221": -0.0039057942698209947, 
        "u_B_ctp_cll1221": 5.92361737188692e-06, 
        "B_ctg_cll1221": 0.036787610830091126, 
        "u_B_ctg_cll1221": 1.914819966663694e-05
    }, 
    "45.0": {
        "A_cpdc": -0.03217518685022732, 
        "u_A_cpdc": 4.148815359736466e-06, 
        "A_cdp": 0.12870080062581504, 
        "u_A_cdp": 1.658716679625868e-05, 
        "A_c3pl1": -0.06435090636317777, 
        "u_A_c3pl1": 8.280860597560737e-06, 
        "A_c3pl2": -0.06435090636317777, 
        "u_A_c3pl2": 8.280860597560737e-06, 
        "A_ctp": -0.12937216593669623, 
        "u_A_ctp": 1.663627625778905e-05, 
        "A_ctg": 1.217733974673402, 
        "u_A_ctg": 0.0013652737935547974, 
        "A_cll1221": 0.06435089740043455, 
        "u_A_cll1221": 8.27457496165106e-06, 
        "B_cpdc_2": 0.00023353698416154868, 
        "u_B_cpdc_2": 1.1397142714011525e-05, 
        "B_cdp_2": 0.003899130234961381, 
        "u_B_cdp_2": 1.4598323712399962e-05, 
        "B_c3pl1_2": 0.001041199964761928, 
        "u_B_c3pl1_2": 1.2680716047524478e-05, 
        "B_c3pl2_2": 0.001041199964761928, 
        "u_B_c3pl2_2": 1.2680716047524478e-05, 
        "B_ctp_2": 0.0039498991112709774, 
        "u_B_ctp_2": 1.269867198092626e-05, 
        "B_ctg_2": 0.34997440548571235, 
        "u_B_ctg_2": 0.0007536019001202316, 
        "B_cll1221_2": 0.0009252281867361343, 
        "u_B_cll1221_2": 1.2588425229830858e-05, 
        "B_cpdc_cdp": -0.001943617332502399, 
        "u_B_cpdc_cdp": 4.10745720101446e-06, 
        "B_cpdc_c3pl1": 0.0009941294026445254, 
        "u_B_cpdc_c3pl1": 4.858719792769864e-06,