{
    "0.0": {
        "A_cpdc": -0.030311664780016147, 
        "u_A_cpdc": 3.3991836589062603e-06, 
        "A_cdp": 0.12124788197213199, 
        "u_A_cdp": 1.361192228751739e-05, 
        "A_c3pl1": -0.06062454255902647, 
        "u_A_c3pl1": 6.810895043797561e-06, 
        "A_c3pl2": -0.06062454255902647, 
        "u_A_c3pl2": 6.810895043797561e-06, 
        "A_ctp": -0.12188078713428936, 
        "u_A_ctp": 1.3666707962609033e-05, 
        "A_ctg": 1.142984621531066, 
        "u_A_ctg": 0.00015692781055083593, 
        "A_cll1221": 0.060624364132722, 
        "u_A_cll1221": 6.810253144208571e-06, 
        "B_cpdc_2": 0.00018220244165275087, 
        "u_B_cpdc_2": 7.736016637967535e-06, 
        "B_cdp_2": 0.0036915146482109137, 
        "u_B_cdp_2": 7.959483888810109e-06, 
        "B_c3pl1_2": 0.0009714755719769479, 
        "u_B_c3pl1_2": 7.034488167808142e-06, 
        "B_c3pl2_2": 0.0009714755719769479, 
        "u_B_c3pl2_2": 7.034488167808142e-06, 
        "B_ctp_2": 0.0037375670557235692, 
        "u_B_ctp_2": 8.458808964626175e-06, 
        "B_ctg_2": 0.3266467027361926, 
        "u_B_ctg_2": 6.934715560883146e-05, 
        "B_cll1221_2": 0.0008804417435454173, 
        "u_B_cll1221_2": 7.495336643238094e-06, 
        "B_cpdc_cdp": -0.0018253867306433674, 
        "u_B_cpdc_cdp": 2.4323085063527487e-06, 
        "B_cpdc_c3pl1": 0.0009286798374176946, 
        "u_B_cpdc_c3pl1": 2.8112995969934954e-06, 
        "B_cpdc_c3pl2": 0.0009286798374176946, 
        "u_B_cpdc_c3pl2": 2.8112995969934954e-06, 
        "B_cpdc_ctp": 0.001863920379348633, 
        "u_B_cpdc_ctp": 3.1412358917432803e-06, 
        "B_cpdc_ctg": -0.017301090261188642, 
        "u_B_cpdc_ctg": 3.3183088119409943e-06, 
        "B_cpdc_cll1221": -0.0008942971706579622, 
        "u_B_cpdc_cll1221": 2.839622360728681e-06, 
        "B_cdp_c3pl1": -0.0036798685869633366, 
        "u_B_cdp_c3pl1": 3.593324296111274e-06, 
        "B_cdp_c3pl2": -0.0036798685869633366, 
        "u_B_cdp_c3pl2": 3.593324296111274e-06, 
        "B_cdp_ctp": -0.007401059392295592, 
        "u_B_cdp_ctp": 2.9061257415619383e-06, 
        "B_cdp_ctg": 0.06929662250936451, 
        "u_B_cdp_ctg": 9.852083214318763e-06, 
        "B_cdp_cll1221": 0.0036812965685916366, 
        "u_B_cdp_cll1221": 2.4753603172254632e-06, 
        "B_c3pl1_c3pl2": 0.0018262118255681075, 
        "u_B_c3pl1_c3pl2": 3.8816859188517725e-06, 
        "B_c3pl1_ctp": 0.003695130140615789, 
        "u_B_c3pl1_ctp": 3.036934015937422e-06, 
        "B_c3pl1_ctg": -0.034634667104421084, 
        "u_B_c3pl1_ctg": 5.60016360067172e-06, 
        "B_c3pl1_cll1221": -0.0018341112628578813, 
        "u_B_c3pl1_cll1221": 1.4908928565171067e-06, 
        "B_c3pl2_ctp": 0.003695130140615789, 
        "u_B_c3pl2_ctp": 3.036934015937422e-06, 
        "B_c3pl2_ctg": -0.034634667104421084, 
        "u_B_c3pl2_ctg": 5.60016360067172e-06, 
        "B_c3pl2_cll1221": -0.0018341112628578813, 
        "u_B_c3pl2_cll1221": 1.4908928565171067e-06, 
        "B_ctp_ctg": -0.06965227918366285, 
        "u_B_ctp_ctg": 9.847591285588111e-06, 
        "B_ctp_cll1221": -0.003667552245419254, 
        "u_B_ctp_cll1221": 2.56111343015394e-06, 
        "B_ctg_cll1221": 0.03466188800421056, 
        "u_B_ctg_cll1221": 5.481113295321481e-06
    }, 
    "30.0": {
        "A_cpdc": -0.030311676159849657, 
        "u_A_cpdc": 6.184901371122686e-06, 
        "A_cdp": 0.12124802841148637, 
        "u_A_cdp": 2.4781886352094055e-05, 
        "A_c3pl1": -0.06062474867762989, 
        "u_A_c3pl1": 1.2399252180675426e-05, 
        "A_c3pl2": -0.06062474867762989, 
        "u_A_c3pl2": 1.2399252180675426e-05, 
        "A_ctp": -0.12188057562081922, 
        "u_A_ctp": 2.4881167963071563e-05, 
        "A_ctg": 1.144177955773101, 
        "u_A_ctg": 0.00047705431906882695, 
        "A_cll1221": 0.06062418891926168, 
        "u_A_cll1221": 1.2389646127426164e-05, 
        "B_cpdc_2": 0.00017761396750046223, 
        "u_B_cpdc_2": 1.4212743066033995e-05, 
        "B_cdp_2": 0.0036745329886115727, 
        "u_B_cdp_2": 1.3857317834843288e-05, 
        "B_c3pl1_2": 0.0009895974754787304, 
        "u_B_c3pl1_2": 1.2530870245235261e-05, 
        "B_c3pl2_2": 0.0009895974754787304, 
        "u_B_c3pl2_2": 1.2530870245235261e-05, 
        "B_ctp_2": 0.0037082884319008694, 
        "u_B_ctp_2": 1.5115281438667319e-05, 
        "B_ctg_2": 0.32739791586303973, 
        "u_B_ctg_2": 0.00026818384889295156, 
        "B_cll1221_2": 0.0009011349346837828, 
        "u_B_cll1221_2": 1.3080902835086102e-05, 
        "B_cpdc_cdp": -0.0018160772934840866, 
        "u_B_cpdc_cdp": 4.250164109578343e-06, 
        "B_cpdc_c3pl1": 0.000933037509009008, 
        "u_B_cpdc_c3pl1": 5.055906117934504e-06, 
        "B_cpdc_c3pl2": 0.000933037509009008, 
        "u_B_cpdc_c3pl2": 5.055906117934504e-06, 
        "B_cpdc_ctp": 0.001879858690123189, 
        "u_B_cpdc_ctp": 5.6349165707167404e-06, 
        "B_cpdc_ctg": -0.0173147667314145, 
        "u_B_cpdc_ctg": 8.208955345550102e-06, 
        "B_cpdc_cll1221": -0.0008952615829074114, 
        "u_B_cpdc_cll1221": 5.127076756434604e-06, 
        "B_cdp_c3pl1": -0.003672020924817713, 
        "u_B_cdp_c3pl1": 6.183510929608062e-06, 
        "B_cdp_c3pl2": -0.003672020924817713, 
        "u_B_cdp_c3pl2": 6.183510929608062e-06, 
        "B_cdp_ctp": -0.007388564115353201, 
        "u_B_cdp_ctp": 5.384222905668781e-06, 
        "B_cdp_ctg": 0.0693699776279863, 
        "u_B_cdp_ctg": 2.9438023307516715e-05, 
        "B_cdp_cll1221": 0.0036859886944546633, 
        "u_B_cdp_cll1221": 4.730948249888091e-06, 
        "B_c3pl1_c3pl2": 0.0018314465914543712, 
        "u_B_c3pl1_c3pl2": 7.13944284262058e-06, 
        "B_c3pl1_ctp": 0.0037049033825047005, 
        "u_B_c3pl1_ctp": 5.673118139986155e-06, 
        "B_c3pl1_ctg": -0.03466941172449786, 
        "u_B_c3pl1_ctg": 1.5468275166067278e-05, 
        "B_c3pl1_cll1221": -0.0018347544340038698, 
        "u_B_c3pl1_cll1221": 2.746120645786153e-06, 
        "B_c3pl2_ctp": 0.0037049033825047005, 
        "u_B_c3pl2_ctp": 5.673118139986155e-06, 
        "B_c3pl2_ctg": -0.03466941172449786, 
        "u_B_c3pl2_ctg": 1.5468275166067278e-05, 
        "B_c3pl2_cll1221": -0.0018347544340038698, 
        "u_B_c3pl2_cll1221": 2.746120645786153e-06, 
        "B_ctp_ctg": -0.0697188927463135, 
        "u_B_ctp_ctg": 2.94081758201599e-05, 
        "B_ctp_cll1221": -0.0036717299296169428, 
        "u_B_ctp_cll1221": 4.5720547116002825e-06, 
        "B_ctg_cll1221": 0.03470023347057107, 
        "u_B_ctg_cll1221": 1.511395094603376e-05
    }, 
    "45.0": {
        "A_cpdc": -0.030311696571526235, 
        "u_A_cpdc": 5.835964383084543e-06, 
        "A_cdp": 0.12124799522205461, 
        "u_A_cdp": 2.338184410628994e-05, 
        "A_c3pl1": -0.060624558874143614, 
        "u_A_c3pl1": 1.1700291203105083e-05, 
        "A_c3pl2": -0.060624558874143614, 
        "u_A_c3pl2": 1.1700291203105083e-05, 
        "A_ctp": -0.12188079958343621, 
        "u_A_ctp": 2.347200203998472e-05, 
        "A_ctg": 1.1483903470880912, 
        "u_A_ctg": 0.0009044743412582079, 
        "A_cll1221": 0.060624273442045636, 
        "u_A_cll1221": 1.1689020305735398e-05, 
        "B_cpdc_2": 0.00018416356773833276, 
        "u_B_cpdc_2": 1.2815276988579088e-05, 
        "B_cdp_2": 0.0036759847991946044, 
        "u_B_cdp_2": 1.307490395560861e-05, 
        "B_c3pl1_2": 0.0009703948385785617, 
        "u_B_c3pl1_2": 1.1598817765872252e-05, 
        "B_c3pl2_2": 0.0009703948385785617, 
        "u_B_c3pl2_2": 1.1598817765872252e-05, 
        "B_ctp_2": 0.0037359915471934465, 
        "u_B_ctp_2": 1.4140131993694017e-05, 
        "B_ctg_2": 0.33003194941283887, 
        "u_B_ctg_2": 0.0005335867928976224, 
        "B_cll1221_2": 0.0008913859539660267, 
        "u_B_cll1221_2": 1.2638922130588935e-05, 
        "B_cpdc_cdp": -0.0018205618714646921, 
        "u_B_cpdc_cdp": 4.064911990314702e-06, 
        "B_cpdc_c3pl1": 0.000931247580515419,