{
    "0.0": {
        "A_chl3": -0.18588852488654, 
        "u_A_chl3": 0.0005090143963824166, 
        "A_chbox": 0.18589000193430874, 
        "u_A_chbox": 0.0007198639806091174, 
        "A_cll1": 0.0929436384008945, 
        "u_A_cll1": 0.00035991321537427089, 
        "A_chdd": -0.04647271372487006, 
        "u_A_chdd": 0.00017995727552452617, 
        "A_chg": 36.67813284036055, 
        "u_A_chg": 0.028377630747110229, 
        "A_ctgre": -1.4558255196945906, 
        "u_A_ctgre": 0.0089440697741711376, 
        "A_cthre": -0.18685915633493608, 
        "u_A_cthre": 0.00072361372273956504, 
        "B_chl3_2": 0.005533677746166416, 
        "u_B_chl3_2": 4.6666741318724861e-05, 
        "B_chl3_cll1": -0.005605543046242299, 
        "u_B_chl3_cll1": 1.7253204374887157e-05, 
        "B_chl3_ctgre": 0.088199756317296929, 
        "u_B_chl3_ctgre": 0.00038566543054551009, 
        "B_chl3_cthre": 0.011346420463078512, 
        "u_B_chl3_cthre": 3.4837930522210506e-05, 
        "B_chbox_2": 0.005564781048761612, 
        "u_B_chbox_2": 4.0566788093760713e-05, 
        "B_chbox_chl3": -0.011170323749095797, 
        "u_B_chbox_chl3": 3.7991184960859416e-05, 
        "B_chbox_cll1": 0.005646205486540402, 
        "u_B_chbox_cll1": 2.4325913367644669e-05, 
        "B_chbox_chg": 4.263828206163771, 
        "u_B_chbox_chg": 0.0033439375482728555, 
        "B_chbox_ctgre": -0.088278113471556688, 
        "u_B_chbox_ctgre": 0.00054214268982031666, 
        "B_chbox_cthre": -0.011295118096256468, 
        "u_B_chbox_cthre": 4.6540129459953559e-05, 
        "B_cll1_2": 0.001527187597764633, 
        "u_B_cll1_2": 3.2375313804976152e-05, 
        "B_chdd_2": 0.00039259623856703255, 
        "u_B_chdd_2": 3.0253129788393852e-05, 
        "B_chdd_chl3": 0.002886761662960987, 
        "u_B_chdd_chl3": 1.831052061600271e-05, 
        "B_chdd_chbox": -0.0027888389585736533, 
        "u_B_chdd_chbox": 1.4366173001111361e-05, 
        "B_chdd_cll1": -0.0014486618499129423, 
        "u_B_chdd_cll1": 1.3324374276697755e-05, 
        "B_chdd_chg": -1.0659572495995422, 
        "u_B_chdd_chg": 0.00083598451282000186, 
        "B_chdd_ctgre": 0.02205123116767229, 
        "u_B_chdd_ctgre": 0.00013689112018953464, 
        "B_chdd_cthre": 0.002811459997944285, 
        "u_B_chdd_cthre": 1.6682763834106829e-05, 
        "B_chg_2": 340.68628952591524, 
        "u_B_chg_2": 0.63662560980216276, 
        "B_chg_chl3": -4.263828581432696, 
        "u_B_chg_chl3": 0.0023645109261345621, 
        "B_chg_cll1": 2.131914032197755, 
        "u_B_chg_cll1": 0.0016719657409172222, 
        "B_chg_ctgre": -33.874429203370781, 
        "u_B_chg_ctgre": 0.104470209280834, 
        "B_chg_cthre": -4.286070161877753, 
        "u_B_chg_cthre": 0.0033613775921958302, 
        "B_ctgre_2": 0.35082841682175381, 
        "u_B_ctgre_2": 0.0045345507804420556, 
        "B_ctgre_cll1": -0.044119219616318359, 
        "u_B_ctgre_cll1": 0.00027083648314379477, 
        "B_cthre_2": 0.005689167814600695, 
        "u_B_cthre_2": 3.9327224098875014e-05, 
        "B_cthre_cll1": -0.005673333390917516, 
        "u_B_cthre_cll1": 2.5109441666526722e-05, 
        "B_cthre_ctgre": 0.088723427744693689, 
        "u_B_cthre_ctgre": 0.00054532057014077136
    }, 
    "1.570796": {
        "A_chl3": -0.18646355168216183, 
        "u_A_chl3": 2.9473760226891452e-05, 
        "A_chbox": 0.1864646702682679, 
        "u_A_chbox": 4.1619398259664589e-05, 
        "A_cll1": 0.09323138615469541, 
        "u_A_cll1": 2.0809262729376514e-05, 
        "A_chdd": -0.04661646025694895, 
        "u_A_chdd": 1.0398477585556981e-05, 
        "A_chg": 36.645016736837384, 
        "u_A_chg": 0.024733024954063362, 
        "A_ctgre": -1.4595182844552494, 
        "u_A_ctgre": 0.0050992481353929319, 
        "A_cthre": -0.1874362157878373, 
        "u_A_cthre": 4.1853996634195724e-05, 
        "B_chl3_2": 0.005567387465384656, 
        "u_B_chl3_2": 4.7760955378716768e-05, 
        "B_chl3_cll1": -0.005612181089914413, 
        "u_B_chl3_cll1": 7.4386151637876291e-06, 
        "B_chl3_ctgre": 0.088433622187594332, 
        "u_B_chl3_ctgre": 0.00021962503630048254, 
        "B_chl3_cthre": 0.011403733977172696, 
        "u_B_chl3_cthre": 1.7211262923650694e-05, 
        "B_chbox_2": 0.005632878856646897, 
        "u_B_chbox_2": 3.5517522899294867e-05, 
        "B_chbox_chl3": -0.01124505961294413, 
        "u_B_chbox_chl3": 2.3719225743705099e-05, 
        "B_chbox_cll1": 0.005662616196004586, 
        "u_B_chbox_cll1": 1.2149701146452945e-05, 
        "B_chbox_chg": 4.260292933249289, 
        "u_B_chbox_chg": 0.0032723844634710377, 
        "B_chbox_ctgre": -0.088502525177393418, 
        "u_B_chbox_ctgre": 0.00030811615653237711, 
        "B_chbox_cthre": -0.011337127932137427, 
        "u_B_chbox_cthre": 1.3965976434538887e-05, 
        "B_cll1_2": 0.0015030443886210696, 
        "u_B_cll1_2": 3.2686213366384949e-05, 
        "B_chdd_2": 0.00039270488334686756, 
        "u_B_chdd_2": 3.1064327272675194e-05, 
        "B_chdd_chl3": 0.002859064940517338, 
        "u_B_chdd_chl3": 1.7716912141021176e-05, 
        "B_chdd_chbox": -0.002811872790321286, 
        "u_B_chdd_chbox": 1.0887271729475183e-05, 
        "B_chdd_cll1": -0.001443266606930327, 
        "u_B_chdd_cll1": 1.2410005940371318e-05, 
        "B_chdd_chg": -1.065073302260649, 
        "u_B_chdd_chg": 0.00081809489095035506, 
        "B_chdd_ctgre": 0.022115416641836635, 
        "u_B_chdd_ctgre": 7.8859600994773545e-05, 
        "B_chdd_cthre": 0.0028153667124266395, 
        "u_B_chdd_cthre": 1.3445678014835933e-05, 
        "B_chg_2": 341.1867475453161, 
        "u_B_chg_2": 0.60503582347188889, 
        "B_chg_chl3": -4.260292715957593, 
        "u_B_chg_chl3": 0.0023139156351880811, 
        "B_chg_cll1": 2.1301464791607048, 
        "u_B_chg_cll1": 0.001636195724811107, 
        "B_chg_ctgre": -33.79031298244022, 
        "u_B_chg_ctgre": 0.10557035464686972, 
        "B_chg_cthre": -4.282516311968303, 
        "u_B_chg_cthre": 0.0032894498128547365, 
        "B_ctgre_2": 0.35051639220566166, 
        "u_B_ctgre_2": 0.0036022324468327868, 
        "B_ctgre_cll1": -0.044245160157811235, 
        "u_B_ctgre_cll1": 0.00015372636549210137, 
        "B_cthre_2": 0.005598276958072544, 
        "u_B_cthre_2": 3.4306988440557675e-05, 
        "B_cthre_cll1": -0.0056696649457974495, 
        "u_B_cthre_cll1": 1.2802766283194797e-05, 
        "B_cthre_ctgre": 0.088947774096752044, 
        "u_B_cthre_ctgre": 0.00031061848557375425
    }
}