{
    "30.0": {
        "A_chl3": -0.12124949735525978, 
        "u_A_chl3": 1.7535190597195362e-05, 
        "A_chbox": 0.12124802841148637, 
        "u_A_chbox": 2.4781886352094055e-05, 
        "A_cll1": 0.06062418891926168, 
        "u_A_cll1": 1.2389646127426164e-05, 
        "A_chdd": -0.030311676159849657, 
        "u_A_chdd": 6.184901371122686e-06, 
        "A_chg": 30.974850436023313, 
        "u_A_chg": 0.014435085013261063, 
        "A_ctgre": -0.9392121354053871, 
        "u_A_ctgre": 0.0003915957333876903, 
        "A_cthre": -0.12188057562081922, 
        "u_A_cthre": 2.4881167963071563e-05, 
        "B_chl3_2": 0.0038106415424118316, 
        "u_B_chl3_2": 1.9105419710356823e-05, 
        "B_chl3_cll1": -0.0036695088680077396, 
        "u_B_chl3_cll1": 3.88360106118354e-06, 
        "B_chl3_ctgre": 0.056917601068467834, 
        "u_B_chl3_ctgre": 1.7956719811712245e-05, 
        "B_chl3_cthre": 0.007409806765009401, 
        "u_B_chl3_cthre": 8.023000614513248e-06, 
        "B_chbox_2": 0.0036745329886115727, 
        "u_B_chbox_2": 1.3857317834843288e-05, 
        "B_chbox_chl3": -0.007344041849635426, 
        "u_B_chbox_chl3": 8.744805019733987e-06, 
        "B_chbox_cll1": 0.0036859886944546633, 
        "u_B_chbox_cll1": 4.730948249888091e-06, 
        "B_chbox_chg": 1.7808056087286397, 
        "u_B_chbox_chg": 0.0006598102847242865, 
        "B_chbox_ctgre": -0.05694317434824386, 
        "u_B_chbox_ctgre": 2.416455289429579e-05, 
        "B_chbox_cthre": -0.007388564115353201, 
        "u_B_chbox_cthre": 5.384222905668781e-06, 
        "B_cll1_2": 0.0009011349346837828, 
        "u_B_cll1_2": 1.3080902835086102e-05, 
        "B_chdd_2": 0.00017761396750046223, 
        "u_B_chdd_2": 1.4212743066033995e-05, 
        "B_chdd_chl3": 0.001866075018018016, 
        "u_B_chdd_chl3": 7.15013100206808e-06, 
        "B_chdd_chbox": -0.0018160772934840866, 
        "u_B_chdd_chbox": 4.250164109578343e-06, 
        "B_chdd_cll1": -0.0008952615829074114, 
        "u_B_chdd_cll1": 5.127076756434604e-06, 
        "B_chdd_chg": -0.4452014544589617, 
        "u_B_chdd_chg": 0.00016493237487866946, 
        "B_chdd_ctgre": 0.014213032993517042, 
        "u_B_chdd_ctgre": 6.738419002603576e-06, 
        "B_chdd_cthre": 0.001879858690123189, 
        "u_B_chdd_cthre": 5.6349165707167404e-06, 
        "B_chg_2": 277.8465370714183, 
        "u_B_chg_2": 0.13093127420107117, 
        "B_chg_chl3": -1.780806020005847, 
        "u_B_chg_chl3": 0.0004664922388744253, 
        "B_chg_cll1": 0.8904026656202022, 
        "u_B_chg_cll1": 0.00032985342258954866, 
        "B_chg_ctgre": -13.795596724335862, 
        "u_B_chg_ctgre": 0.009654451677589822, 
        "B_chg_cthre": -1.79009532768072, 
        "u_B_chg_cthre": 0.0006632011544481196, 
        "B_ctgre_2": 0.2206054050278883, 
        "u_B_ctgre_2": 0.00018070611858053836, 
        "B_ctgre_cll1": -0.028484100932480782, 
        "u_B_ctgre_cll1": 1.2406467080415987e-05, 
        "B_cthre_2": 0.0037082884319008694, 
        "u_B_cthre_2": 1.5115281438667319e-05, 
        "B_cthre_cll1": -0.0036717299296169428, 
        "u_B_cthre_cll1": 4.5720547116002825e-06, 
        "B_cthre_ctgre": 0.0572295854888412, 
        "u_B_cthre_ctgre": 2.4140052227948013e-05
    }, 
    "80.0": {
        "A_chl3": -0.12124926672189505, 
        "u_A_chl3": 2.4897260435221964e-05, 
        "A_chbox": 0.1212481604522829, 
        "u_A_chbox": 3.520074208094869e-05, 
        "A_cll1": 0.06062433658632966, 
        "u_A_cll1": 1.7594601366863775e-05, 
        "A_chdd": -0.030311678836218867, 
        "u_A_chdd": 8.775970074925477e-06, 
        "A_chg": 30.919280460492395, 
        "u_A_chg": 0.13799937555702202, 
        "A_ctgre": -0.9437797309354312, 
        "u_A_ctgre": 0.0025878077253185913, 
        "A_cthre": -0.12188065452033446, 
        "u_A_cthre": 3.5316669689189695e-05, 
        "B_chl3_2": 0.0037915969369247543, 
        "u_B_chl3_2": 2.490688975284459e-05, 
        "B_chl3_cll1": -0.003679502184304417, 
        "u_B_chl3_cll1": 5.515914712636143e-06, 
        "B_chl3_ctgre": 0.05721922745269149, 
        "u_B_chl3_ctgre": 0.00011167914127120234, 
        "B_chl3_cthre": 0.007401905447868132, 
        "u_B_chl3_cthre": 1.0636636049672517e-05, 
        "B_chbox_2": 0.0036620832313463796, 
        "u_B_chbox_2": 1.9143337737522874e-05, 
        "B_chbox_chl3": -0.007341585403586791, 
        "u_B_chbox_chl3": 1.2015515760511908e-05, 
        "B_chbox_cll1": 0.0036783327073285623, 
        "u_B_chbox_cll1": 5.768116968774405e-06, 
        "B_chbox_chg": 1.7820158909584183, 
        "u_B_chbox_chg": 0.004695982544300988, 
        "B_chbox_ctgre": -0.0572241280607295, 
        "u_B_chbox_ctgre": 0.0001567404034624033, 
        "B_chbox_cthre": -0.007391349440118895, 
        "u_B_chbox_cthre": 6.857191216947726e-06, 
        "B_cll1_2": 0.0008900489269841426, 
        "u_B_cll1_2": 1.793302997969763e-05, 
        "B_chdd_2": 0.00018112426754402462, 
        "u_B_chdd_2": 1.840572835896439e-05, 
        "B_chdd_chl3": 0.001860196301731839, 
        "u_B_chdd_chl3": 9.418953592584804e-06, 
        "B_chdd_chbox": -0.0018220756784725696, 
        "u_B_chdd_chbox": 5.815465575379594e-06, 
        "B_chdd_cll1": -0.0008975068609777706, 
        "u_B_chdd_cll1": 6.745281983401464e-06, 
        "B_chdd_chg": -0.4455040188167486, 
        "u_B_chdd_chg": 0.001173997344226008, 
        "B_chdd_ctgre": 0.014291994542660485, 
        "u_B_chdd_ctgre": 3.963626569971755e-05, 
        "B_chdd_cthre": 0.0018744351176139828, 
        "u_B_chdd_cthre": 7.723969041190292e-06, 
        "B_chg_2": 281.6131625342733, 
        "u_B_chg_2": 1.4106138216744655, 
        "B_chg_chl3": -1.7820158180029408, 
        "u_B_chg_chl3": 0.003320556017976945, 
        "B_chg_cll1": 0.891007970053686, 
        "u_B_chg_cll1": 0.002347989248632169, 
        "B_chg_ctgre": -13.951284726243626, 
        "u_B_chg_ctgre": 0.05970667959239315, 
        "B_chg_cthre": -1.791311858776719, 
        "u_B_chg_cthre": 0.0047204759007893945, 
        "B_ctgre_2": 0.2241605953230399, 
        "u_B_ctgre_2": 0.001071130777005213, 
        "B_ctgre_cll1": -0.02860872114624776, 
        "u_B_ctgre_cll1": 7.843230071785013e-05, 
        "B_cthre_2": 0.0037173766052709476, 
        "u_B_cthre_2": 2.0209246068668404e-05, 
        "B_cthre_cll1": -0.003670290034757715, 
        "u_B_cthre_cll1": 6.052911976146692e-06, 
        "B_cthre_ctgre": 0.057512583276628934, 
        "u_B_cthre_ctgre": 0.00015790871200335602
    }, 
    "0.0": {
        "A_chl3": -0.12124908511805293, 
        "u_A_chl3": 9.632060142838206e-06, 
        "A_chbox": 0.12124788197213199, 
        "u_A_chbox": 1.361192228751739e-05, 
        "A_cll1": 0.060624364132722, 
        "u_A_cll1": 6.810253144208571e-06, 
        "A_chdd": -0.030311664780016147, 
        "u_A_chdd": 3.3991836589062603e-06, 
        "A_chg": 31.004978203792213, 
        "u_A_chg": 0.0043867665892737065, 
        "A_ctgre": -0.9382325727455236, 
        "u_A_ctgre": 0.0001288160668611683, 
        "A_cthre": -0.12188078713428936, 
        "u_A_cthre": 1.3666707962609033e-05, 
        "B_chl3_2": 0.003769162969522003, 
        "u_B_chl3_2": 1.06787421140637e-05, 
        "B_chl3_cll1": -0.0036682225257157627, 
        "u_B_chl3_cll1": 2.1084408977316573e-06, 
        "B_chl3_ctgre": 0.05686055999605159, 
        "u_B_chl3_ctgre": 6.501084807284212e-06, 
        "B_chl3_cthre": 0.007390260281231578, 
        "u_B_chl3_cthre": 4.294873273370891e-06, 
        "B_chbox_2": 0.0036915146482109137, 
        "u_B_chbox_2": 7.959483888810109e-06, 
        "B_chbox_chl3": -0.007359737173926673, 
        "u_B_chbox_chl3": 5.081727953565319e-06, 
        "B_chbox_cll1": 0.0036812965685916366, 
        "u_B_chbox_cll1": 2.4753603172254632e-06, 
        "B_chbox_chg": 1.7798942218895382, 
        "u_B_chbox_chg": 0.00025152283825209557, 
        "B_chbox_ctgre": -0.05688295992333201, 
        "u_B_chbox_ctgre": 8.087200131084218e-06,