{
    "0.0": {
        "A_chwtil": 0.004761830665915399, 
        "u_A_chwtil": 0.006665546629473814, 
        "A_chbox": 0.12124810820487769, 
        "u_A_chbox": 5.9603885192068e-05, 
        "A_chdd": -0.030312020456535044, 
        "u_A_chdd": 1.4901094080815113e-05, 
        "A_chw": 0.87949314530921, 
        "u_A_chw": 0.006727309544781151, 
        "A_chj3": 2.0228120244133456, 
        "u_A_chj3": 0.028990595534922836, 
        "A_chl3": -0.2417598209798188, 
        "u_A_chl3": 0.0003639643621411184, 
        "A_cll1": 0.18187214362237747, 
        "u_A_cll1": 8.94059029007684e-05, 
        "B_chwtil_2": 0.22717775492499823, 
        "u_B_chwtil_2": 0.01422830123681991, 
        "B_chbox_2": 0.003675262332147697, 
        "u_B_chbox_2": 1.8066905574853515e-06, 
        "B_chdd_2": 0.00022970058770068502, 
        "u_B_chdd_2": 1.1291909261452955e-07, 
        "B_chw_2": 0.35454946611193944, 
        "u_B_chw_2": 0.014450919608782887, 
        "B_chj3_2": 3.1150126362945403, 
        "u_B_chj3_2": 0.433529723270253, 
        "B_chl3_2": 0.01490790798058806, 
        "u_B_chl3_2": 0.0001178481451762869, 
        "B_cll1_2": 0.008269373248232008, 
        "u_B_cll1_2": 4.065129196045679e-06, 
        "B_chwtil_chbox": 0.0002886842975992887, 
        "u_B_chwtil_chbox": 0.0004040924512704212, 
        "B_chwtil_chdd": -7.216963181261672e-05, 
        "u_B_chwtil_chdd": 0.00010102311650830017, 
        "B_chwtil_chw": 0.005472169204696894, 
        "u_B_chwtil_chw": 0.00312282620478453, 
        "B_chwtil_chj3": 0.1330436763307809, 
        "u_B_chwtil_chj3": 0.09182941982675757, 
        "B_chwtil_chl3": -0.00042100025358759617, 
        "u_B_chwtil_chl3": 0.0008370589972322106, 
        "B_chwtil_cll1": 0.00043302304464091324, 
        "u_B_chwtil_cll1": 0.000606138694089834, 
        "B_chbox_chdd": -0.001837635573521234, 
        "u_B_chbox_chdd": 9.03366475062703e-07, 
        "B_chbox_chw": 0.053318439678334155, 
        "u_B_chbox_chw": 0.0004078367737489824, 
        "B_chbox_chj3": 0.12263106737340582, 
        "u_B_chbox_chj3": 0.0017575310793200066, 
        "B_chbox_chl3": -0.014656457062098014, 
        "u_B_chbox_chl3": 2.2064971824903256e-05, 
        "B_chbox_cll1": 0.011025828542954606, 
        "u_B_chbox_cll1": 5.420174732825226e-06, 
        "B_chdd_chw": -0.013329608215956744, 
        "u_B_chdd_chw": 0.00010195921352815531, 
        "B_chdd_chj3": -0.03065774788363389, 
        "u_B_chdd_chj3": 0.0004393742639147248, 
        "B_chdd_chl3": 0.0036641155569835247, 
        "u_B_chdd_chl3": 5.516257893925467e-06, 
        "B_chdd_cll1": -0.002756456613659473, 
        "u_B_chdd_cll1": 1.3550352935748778e-06, 
        "B_chw_chj3": 1.136381073308622, 
        "u_B_chw_chj3": 0.06626841107949717, 
        "B_chw_chl3": -0.103854125889535, 
        "u_B_chw_chl3": 0.0013507413371813882, 
        "B_chw_cll1": 0.07997765676971608, 
        "u_B_chw_cll1": 0.000611755060848606, 
        "B_chj3_chl3": -0.24241288268074096, 
        "u_B_chj3_chl3": 0.003714710789904203, 
        "B_chj3_cll1": 0.18394659941143762, 
        "u_B_chj3_cll1": 0.002636296535419875, 
        "B_chl3_cll1": -0.02198468916526771, 
        "u_B_chl3_cll1": 3.309747416469074e-05
    }, 
    "0.5": {
        "A_chwtil": 0.011548130230042768, 
        "u_A_chwtil": 0.00747600638936391, 
        "A_chbox": 0.1212481068122172, 
        "u_A_chbox": 5.964123048812482e-05, 
        "A_chdd": -0.030312020777900045, 
        "u_A_chdd": 1.4910524699577863e-05, 
        "A_chw": 0.8873270915424216, 
        "u_A_chw": 0.006528351325966027, 
        "A_chj3": 1.9929114147692824, 
        "u_A_chj3": 0.027553523533873917, 
        "A_chl3": -0.24191200553409414, 
        "u_A_chl3": 0.00031052532360063953, 
        "A_cll1": 0.18187214001893628, 
        "u_A_cll1": 8.94632894585425e-05, 
        "B_chwtil_2": 0.2146077083294338, 
        "u_B_chwtil_2": 0.010491121460717954, 
        "B_chbox_2": 0.0036752627637585793, 
        "u_B_chbox_2": 1.8077624973291372e-06, 
        "B_chdd_2": 0.00022970119581732586, 
        "u_B_chdd_2": 1.129876120000983e-07, 
        "B_chw_2": 0.3341208707229645, 
        "u_B_chw_2": 0.010086887281207279, 
        "B_chj3_2": 2.5364734855406716, 
        "u_B_chj3_2": 0.24533506532077726, 
        "B_chl3_2": 0.014800513253021464, 
        "u_B_chl3_2": 2.8872122292179886e-05, 
        "B_cll1_2": 0.008269372998829648, 
        "u_B_cll1_2": 4.067671790894757e-06, 
        "B_chwtil_chbox": 0.0007000964224591895, 
        "u_B_chwtil_chbox": 0.00045322574379955523, 
        "B_chwtil_chdd": -0.0001750229714190758, 
        "u_B_chwtil_chdd": 0.00011330645987150266, 
        "B_chwtil_chw": 0.0024970887158534375, 
        "u_B_chwtil_chw": 0.0030596623941744243, 
        "B_chwtil_chj3": 0.13581094073000866, 
        "u_B_chwtil_chj3": 0.06847743015545733, 
        "B_chwtil_chl3": -0.001331897158982797, 
        "u_B_chwtil_chl3": 0.0009019122964192566, 
        "B_chwtil_cll1": 0.001050141617919929, 
        "u_B_chwtil_cll1": 0.0006798386886244918, 
        "B_chbox_chdd": -0.001837635448689713, 
        "u_B_chbox_chdd": 9.039018655944512e-07, 
        "B_chbox_chw": 0.05379336724765947, 
        "u_B_chbox_chw": 0.0003957749844400405, 
        "B_chbox_chj3": 0.12081835941366291, 
        "u_B_chbox_chj3": 0.0016704057189900353, 
        "B_chbox_chl3": -0.014665682597296758, 
        "u_B_chbox_chl3": 1.882533721290315e-05, 
        "B_chbox_cll1": 0.011025828286066984, 
        "u_B_chbox_cll1": 5.423574775461946e-06, 
        "B_chdd_chw": -0.013448338647343842, 
        "u_B_chdd_chw": 9.894376776161843e-05, 
        "B_chdd_chj3": -0.030204587362157687, 
        "u_B_chdd_chj3": 0.0004176010301123354, 
        "B_chdd_chl3": 0.0036664221642784033, 
        "u_B_chdd_chl3": 4.706329319332243e-06, 
        "B_chdd_cll1": -0.0027564566877283456, 
        "u_B_chdd_cll1": 1.3558933580441876e-06, 
        "B_chw_chj3": 1.031868415251509, 
        "u_B_chw_chj3": 0.046776203285887365, 
        "B_chw_chl3": -0.10583503939621604, 
        "u_B_chw_chl3": 0.0008175410536944212, 
        "B_chw_cll1": 0.0806900421184204, 
        "u_B_chw_cll1": 0.0005936625616342141, 
        "B_chj3_chl3": -0.2399266816025442, 
        "u_B_chj3_chl3": 0.003352432887051799, 
        "B_chj3_cll1": 0.18122754248705933, 
        "u_B_chj3_cll1": 0.002505609914642607, 
        "B_chl3_cll1": -0.02199852813781693, 
        "u_B_chl3_cll1": 2.823798621327315e-05
    }, 
    "0.9": {
        "A_chwtil": 0.004726202495970765, 
        "u_A_chwtil": 0.007051187696046437, 
        "A_chbox": 0.12124810428773822, 
        "u_A_chbox": 8.36452770581727e-05, 
        "A_chdd": -0.030312021663107213, 
        "u_A_chdd": 2.0910901929868764e-05, 
        "A_chw": 0.8862167030829126, 
        "u_A_chw": 0.007258912412453904, 
        "A_chj3": 1.9618486800939507, 
        "u_A_chj3": 0.027774757892041566, 
        "A_chl3": -0.24149622240316226, 
        "u_A_chl3": 0.0003906301404238896, 
        "A_cll1": 0.1818721417355162, 
        "u_A_cll1": 0.00012546702239568989, 
        "B_chwtil_2": 0.22025162914520785, 
        "u_B_chwtil_2": 0.012446284985689279, 
        "B_chbox_2": 0.0036752624771985124, 
        "u_B_chbox_2": 2.535432341816119e-06, 
        "B_chdd_2": 0.00022970066533880805, 
        "u_B_chdd_2": 1.5846092414283722e-07, 
        "B_chw_2": 0.3491320268107472, 
        "u_B_chw_2": 0.01323360900604764, 
        "B_chj3_2": 2.540339521122525, 
        "u_B_chj3_2": 0.24099206057732106, 
        "B_chl3_2": 0.014838253417659503, 
        "u_B_chl3_2": 8.426828962671793e-05, 
        "B_cll1_2": 0.00826937307209829, 
        "u_B_cll1_2": 5.704705441550483e-06, 
        "B_chwtil_chbox": 0.0002865236977476303, 
        "u_B_chwtil_chbox": 0.0004274715163354316, 
        "B_chwtil_chdd": -7.162996511615556e-05, 
        "u_B_chwtil_chdd": 0.0001068678918974529, 
        "B_chwtil_chw": -0.0026394536474262102,