{
    "-3.141593": {
        "A_chwtil": 0.004566589016828677, 
        "u_A_chwtil": 0.05197743493023947, 
        "A_chbox": 0.12124809916924804, 
        "u_A_chbox": 1.5261059469828996e-05, 
        "A_chdd": -0.03031202969497556, 
        "u_A_chdd": 3.825335194051475e-06, 
        "A_chw": 0.7975741642530217, 
        "u_A_chw": 0.03735829926776344, 
        "A_chj3": 2.141489072491339, 
        "u_A_chj3": 0.24013263697663348, 
        "A_chl3": -0.2425560042969558, 
        "u_A_chl3": 0.0011030569580515884, 
        "A_cll1": 0.1818721612829011, 
        "u_A_cll1": 2.211842390069748e-05, 
        "B_chwtil_2": 0.21851918185091485, 
        "u_B_chwtil_2": 0.036952724255657564, 
        "B_chbox_2": 0.0036752783549877264, 
        "u_B_chbox_2": 4.530728109434976e-07, 
        "B_chdd_2": 0.0002297104690638607, 
        "u_B_chdd_2": 2.7947728006757913e-08, 
        "B_chw_2": 0.2840863555811884, 
        "u_B_chw_2": 0.025570120762505723, 
        "B_chj3_2": 4.2714332711374166, 
        "u_B_chj3_2": 2.0661620779070047, 
        "B_chl3_2": 0.014776877766171297, 
        "u_B_chl3_2": 0.00012055184960127009, 
        "B_cll1_2": 0.008269377633336352, 
        "u_B_cll1_2": 1.0329099579068452e-06, 
        "B_chwtil_chbox": 0.0002768455393295428, 
        "u_B_chwtil_chbox": 0.0031510829216683453, 
        "B_chwtil_chdd": -6.921037842450656e-05, 
        "u_B_chwtil_chdd": 0.0007877704613057688, 
        "B_chwtil_chw": 0.03515412797570842, 
        "u_B_chwtil_chw": 0.018078919962637472, 
        "B_chwtil_chj3": -0.7072183233760057, 
        "u_B_chwtil_chj3": 0.4639004896262177, 
        "B_chwtil_chl3": 6.408957902800006e-05, 
        "u_B_chwtil_chl3": 0.00633510889590468, 
        "B_chwtil_cll1": 0.00041526684091895027, 
        "u_B_chwtil_cll1": 0.004726623403713553, 
        "B_chbox_chdd": -0.0018376436443650998, 
        "u_B_chbox_chdd": 2.2807024612610602e-07, 
        "B_chbox_chw": 0.048352163574297106, 
        "u_B_chbox_chw": 0.002264811023094583, 
        "B_chbox_chj3": 0.12982570399170834, 
        "u_B_chbox_chj3": 0.01455778679840078, 
        "B_chbox_chl3": -0.014704731422230772, 
        "u_B_chbox_chl3": 6.687125444824248e-05, 
        "B_chbox_cll1": 0.01102582389778509, 
        "u_B_chbox_cll1": 1.3954400993385014e-06, 
        "B_chdd_chw": -0.012088049691131652, 
        "u_B_chdd_chw": 0.0005662030769747633, 
        "B_chdd_chj3": -0.03245648262369112, 
        "u_B_chdd_chj3": 0.0036394933578615023, 
        "B_chdd_chl3": 0.0036761809898218424, 
        "u_B_chdd_chl3": 1.6718091209650145e-05, 
        "B_chdd_cll1": -0.0027564579709198184, 
        "u_B_chdd_cll1": 3.446668111160984e-07, 
        "B_chw_chj3": 0.6333211674645173, 
        "u_B_chw_chj3": 0.14144800338554836, 
        "B_chw_chl3": -0.09606410302322094, 
        "u_B_chw_chl3": 0.004398930046407765, 
        "B_chw_cll1": 0.07252825925232571, 
        "u_B_chw_cll1": 0.0033972171104166182, 
        "B_chj3_chl3": -0.2594415451121147, 
        "u_B_chj3_chl3": 0.03030130666262125, 
        "B_chj3_cll1": 0.1947385709679234, 
        "u_B_chj3_cll1": 0.021836711847693785, 
        "B_chl3_cll1": -0.022057091549757116, 
        "u_B_chl3_cll1": 0.00010030825757101863
    }, 
    "-1.570796": {
        "A_chwtil": -0.012571609825599572, 
        "u_A_chwtil": 0.08340750836226779, 
        "A_chbox": 0.12124809653006105, 
        "u_A_chbox": 2.7227033497719225e-05, 
        "A_chdd": -0.030312030123004766, 
        "u_A_chdd": 6.71069814664267e-06, 
        "A_chw": 0.8654134682471871, 
        "u_A_chw": 0.06933639418752686, 
        "A_chj3": 2.145774471916981, 
        "u_A_chj3": 0.1489982829222661, 
        "A_chl3": -0.24301534021233223, 
        "u_A_chl3": 0.000944158944587501, 
        "A_cll1": 0.18187212698552832, 
        "u_A_cll1": 4.160689928829551e-05, 
        "B_chwtil_2": 0.22020220388877706, 
        "u_B_chwtil_2": 0.04553639693062667, 
        "B_chbox_2": 0.0036752736789121727, 
        "u_B_chbox_2": 8.029162513613896e-07, 
        "B_chdd_2": 0.00022971084030299263, 
        "u_B_chdd_2": 4.923655825082378e-08, 
        "B_chw_2": 0.3247785160608131, 
        "u_B_chw_2": 0.04628323715902938, 
        "B_chj3_2": 1.557527348915937, 
        "u_B_chj3_2": 0.24785611984707406, 
        "B_chl3_2": 0.014782830476102992, 
        "u_B_chl3_2": 0.00011487990193516388, 
        "B_cll1_2": 0.008269375904717722, 
        "u_B_cll1_2": 1.8221309275298188e-06, 
        "B_chwtil_chbox": -0.0007621345038840452, 
        "u_B_chwtil_chbox": 0.005056502634472617, 
        "B_chwtil_chdd": 0.00019053722107422838, 
        "u_B_chwtil_chdd": 0.0012641245035567633, 
        "B_chwtil_chw": 0.013436152896772104, 
        "u_B_chwtil_chw": 0.026732123163441878, 
        "B_chwtil_chj3": 0.15717797774053266, 
        "u_B_chwtil_chj3": 0.1446246498481762, 
        "B_chwtil_chl3": 0.0016098455948420722, 
        "u_B_chwtil_chl3": 0.010204250032738718, 
        "B_chwtil_cll1": -0.001143206135359598, 
        "u_B_chwtil_cll1": 0.0075847512843305745, 
        "B_chbox_chdd": -0.0018376424737543055, 
        "u_B_chbox_chdd": 4.0925161444898757e-07, 
        "B_chbox_chw": 0.05246487384204001, 
        "u_B_chbox_chw": 0.004203453495805358, 
        "B_chbox_chj3": 0.1300855415346152, 
        "u_B_chbox_chj3": 0.009032879113330465, 
        "B_chbox_chl3": -0.014732574478849111, 
        "u_B_chbox_chl3": 5.723810249336938e-05, 
        "B_chbox_cll1": 0.011025825699604011, 
        "u_B_chbox_cll1": 2.4536873180419746e-06, 
        "B_chdd_chw": -0.013116217480984014, 
        "u_B_chdd_chw": 0.0010508635414284413, 
        "B_chdd_chj3": -0.032521386597942216, 
        "u_B_chdd_chj3": 0.002258221206694198, 
        "B_chdd_chl3": 0.003683143482092925, 
        "u_B_chdd_chl3": 1.4309539148115084e-05, 
        "B_chdd_cll1": -0.0027564568053780373, 
        "u_B_chdd_cll1": 6.022656291795269e-07, 
        "B_chw_chj3": 1.0249097877616853, 
        "u_B_chw_chj3": 0.15364104732465403, 
        "B_chw_chl3": -0.10456326653736794, 
        "u_B_chw_chl3": 0.008426909439224178, 
        "B_chw_cll1": 0.07869730129161041, 
        "u_B_chw_cll1": 0.006305180511954039, 
        "B_chj3_chl3": -0.2606699214906525, 
        "u_B_chj3_chl3": 0.018341886325789914, 
        "B_chj3_cll1": 0.19512831602574063, 
        "u_B_chj3_cll1": 0.013549320022376039, 
        "B_chl3_cll1": -0.022098857913503314, 
        "u_B_chl3_cll1": 8.585919607863071e-05
    }, 
    "0.0": {
        "A_chwtil": 0.07287285922090744, 
        "u_A_chwtil": 0.07252487946106495, 
        "A_chbox": 0.12124809001055012, 
        "u_A_chbox": 2.5709429789798895e-05, 
        "A_chdd": -0.03031203054921825, 
        "u_A_chdd": 6.461946410338204e-06, 
        "A_chw": 1.0565748183088124, 
        "u_A_chw": 0.08202083638698154, 
        "A_chj3": 2.825626689318203, 
        "u_A_chj3": 0.32122540066135036, 
        "A_chl3": -0.24278514341600974, 
        "u_A_chl3": 0.0016001181584730422, 
        "A_cll1": 0.18187214427295345, 
        "u_A_cll1": 3.826710879626947e-05, 
        "B_chwtil_2": 0.2701327525314218, 
        "u_B_chwtil_2": 0.06313426066327675, 
        "B_chbox_2": 0.0036752860969963513, 
        "u_B_chbox_2": 7.808750268361987e-07, 
        "B_chdd_2": 0.00022971286206805827, 
        "u_B_chdd_2": 4.745556136246486e-08, 
        "B_chw_2": 0.4479017644258788, 
        "u_B_chw_2": 0.08077776333813232, 
        "B_chj3_2": 4.134066468268747, 
        "u_B_chj3_2": 1.3437796704513898, 
        "B_chl3_2": 0.014791922806955089, 
        "u_B_chl3_2": 0.00020490624230954125, 
        "B_cll1_2": 0.00826937642521411, 
        "u_B_cll1_2": 1.7831114154817717e-06, 
        "B_chwtil_chbox": 0.004417844276277933, 
        "u_B_chwtil_chbox": 0.00439675286456249, 
        "B_chwtil_chdd": -0.0011044672606641158, 
        "u_B_chwtil_chdd": 0.0010991884284664328, 
        "B_chwtil_chw": 0.037804492672620524, 
        "u_B_chwtil_chw": 0.03744914651107489,