{
    "450.0": {
        "A_chwtil": -0.08656905997163356, 
        "u_A_chwtil": 0.33047328057378456, 
        "A_chbox": 0.1212480746244266, 
        "u_A_chbox": 1.2618926629677093e-05, 
        "A_chdd": -0.0303120213627145, 
        "u_A_chdd": 2.8471472488075452e-06, 
        "A_chw": 0.49663187312240364, 
        "u_A_chw": 0.3319366031754594, 
        "A_chj3": 17.106674091994716, 
        "u_A_chj3": 0.8330981579786857, 
        "A_chl3": -0.24395240051156097, 
        "u_A_chl3": 0.0018296253475228266, 
        "A_cll1": 0.181872163061455, 
        "u_A_cll1": 1.708677562334126e-05, 
        "B_chwtil_2": 2.58786187422249, 
        "u_B_chwtil_2": 0.4091867086098832, 
        "B_chbox_2": 0.003675291623463692, 
        "u_B_chbox_2": 3.415448859627341e-07, 
        "B_chdd_2": 0.00022970006514504382, 
        "u_B_chdd_2": 1.9174352075415836e-08, 
        "B_chw_2": 2.6085641764090015, 
        "u_B_chw_2": 0.38371259997779866, 
        "B_chj3_2": 84.43852051521544, 
        "u_B_chj3_2": 7.270918638368701, 
        "B_chl3_2": 0.014935015247525005, 
        "u_B_chl3_2": 0.0002457683978444785, 
        "B_cll1_2": 0.008269356441428979, 
        "u_B_cll1_2": 7.197398359193467e-07, 
        "B_chwtil_chbox": -0.005248176994350467, 
        "u_B_chwtil_chbox": 0.020034625493474588, 
        "B_chwtil_chdd": 0.0013120476468841502, 
        "u_B_chwtil_chdd": 0.005008658526506878, 
        "B_chwtil_chw": 0.05317277294441104, 
        "u_B_chwtil_chw": 0.1895210988434935, 
        "B_chwtil_chj3": -2.459734366287167, 
        "u_B_chwtil_chj3": 3.378563313457956, 
        "B_chwtil_chl3": 0.015120196545442114, 
        "u_B_chwtil_chl3": 0.03925139566682265, 
        "B_chwtil_cll1": -0.007872249552612757, 
        "u_B_chwtil_cll1": 0.03005194311963349, 
        "B_chbox_chdd": -0.0018376299931125854, 
        "u_B_chbox_chdd": 2.0442695765783936e-07, 
        "B_chbox_chw": 0.03010785351140568, 
        "u_B_chbox_chw": 0.020123348361863913, 
        "B_chbox_chj3": 1.0370761369392008, 
        "u_B_chbox_chj3": 0.050505837343568574, 
        "B_chbox_chl3": -0.014789376287480732, 
        "u_B_chbox_chl3": 0.00011092082810975414, 
        "B_chbox_cll1": 0.011025829639966423, 
        "u_B_chbox_cll1": 9.411591492332289e-07, 
        "B_chdd_chw": -0.007526952912301036, 
        "u_B_chdd_chw": 0.005030830365137786, 
        "B_chdd_chj3": -0.2592684447957555, 
        "u_B_chdd_chj3": 0.012626317484102834, 
        "B_chdd_chl3": 0.003697348733250383, 
        "u_B_chdd_chl3": 2.7730030120649742e-05, 
        "B_chdd_cll1": -0.0027564541921355963, 
        "u_B_chdd_cll1": 2.5336278160642833e-07, 
        "B_chw_chj3": 2.953954645793146, 
        "u_B_chw_chj3": 3.123439191533952, 
        "B_chw_chl3": -0.06362481615366124, 
        "u_B_chw_chl3": 0.0412311722745536, 
        "B_chw_cll1": 0.045161794702350426, 
        "u_B_chw_cll1": 0.03018502194086639, 
        "B_chj3_chl3": -2.080778470943392, 
        "u_B_chj3_chl3": 0.10100832726550261, 
        "B_chj3_cll1": 1.5556139648214358, 
        "u_B_chj3_cll1": 0.07575871741282099, 
        "B_chl3_cll1": -0.022184071348107848, 
        "u_B_chl3_cll1": 0.0001663773544855141
    }, 
    "500.0": {
        "A_chwtil": 0.3960402472597314, 
        "u_A_chwtil": 0.47208428373304884, 
        "A_chbox": 0.12124809905544089, 
        "u_A_chbox": 1.3801408456001583e-05, 
        "A_chdd": -0.03031202141299726, 
        "u_A_chdd": 4.095524571218921e-06, 
        "A_chw": 0.9935682642717498, 
        "u_A_chw": 0.42974792478629026, 
        "A_chj3": 22.470474876257104, 
        "u_A_chj3": 0.9655827516041197, 
        "A_chl3": -0.24290167710244534, 
        "u_A_chl3": 0.0023682744429964833, 
        "A_cll1": 0.18187216310356755, 
        "u_A_cll1": 2.6374475391350775e-05, 
        "B_chwtil_2": 2.669073710675054, 
        "u_B_chwtil_2": 0.3229037415728178, 
        "B_chbox_2": 0.0036752849149421416, 
        "u_B_chbox_2": 5.139871256597596e-07, 
        "B_chdd_2": 0.000229697813816582, 
        "u_B_chdd_2": 3.041971398499887e-08, 
        "B_chw_2": 2.315052648312099, 
        "u_B_chw_2": 0.43542988007227224, 
        "B_chj3_2": 134.39056112836334, 
        "u_B_chj3_2": 10.561945626668225, 
        "B_chl3_2": 0.014802212632896342, 
        "u_B_chl3_2": 0.00031437442611963553, 
        "B_cll1_2": 0.008269357131132315, 
        "u_B_cll1_2": 1.026291812593313e-06, 
        "B_chwtil_chbox": 0.024009566780777696, 
        "u_B_chwtil_chbox": 0.028619661142874238, 
        "B_chwtil_chdd": -0.006002373237524268, 
        "u_B_chwtil_chdd": 0.007154915662743746, 
        "B_chwtil_chw": 0.09939094044605074, 
        "u_B_chwtil_chw": 0.3370303669892528, 
        "B_chwtil_chj3": 3.144810257161307, 
        "u_B_chwtil_chj3": 5.682930384227873, 
        "B_chwtil_chl3": -0.04875642662007746, 
        "u_B_chwtil_chl3": 0.05649427154026498, 
        "B_chwtil_cll1": 0.036014352460922903, 
        "u_B_chwtil_cll1": 0.04292949187738771, 
        "B_chbox_chdd": -0.0018376287859501804, 
        "u_B_chbox_chdd": 2.9372425093710873e-07, 
        "B_chbox_chw": 0.060234137528530365, 
        "u_B_chbox_chw": 0.026053057296077865, 
        "B_chbox_chj3": 1.3622517423817238, 
        "u_B_chbox_chj3": 0.05853764177936261, 
        "B_chbox_chl3": -0.014725682050284926, 
        "u_B_chbox_chl3": 0.00014357068218279488, 
        "B_chbox_cll1": 0.011025831288785683, 
        "u_B_chbox_cll1": 1.2242810940841524e-06, 
        "B_chdd_chw": -0.015058510088376111, 
        "u_B_chdd_chw": 0.006513261178449166, 
        "B_chdd_chj3": -0.3405622654228383, 
        "u_B_chdd_chj3": 0.01463418629098382, 
        "B_chdd_chl3": 0.003681423695891047, 
        "u_B_chdd_chl3": 3.589263981034953e-05, 
        "B_chdd_cll1": -0.0027564515951760803, 
        "u_B_chdd_cll1": 3.541267867456543e-07, 
        "B_chw_chj3": 13.045925944856235, 
        "u_B_chw_chj3": 5.961116326445382, 
        "B_chw_chl3": -0.12132476233222565, 
        "u_B_chw_chl3": 0.052097151020790225, 
        "B_chw_cll1": 0.09035118451218628, 
        "u_B_chw_cll1": 0.03907958850021786, 
        "B_chj3_chl3": -2.726536989461402, 
        "u_B_chj3_chl3": 0.11828564909377744, 
        "B_chj3_cll1": 2.0433764519400914, 
        "u_B_chj3_cll1": 0.08780617473401546, 
        "B_chl3_cll1": -0.02208852229355937, 
        "u_B_chl3_cll1": 0.00021535802487161602
    }, 
    "550.0": {
        "A_chwtil": 0.9357350603750773, 
        "u_A_chwtil": 0.8097167400943945, 
        "A_chbox": 0.12124809117899717, 
        "u_A_chbox": 2.1064071005033816e-05, 
        "A_chdd": -0.030312015757981477, 
        "u_A_chdd": 6.314569633736271e-06, 
        "A_chw": 0.7490220057712443, 
        "u_A_chw": 0.48387560244207317, 
        "A_chj3": 25.136044568698125, 
        "u_A_chj3": 2.2634804104777007, 
        "A_chl3": -0.24412542553876035, 
        "u_A_chl3": 0.0023703146331215475, 
        "A_cll1": 0.18187213051359102, 
        "u_A_cll1": 4.090381795588957e-05, 
        "B_chwtil_2": 4.855589652604938, 
        "u_B_chwtil_2": 1.5444969833480855, 
        "B_chbox_2": 0.0036752840645434244, 
        "u_B_chbox_2": 7.495576389867122e-07, 
        "B_chdd_2": 0.00022969751358936695, 
        "u_B_chdd_2": 4.306175037495355e-08, 
        "B_chw_2": 3.964049184505069, 
        "u_B_chw_2": 1.3329078213531536, 
        "B_chj3_2": 189.9458880373618, 
        "u_B_chj3_2": 26.87045692251713, 
        "B_chl3_2": 0.014936974563569887, 
        "u_B_chl3_2": 0.00029242208767628575, 
        "B_cll1_2": 0.008269362155308817, 
        "u_B_cll1_2": 1.6375052895816268e-06, 
        "B_chwtil_chbox": 0.05672807497566646, 
        "u_B_chwtil_chbox": 0.04908834704266517, 
        "B_chwtil_chdd": -0.014181949861778339, 
        "u_B_chwtil_chdd": 0.01227203615902595, 
        "B_chwtil_chw": -0.21259908726866533, 
        "u_B_chwtil_chw": 0.47221610973624634, 
        "B_chwtil_chj3": 6.967856591922901,