{
    "450.0": {
        "A_chwtil": -0.4457674869747418, 
        "u_A_chwtil": 0.34287635583924697, 
        "A_chbox": 0.12124810935703716, 
        "u_A_chbox": 3.533712150019392e-05, 
        "A_chdd": -0.030312018307209674, 
        "u_A_chdd": 8.912169061138226e-06, 
        "A_chw": 1.6135042369535626, 
        "u_A_chw": 0.2766603582432681, 
        "A_chj3": 18.08690325901787, 
        "u_A_chj3": 0.9658170672105142, 
        "A_chl3": -0.24124543111200547, 
        "u_A_chl3": 0.0019078738308782393, 
        "A_cll1": 0.18187214420910539, 
        "u_A_cll1": 5.391188141941509e-05, 
        "B_chwtil_2": 2.761988531699671, 
        "u_B_chwtil_2": 0.5203290368285456, 
        "B_chbox_2": 0.0036752687554651615, 
        "u_B_chbox_2": 1.0767954241965618e-06, 
        "B_chdd_2": 0.0002296989734474954, 
        "u_B_chdd_2": 6.587183939163407e-08, 
        "B_chw_2": 3.007277301540565, 
        "u_B_chw_2": 0.4713811181377261, 
        "B_chj3_2": 97.67235710464814, 
        "u_B_chj3_2": 8.904239111440475, 
        "B_chl3_2": 0.014614194782085959, 
        "u_B_chl3_2": 0.00020949372166281232, 
        "B_cll1_2": 0.00826937012036911, 
        "u_B_cll1_2": 2.4077429437810197e-06, 
        "B_chwtil_chbox": -0.027024230501242683, 
        "u_B_chwtil_chbox": 0.020786552716448744, 
        "B_chwtil_chdd": 0.0067560549083526605, 
        "u_B_chwtil_chdd": 0.005196638533005824, 
        "B_chwtil_chw": -0.16438120564591746, 
        "u_B_chwtil_chw": 0.2213344608953732, 
        "B_chwtil_chj3": -6.6701464436843665, 
        "u_B_chwtil_chj3": 4.252396128722017, 
        "B_chwtil_chl3": 0.052262028653092076, 
        "u_B_chwtil_chl3": 0.04085847644900528, 
        "B_chwtil_cll1": -0.04053634413637548, 
        "u_B_chwtil_cll1": 0.031179833390945422, 
        "B_chbox_chdd": -0.0018376376821409735, 
        "u_B_chbox_chdd": 5.382893143487993e-07, 
        "B_chbox_chw": 0.0978171965648275, 
        "u_B_chbox_chw": 0.016772270048232632, 
        "B_chbox_chj3": 1.0965013772803553, 
        "u_B_chbox_chj3": 0.05855183888332488, 
        "B_chbox_chl3": -0.014625274536858088, 
        "u_B_chbox_chl3": 0.0001156637890668264, 
        "B_chbox_cll1": 0.011025827267746601, 
        "u_B_chbox_cll1": 3.2168048527085372e-06, 
        "B_chdd_chw": -0.02445428367290404, 
        "u_B_chdd_chw": 0.004193069474782084, 
        "B_chdd_chj3": -0.27412529695690185, 
        "u_B_chdd_chj3": 0.014637861461814316, 
        "B_chdd_chl3": 0.003656317532745057, 
        "u_B_chdd_chl3": 2.891646634098857e-05, 
        "B_chdd_cll1": -0.002756456706789703, 
        "u_B_chdd_cll1": 8.060967705179758e-07, 
        "B_chw_chj3": 16.013598269108, 
        "u_B_chw_chj3": 3.5372491281347274, 
        "B_chw_chl3": -0.1972905750112954, 
        "u_B_chw_chl3": 0.03309004424229145, 
        "B_chw_cll1": 0.1467257349787043, 
        "u_B_chw_cll1": 0.025158408689259178, 
        "B_chj3_chl3": -2.174318141790114, 
        "u_B_chj3_chl3": 0.1163811477431143, 
        "B_chj3_cll1": 1.6447520549058388, 
        "u_B_chj3_cll1": 0.08782771721563362, 
        "B_chl3_cll1": -0.021937914595676435, 
        "u_B_chl3_cll1": 0.00017349341630910567
    }, 
    "600.0": {
        "A_chwtil": 0.9621539212043957, 
        "u_A_chwtil": 0.6914443581883766, 
        "A_chbox": 0.12124810398503148, 
        "u_A_chbox": 0.005224408144645271, 
        "A_chdd": -0.030312014380464762, 
        "u_A_chdd": 0.0013061011738521948, 
        "A_chw": 1.325875452092367, 
        "u_A_chw": 0.7958658986753412, 
        "A_chj3": 45.10473297344509, 
        "u_A_chj3": 4.499770163492776, 
        "A_chl3": -0.2356917279371346, 
        "u_A_chl3": 0.011889431836728187, 
        "A_cll1": 0.18187214403607768, 
        "u_A_cll1": 0.0078366182914359, 
        "B_chwtil_2": 10.366333348480184, 
        "u_B_chwtil_2": 4.206262307417517, 
        "B_chbox_2": 0.0036752716758683772, 
        "u_B_chbox_2": 0.00015836386388091782, 
        "B_chdd_2": 0.00022969525224258143, 
        "u_B_chdd_2": 9.895964252399712e-06, 
        "B_chw_2": 10.269289799923044, 
        "u_B_chw_2": 4.320887151462762, 
        "B_chj3_2": 710.2060737444932, 
        "u_B_chj3_2": 136.31326227419547, 
        "B_chl3_2": 0.014275991013926929, 
        "u_B_chl3_2": 0.0007523926910451345, 
        "B_cll1_2": 0.008269368869820829, 
        "u_B_cll1_2": 0.00035631556654784424, 
        "B_chwtil_chbox": 0.058329691963127636, 
        "u_B_chwtil_chbox": 0.04191816706314057, 
        "B_chwtil_chdd": -0.01458239131874792, 
        "u_B_chwtil_chdd": 0.010479533250760904, 
        "B_chwtil_chw": 0.05264146511288044, 
        "u_B_chwtil_chw": 0.7509409995107227, 
        "B_chwtil_chj3": 16.97921884025886, 
        "u_B_chwtil_chj3": 25.308676049837505, 
        "B_chwtil_chl3": -0.08814327363867255, 
        "u_B_chwtil_chl3": 0.07731257121017662, 
        "B_chwtil_cll1": 0.08749449164435727, 
        "u_B_chwtil_cll1": 0.06287723214578338, 
        "B_chbox_chdd": -0.0018376374663163992, 
        "u_B_chbox_chdd": 7.918141103754326e-05, 
        "B_chbox_chw": 0.08037989544696278, 
        "u_B_chbox_chw": 0.04824862815956438, 
        "B_chbox_chj3": 2.7344305171471164, 
        "u_B_chbox_chj3": 0.27279392722754064, 
        "B_chbox_chl3": -0.014288584813383133, 
        "u_B_chbox_chl3": 0.0007207858767381996, 
        "B_chbox_cll1": 0.011025829140250949, 
        "u_B_chbox_cll1": 0.0004750871346928238, 
        "B_chdd_chw": -0.020095019185045554, 
        "u_B_chdd_chw": 0.012062161076664815, 
        "B_chdd_chj3": -0.6836064112568856, 
        "u_B_chdd_chj3": 0.06819782643337877, 
        "B_chdd_chl3": 0.0035721456876914174, 
        "u_B_chdd_chl3": 0.00018019617909919317, 
        "B_chdd_cll1": -0.0027564532141072123, 
        "u_B_chdd_cll1": 0.00011877148917540804, 
        "B_chw_chj3": 19.00982187823948, 
        "u_B_chw_chj3": 25.641366019197914, 
        "B_chw_chl3": -0.17145640826576453, 
        "u_B_chw_chl3": 0.08299393092957807, 
        "B_chw_cll1": 0.12056988843946966, 
        "u_B_chw_cll1": 0.07237293398126407, 
        "B_chj3_chl3": -5.339594821465794, 
        "u_B_chj3_chl3": 0.558659209678091, 
        "B_chj3_cll1": 4.10165604538448, 
        "u_B_chj3_cll1": 0.40919492599736224, 
        "B_chl3_cll1": -0.021432881725265484, 
        "u_B_chl3_cll1": 0.0010811784721819974
    }
}