{
    "0.0": {
        "A_chwtil": 0.013194043359725108, 
        "u_A_chwtil": 0.0058974799146275046, 
        "A_chbox": 0.12124809824940815, 
        "u_A_chbox": 3.1761974279864116e-06, 
        "A_chdd": -0.030312032497432886, 
        "u_A_chdd": 7.968072415672999e-07, 
        "A_chw": 0.881263069406417, 
        "u_A_chw": 0.006130754425313295, 
        "A_chj3": 1.6956713928426874, 
        "u_A_chj3": 0.01585693951345734, 
        "A_chl3": -0.24119535473744705, 
        "u_A_chl3": 0.0003207317041544498, 
        "A_cll1": 0.18187213995281357, 
        "u_A_cll1": 4.795667781241599e-06, 
        "B_chwtil_2": 0.17242443402522023, 
        "u_B_chwtil_2": 0.006202846961043899, 
        "B_chbox_2": 0.0036752740448677333, 
        "u_B_chbox_2": 9.475406806202993e-08, 
        "B_chdd_2": 0.0002297139926268142, 
        "u_B_chdd_2": 5.991263295121562e-09, 
        "B_chw_2": 0.301466254515903, 
        "u_B_chw_2": 0.006838847569390854, 
        "B_chj3_2": 1.234370947721187, 
        "u_B_chj3_2": 0.05894577908814697, 
        "B_chl3_2": 0.014757122988124474, 
        "u_B_chl3_2": 3.175415352109274e-05, 
        "B_cll1_2": 0.008269374621663623, 
        "u_B_cll1_2": 2.1687695680283523e-07, 
        "B_chwtil_chbox": 0.0007998764787636856, 
        "u_B_chwtil_chbox": 0.00035752909434842435, 
        "B_chwtil_chdd": -0.00019996925413060066, 
        "u_B_chwtil_chdd": 8.938227628495372e-05, 
        "B_chwtil_chw": 0.0022921107839130317, 
        "u_B_chwtil_chw": 0.002097448711137697, 
        "B_chwtil_chj3": 0.011441056010150694, 
        "u_B_chwtil_chj3": 0.020100140246688162, 
        "B_chwtil_chl3": -0.0016027958155612736, 
        "u_B_chwtil_chl3": 0.0007100434914038219, 
        "B_chwtil_cll1": 0.0011998149721822895, 
        "u_B_chwtil_cll1": 0.000536293646922382, 
        "B_chbox_chdd": -0.001837639431501579, 
        "u_B_chbox_chdd": 4.79797701464584e-08, 
        "B_chbox_chw": 0.05342573367729038, 
        "u_B_chbox_chw": 0.00037167114674800276, 
        "B_chbox_chj3": 0.10279846896097218, 
        "u_B_chbox_chj3": 0.0009613123776970443, 
        "B_chbox_chl3": -0.014622239058548214, 
        "u_B_chbox_chl3": 1.944405218790436e-05, 
        "B_chbox_cll1": 0.011025826244860907, 
        "u_B_chbox_cll1": 2.8792920387752855e-07, 
        "B_chdd_chw": -0.013356433704757155, 
        "u_B_chdd_chw": 9.291781412539116e-05, 
        "B_chdd_chj3": -0.025699612387855467, 
        "u_B_chdd_chj3": 0.0002403274105393257, 
        "B_chdd_chl3": 0.0036555591937679275, 
        "u_B_chdd_chl3": 4.861031383550111e-06, 
        "B_chdd_cll1": -0.002756454146438823, 
        "u_B_chdd_cll1": 7.230355193635109e-08, 
        "B_chw_chj3": 0.8678869321537684, 
        "u_B_chw_chj3": 0.026162846940125047, 
        "B_chw_chl3": -0.10415563723728617, 
        "u_B_chw_chl3": 0.0008321569330435318, 
        "B_chw_cll1": 0.08013860565375766, 
        "u_B_chw_cll1": 0.0005575067031148256, 
        "B_chj3_chl3": -0.2027686707343223, 
        "u_B_chj3_chl3": 0.002003915822358246, 
        "B_chj3_cll1": 0.15419770287058912, 
        "u_B_chj3_cll1": 0.0014419683705869618, 
        "B_chl3_cll1": -0.021933358131127016, 
        "u_B_chl3_cll1": 2.9166102850990655e-05
    }, 
    "30.0": {
        "A_chwtil": 0.011451663905719087, 
        "u_A_chwtil": 0.012945308439341312, 
        "A_chbox": 0.12124810042988521, 
        "u_A_chbox": 5.030241963461205e-06, 
        "A_chdd": -0.030312032322883934, 
        "u_A_chdd": 1.2761416404041535e-06, 
        "A_chw": 0.8544938717245745, 
        "u_A_chw": 0.01318227227801648, 
        "A_chj3": 2.0474156932398584, 
        "u_A_chj3": 0.04439869800953727, 
        "A_chl3": -0.24157984044978947, 
        "u_A_chl3": 0.00040741340715650233, 
        "A_cll1": 0.1818721416255621, 
        "u_A_cll1": 7.588102575708228e-06, 
        "B_chwtil_2": 0.2622466942962854, 
        "u_B_chwtil_2": 0.03160058194454193, 
        "B_chbox_2": 0.003675273240911713, 
        "u_B_chbox_2": 1.5384628522849266e-07, 
        "B_chdd_2": 0.0002297141575204547, 
        "u_B_chdd_2": 9.611169386457995e-09, 
        "B_chw_2": 0.38171778290452885, 
        "u_B_chw_2": 0.03188907344536951, 
        "B_chj3_2": 2.581801659069889, 
        "u_B_chj3_2": 0.40655748769775046, 
        "B_chl3_2": 0.01472189740338645, 
        "u_B_chl3_2": 3.5533392287703135e-05, 
        "B_cll1_2": 0.008269374863564813, 
        "u_B_cll1_2": 3.490721866054405e-07, 
        "B_chwtil_chbox": 0.0006942446802341075, 
        "u_B_chwtil_chbox": 0.0007847971478677639, 
        "B_chwtil_chdd": -0.00017356254835265957, 
        "u_B_chwtil_chdd": 0.00019619929976245537, 
        "B_chwtil_chw": 0.0006899016091302149, 
        "u_B_chwtil_chw": 0.005405629334995031, 
        "B_chwtil_chj3": -0.05616794636519231, 
        "u_B_chwtil_chj3": 0.08868514522127366, 
        "B_chwtil_chl3": -0.0016106841179237728, 
        "u_B_chwtil_chl3": 0.001574693422725878, 
        "B_chwtil_cll1": 0.0010413684559176318, 
        "u_B_chwtil_cll1": 0.0011771955457583257, 
        "B_chbox_chdd": -0.001837639596813565, 
        "u_B_chbox_chdd": 7.694380939259605e-08, 
        "B_chbox_chw": 0.05180287667077013, 
        "u_B_chbox_chw": 0.0007991628177588618, 
        "B_chbox_chj3": 0.12412263363402662, 
        "u_B_chbox_chj3": 0.0026916295118996634, 
        "B_chbox_chl3": -0.01464554781532187, 
        "u_B_chbox_chl3": 2.4699034418207415e-05, 
        "B_chbox_cll1": 0.01102582603622119, 
        "u_B_chbox_cll1": 4.593163636913085e-07, 
        "B_chdd_chw": -0.012950720746064043, 
        "u_B_chdd_chw": 0.00019979083812459334, 
        "B_chdd_chj3": -0.03103065735625898, 
        "u_B_chdd_chj3": 0.0006729062325174737, 
        "B_chdd_chl3": 0.003661386547963507, 
        "u_B_chdd_chl3": 6.174769103154254e-06, 
        "B_chdd_cll1": -0.0027564542392067423, 
        "u_B_chdd_cll1": 1.159293349952988e-07, 
        "B_chw_chj3": 0.8834614399780939, 
        "u_B_chw_chj3": 0.08695089861431561, 
        "B_chw_chl3": -0.10180520003363584, 
        "u_B_chw_chl3": 0.0016249697767198802, 
        "B_chw_cll1": 0.07770431936546698, 
        "u_B_chw_cll1": 0.001198744042586347, 
        "B_chj3_chl3": -0.2461736110653884, 
        "u_B_chj3_chl3": 0.0054339221480687, 
        "B_chj3_cll1": 0.1861839339157193, 
        "u_B_chj3_cll1": 0.0040374407880996695, 
        "B_chl3_cll1": -0.0219683221739461, 
        "u_B_chl3_cll1": 3.7048426111346486e-05
    }, 
    "45.0": {
        "A_chwtil": 0.0018858196091550668, 
        "u_A_chwtil": 0.01530467383471543, 
        "A_chbox": 0.12124808979904514, 
        "u_A_chbox": 4.931477712847935e-06, 
        "A_chdd": -0.030312031365518365, 
        "u_A_chdd": 1.246795840197752e-06, 
        "A_chw": 0.9037714055104326, 
        "u_A_chw": 0.013738634851736691, 
        "A_chj3": 2.472649448364853, 
        "u_A_chj3": 0.057563419135989384, 
        "A_chl3": -0.24100392920290659, 
        "u_A_chl3": 0.00043322772026969827, 
        "A_cll1": 0.18187212031831437, 
        "u_A_cll1": 7.458063135341706e-06, 
        "B_chwtil_2": 0.33768120772960475, 
        "u_B_chwtil_2": 0.02559457743065604, 
        "B_chbox_2": 0.003675272912762307, 
        "u_B_chbox_2": 1.4960196975819442e-07, 
        "B_chdd_2": 0.0002297147544448069, 
        "u_B_chdd_2": 9.352229411028032e-09, 
        "B_chw_2": 0.4501064167509014, 
        "u_B_chw_2": 0.02601015325024287, 
        "B_chj3_2": 4.225414411579302, 
        "u_B_chj3_2": 0.6936320849204239, 
        "B_chl3_2": 0.014675971476709942, 
        "u_B_chl3_2": 3.5828130233336746e-05, 
        "B_cll1_2": 0.008269373379309495, 
        "u_B_cll1_2": 3.4172997836517825e-07, 
        "B_chwtil_chbox": 0.00011432519424414818, 
        "u_B_chwtil_chbox": 0.0009278312712613417, 
        "B_chwtil_chdd": -2.8582564598542694e-05, 
        "u_B_chwtil_chdd": 0.00023195787928128483, 
        "B_chwtil_chw": -0.00908461065032625,